Data,TPF,Trend,Lower_Band,Upper_Band
2021-07-05,8.14,1.0,,
2021-07-06,8.138976792869551,1.0,,
2021-07-07,8.137373572871475,-1.0,,
2021-07-08,8.134803885057055,-1.0,,
2021-07-12,8.131584487106712,-1.0,,
2021-07-13,8.127962913115054,-1.0,,
2021-07-14,8.123815435493599,-1.0,,
2021-07-15,8.118694603048892,-1.0,,
2021-07-16,8.112398851635412,-1.0,,
2021-07-19,8.104693848473335,-1.0,,
2021-07-20,8.096092537632495,-1.0,,
2021-07-21,8.087076498860661,-1.0,,
2021-07-22,8.077664350135189,-1.0,,
2021-07-23,8.067780554098572,-1.0,,
2021-07-26,8.058166793090907,-1.0,,
2021-07-27,8.048539521803791,-1.0,,
2021-07-28,8.039426407206566,-1.0,,
2021-07-29,8.030883420772902,-1.0,,
2021-07-30,8.022058475185549,-1.0,,
2021-08-02,8.012580657452187,-1.0,,
2021-08-03,8.002934352244868,-1.0,,
2021-08-04,7.992674768557853,-1.0,,
2021-08-05,7.983740981187587,-1.0,,
2021-08-06,7.976023305588477,-1.0,,
2021-08-09,7.969205173749791,-1.0,,
2021-08-10,7.9632864927288045,-1.0,,
2021-08-11,7.958512442738923,-1.0,,
2021-08-12,7.955124520527435,-1.0,,
2021-08-13,7.953174220765915,-1.0,,
2021-08-16,7.951864870716233,-1.0,,
2021-08-17,7.951119122301764,-1.0,,
2021-08-18,7.950650660073375,-1.0,,
2021-08-19,7.950270686683757,-1.0,,
2021-08-20,7.949938134925991,-1.0,,
2021-08-23,7.950051094430959,-1.0,,
2021-08-24,7.951048730396433,1.0,,
2021-08-25,7.952970616962875,1.0,,
2021-08-26,7.955476360828874,1.0,,
2021-08-27,7.959414224416413,1.0,,
2021-08-30,7.964404064767622,1.0,,
2021-08-31,7.969273590133568,1.0,,
2021-09-01,7.973867951913617,1.0,,
2021-09-02,7.977804772002227,1.0,,
2021-09-03,7.980907308825897,1.0,,
2021-09-06,7.9833959311176494,1.0,,
2021-09-08,7.983945614244851,1.0,,
2021-09-09,7.983297021538723,-1.0,,
2021-09-10,7.981449327283084,-1.0,,
2021-09-13,7.9793977294582845,-1.0,,
2021-09-14,7.9768644246046385,-1.0,,
2021-09-15,7.974321531410718,-1.0,,
2021-09-16,7.971561108332729,-1.0,,
2021-09-17,7.967534123493724,-1.0,,
2021-09-20,7.962165880570977,-1.0,,
2021-09-21,7.956170486180951,-1.0,,
2021-09-22,7.950235304416346,-1.0,,
2021-09-23,7.9452702724032696,-1.0,,
2021-09-24,7.941229577387983,-1.0,,
2021-09-27,7.938225390714646,-1.0,,
2021-09-28,7.935980347547762,-1.0,,
2021-09-29,7.934808070690941,-1.0,,
2021-09-30,7.934420910065204,-1.0,,
2021-10-01,7.935433491808318,1.0,,
2021-10-04,7.9384090437636905,1.0,,
2021-10-05,7.943647133350155,1.0,,
2021-10-06,7.950131006895728,1.0,,
2021-10-07,7.957651325352435,1.0,,
2021-10-08,7.966518224903017,1.0,,
2021-10-11,7.976719219180451,1.0,,
2021-10-13,7.988363296303658,1.0,,
2021-10-14,8.001262070711494,1.0,,
2021-10-15,8.01515417476676,1.0,,
2021-10-18,8.02971533871141,1.0,,
2021-10-19,8.04348216570537,1.0,,
2021-10-20,8.05688493506693,1.0,,
2021-10-21,8.069060153500308,1.0,,
2021-10-22,8.079846926588083,1.0,,
2021-10-25,8.091124508365125,1.0,,
2021-10-26,8.102547542765185,1.0,,
2021-10-27,8.114000124525415,1.0,,
2021-10-28,8.125691040817486,1.0,,
2021-10-29,8.13597245116324,1.0,,
2021-11-01,8.145673638067297,1.0,,
2021-11-03,8.153784003312499,1.0,,
2021-11-04,8.15967428887745,1.0,,
2021-11-05,8.163484181374525,1.0,,
2021-11-08,8.165714151476342,1.0,,
2021-11-09,8.167023047091174,1.0,,
2021-11-10,8.167337759068465,1.0,,
2021-11-11,8.166814590479104,-1.0,,
2021-11-12,8.166057684236922,-1.0,,
2021-11-16,8.165347124772962,-1.0,,
2021-11-17,8.164059103167414,-1.0,,
2021-11-18,8.162208944784409,-1.0,,
2021-11-19,8.15947070242636,-1.0,,
2021-11-22,8.156213713314987,-1.0,,
2021-11-23,8.153847232779851,-1.0,,
2021-11-24,8.152792600409427,-1.0,,
2021-11-25,8.154033698866138,1.0,,
2021-11-26,8.156220882703401,1.0,,
2021-11-29,8.16015739500424,1.0,,
2021-11-30,8.165577839275725,1.0,,
2021-12-01,8.172431963929442,1.0,,
2021-12-02,8.182438812360425,1.0,,
2021-12-03,8.195570006973727,1.0,,
2021-12-06,8.2115120305265,1.0,,
2021-12-07,8.230354546008112,1.0,,
2021-12-08,8.251670734418834,1.0,,
2021-12-09,8.275018305121176,1.0,,
2021-12-10,8.30043893271884,1.0,,
2021-12-13,8.327404457910337,1.0,,
2021-12-14,8.35526297580401,1.0,,
2021-12-15,8.384000724966283,1.0,,
2021-12-16,8.413820009589706,1.0,,
2021-12-17,8.443777859540397,1.0,,
2021-12-20,8.472895611564581,1.0,,
2021-12-21,8.50122069059718,1.0,,
2021-12-22,8.528734943298888,1.0,,
2021-12-23,8.555642080017723,1.0,,
2021-12-27,8.5823698702309,1.0,,
2021-12-28,8.608889226329783,1.0,,
2021-12-29,8.634896344948428,1.0,,
2021-12-30,8.66028262883548,1.0,,
2022-01-03,8.68569934943998,1.0,,
2022-01-04,8.711187858273156,1.0,,
2022-01-05,8.735481768526126,1.0,,
2022-01-06,8.758626475121787,1.0,,
2022-01-07,8.780851208225657,1.0,,
2022-01-10,8.802017866623885,1.0,,
2022-01-11,8.823063383626078,1.0,,
2022-01-12,8.844837073275048,1.0,,
2022-01-13,8.867799062814127,1.0,,
2022-01-14,8.892905466612303,1.0,,
2022-01-17,8.919837080401258,1.0,,
2022-01-18,8.94843360828557,1.0,,
2022-01-19,8.978239888721243,1.0,,
2022-01-20,9.009257901447818,1.0,,
2022-01-21,9.041268573688027,1.0,,
2022-01-24,9.07423261090809,1.0,,
2022-01-25,9.109011935419616,1.0,,
2022-01-26,9.146198335710558,1.0,,
2022-01-27,9.185370784672145,1.0,,
2022-01-28,9.224760289966008,1.0,,
2022-01-31,9.26403111312588,1.0,,
2022-02-01,9.303758702015102,1.0,,
2022-02-02,9.343234755040152,1.0,,
2022-02-03,9.38190372541648,1.0,,
2022-02-04,9.420337342972598,1.0,,
2022-02-07,9.45795023142139,1.0,,
2022-02-08,9.494388940062835,1.0,,
2022-02-09,9.529813645289565,1.0,,
2022-02-10,9.564770404919374,1.0,,
2022-02-11,9.600574541628761,1.0,,
2022-02-14,9.636232256703007,1.0,,
2022-02-15,9.671093473072434,1.0,,
2022-02-16,9.705616357605328,1.0,,
2022-02-17,9.739612814564904,1.0,,
2022-02-18,9.773261339805876,1.0,,
2022-02-21,9.80736996880175,1.0,,
2022-02-22,9.84165047989125,1.0,,
2022-02-23,9.876470851424573,1.0,,
2022-02-24,9.910817380524026,1.0,,
2022-02-25,9.945263880288628,1.0,,
2022-03-02,9.98037298562668,1.0,,
2022-03-03,10.015517589977565,1.0,,
2022-03-04,10.050584214231359,1.0,,
2022-03-07,10.082931519511739,1.0,,
2022-03-08,10.113486731310463,1.0,,
2022-03-09,10.142506750598818,1.0,,
2022-03-10,10.171274822478242,1.0,,
2022-03-11,10.198462490703958,1.0,,
2022-03-14,10.223566060096381,1.0,,
2022-03-15,10.245966234831506,1.0,,
2022-03-16,10.265657865603414,1.0,,
2022-03-17,10.282086742332549,1.0,,
2022-03-18,10.296236457495231,1.0,,
2022-03-21,10.309530855978181,1.0,,
2022-03-22,10.321882320338307,1.0,,
2022-03-23,10.333837410762865,1.0,,
2022-03-24,10.345781478273711,1.0,,
2022-03-25,10.357554863693005,1.0,,
2022-03-28,10.368429596334177,1.0,,
2022-03-29,10.379199241160094,1.0,,
2022-03-30,10.390556897220218,1.0,,
2022-03-31,10.402888764982325,1.0,,
2022-04-01,10.415567777829311,1.0,,
2022-04-04,10.428200468732932,1.0,,
2022-04-05,10.440412482790999,1.0,,
2022-04-06,10.452188379549233,1.0,,
2022-04-07,10.465283389674331,1.0,,
2022-04-08,10.479675405715534,1.0,,
2022-04-11,10.494876012436455,1.0,,
2022-04-12,10.510642359397215,1.0,,
2022-04-13,10.527597856238948,1.0,,
2022-04-14,10.545104806882229,1.0,,
2022-04-18,10.562418762370037,1.0,,
2022-04-19,10.580564764553936,1.0,,
2022-04-20,10.599566907729367,1.0,,
2022-04-22,10.617831244981124,1.0,,
2022-04-25,10.634898754694053,1.0,10.324598754694053,
2022-04-26,10.650806514994851,1.0,10.340406514994852,
2022-04-27,10.665652503172035,1.0,10.355802503172036,
2022-04-28,10.679742588383915,1.0,10.369892588383916,
2022-04-29,10.693160097049827,1.0,10.381960097049827,
2022-05-02,10.705607782277974,1.0,10.393257782277974,
2022-05-03,10.717480289775125,1.0,10.404930289775125,
2022-05-04,10.730860275672953,1.0,10.415760275672953,
2022-05-05,10.745452774207592,1.0,10.428752774207593,
2022-05-06,10.762267781406615,1.0,10.444417781406615,
2022-05-09,10.779947669252989,1.0,10.461397669252989,
2022-05-10,10.798637832111643,1.0,10.480287832111642,
2022-05-11,10.8194232597044,1.0,10.4993232597044,
2022-05-12,10.842283444538618,1.0,10.521383444538618,
2022-05-13,10.867380088416198,1.0,10.546080088416197,
2022-05-16,10.894723395642535,1.0,10.572873395642535,
2022-05-17,10.9234471326469,1.0,10.600597132646898,
2022-05-18,10.952635775765462,1.0,10.628785775765461,
2022-05-19,10.982790905344187,1.0,10.657790905344187,
2022-05-20,11.014440417451118,1.0,10.689640417451118,
2022-05-23,11.048846689035669,1.0,10.722796689035668,
2022-05-24,11.084374660823114,1.0,10.756074660823113,
2022-05-25,11.121329818132308,1.0,10.792229818132308,
2022-05-26,11.159509326860407,1.0,10.833009326860408,
2022-05-27,11.19671691089425,1.0,10.867766910894249,
2022-05-30,11.232185491912906,1.0,10.900685491912906,
2022-05-31,11.266118986990994,1.0,10.933818986990994,
2022-06-01,11.298545141768187,1.0,10.966745141768188,
2022-06-02,11.329244801360804,1.0,10.997344801360805,
2022-06-03,11.358993193837067,1.0,11.026043193837067,
2022-06-06,11.387849908498747,1.0,11.055199908498748,
2022-06-07,11.416272812488128,1.0,11.083072812488128,
2022-06-08,11.444042838178653,1.0,11.110142838178653,
2022-06-09,11.470629697306236,1.0,11.136479697306237,
2022-06-10,11.495543116513623,1.0,11.160043116513624,
2022-06-13,11.5184533002652,1.0,11.182053300265201,
2022-06-14,11.539946727833536,1.0,11.202396727833536,
2022-06-15,11.55948556839751,1.0,11.220285568397511,
2022-06-17,11.575056048363367,1.0,11.230506048363367,
2022-06-20,11.587485991598873,1.0,11.239685991598874,
2022-06-21,11.59645360317864,1.0,11.24630360317864,
2022-06-22,11.602277814441132,1.0,11.251727814441132,
2022-06-23,11.604688682360981,1.0,11.253088682360982,
2022-06-24,11.603864214842625,1.0,11.251764214842625,
2022-06-27,11.60235732564247,-1.0,,11.95705732564247
2022-06-28,11.600693450230604,-1.0,,11.956293450230605
2022-06-29,11.598587623927923,-1.0,,11.953687623927923
2022-06-30,11.595916471233775,-1.0,,11.949816471233774
2022-07-01,11.593504227902578,-1.0,,11.948904227902577
2022-07-04,11.592100645893884,-1.0,,11.947400645893884
2022-07-05,11.59018668331321,-1.0,,11.947936683313209
2022-07-06,11.58736800461751,-1.0,,11.947418004617509
2022-07-07,11.584791465819077,-1.0,,11.946191465819076
2022-07-08,11.582837382888727,-1.0,,11.943437382888726
2022-07-11,11.581246718094288,-1.0,,11.941246718094288
2022-07-12,11.579451138566,-1.0,,11.939701138566
2022-07-13,11.577513244499631,-1.0,,11.937263244499631
2022-07-14,11.574495925566643,-1.0,,11.934645925566643
2022-07-15,11.571134755808375,-1.0,,11.931534755808375
2022-07-18,11.568289993109532,-1.0,,11.928739993109533
2022-07-19,11.566618012829606,-1.0,,11.927018012829606
2022-07-20,11.565975042486983,-1.0,,11.926125042486984
2022-07-21,11.56604634209924,-1.0,,11.92754634209924
2022-07-22,11.567144051803524,1.0,11.205794051803524,
2022-07-25,11.570839747504039,1.0,11.208239747504038,
2022-07-26,11.577195078131124,1.0,11.213545078131125,
2022-07-27,11.586255615964053,1.0,11.222305615964054,
2022-07-28,11.598858920439083,1.0,11.233408920439084,
2022-07-29,11.616841412603955,1.0,11.248091412603955,
2022-08-01,11.638874998336915,1.0,11.269324998336915,
2022-08-02,11.664562862518281,1.0,11.293912862518281,
2022-08-03,11.69342323438602,1.0,11.32262323438602,
2022-08-04,11.725366765807909,1.0,11.353416765807909,
2022-08-05,11.760739985021694,1.0,11.387839985021694,
2022-08-08,11.801230055514052,1.0,11.426830055514053,
2022-08-09,11.84680568514026,1.0,11.47205568514026,
2022-08-10,11.896524605763828,1.0,11.521874605763827,
2022-08-11,11.948621192886524,1.0,11.573721192886524,
2022-08-12,12.005918589102045,1.0,11.627368589102044,
2022-08-15,12.067578574771442,1.0,11.685778574771442,
2022-08-16,12.13332096104238,1.0,11.750970961042379,
2022-08-17,12.203570626307624,1.0,11.819670626307623,
2022-08-18,12.278560484084036,1.0,11.895760484084036,
2022-08-19,12.354851433286282,1.0,11.968451433286281,
2022-08-22,12.433095884124368,1.0,12.043295884124369,
2022-08-23,12.514384432933772,1.0,12.123934432933773,
2022-08-24,12.598388461986572,1.0,12.206838461986571,
2022-08-25,12.68394449629354,1.0,12.28959449629354,
2022-08-26,12.771148249156294,1.0,12.375348249156295,
2022-08-29,12.86079131260339,1.0,12.46209131260339,
2022-08-30,12.949154282814328,1.0,12.545954282814328,
2022-08-31,13.037335010270311,1.0,12.631835010270311,
2022-09-01,13.126044420842128,1.0,12.718994420842128,
2022-09-02,13.214289179114159,1.0,12.80538917911416,
2022-09-05,13.301699655676513,1.0,12.891449655676514,
2022-09-06,13.386219403549873,1.0,12.972569403549873,
2022-09-08,13.467488419647971,1.0,13.051938419647971,
2022-09-09,13.545667598819053,1.0,13.130167598819053,
2022-09-12,13.620565911831012,1.0,13.203265911831013,
2022-09-13,13.690941545391617,1.0,13.273141545391617,
2022-09-14,13.757894873095145,1.0,13.340394873095144,
2022-09-15,13.821559950433862,1.0,13.405009950433863,
2022-09-16,13.881722932928518,1.0,13.464522932928519,
2022-09-19,13.939386233980358,1.0,13.520336233980357,
2022-09-20,13.994409492569407,1.0,13.577309492569407,
2022-09-21,14.04708144250288,1.0,13.629731442502878,
2022-09-22,14.098715649059198,1.0,13.679765649059197,
2022-09-23,14.146214197577446,1.0,13.723164197577447,
2022-09-26,14.18921093758467,1.0,13.76546093758467,
2022-09-27,14.228454395710342,1.0,13.804004395710342,
2022-09-28,14.263710482717459,1.0,13.837510482717459,
2022-09-29,14.295438336520867,1.0,13.868488336520867,
2022-09-30,14.324731857136733,1.0,13.895481857136733,
2022-10-03,14.355468144839982,1.0,13.920368144839982,
2022-10-04,14.386128398994106,1.0,13.947428398994106,
2022-10-05,14.418456581014084,1.0,13.977206581014084,
2022-10-06,14.453845952703636,1.0,14.011445952703637,
2022-10-07,14.491735966433646,1.0,14.047585966433646,
2022-10-10,14.53110241021866,1.0,14.08545241021866,
2022-10-11,14.571263624689767,1.0,14.124313624689767,
2022-10-13,14.613451434986052,1.0,14.162401434986052,
2022-10-14,14.656471468564739,1.0,14.20427146856474,
2022-10-17,14.7000226219694,1.0,14.2453726219694,
2022-10-18,14.745173658390382,1.0,14.288373658390382,
2022-10-19,14.793441754585382,1.0,14.334091754585382,
2022-10-20,14.8458936735995,1.0,14.3845436735995,
2022-10-21,14.903757777760953,1.0,14.439607777760953,
2022-10-24,14.960834163534912,1.0,14.489384163534913,
2022-10-25,15.015929681510169,1.0,14.542029681510169,
2022-10-26,15.06788484261127,1.0,14.59083484261127,
2022-10-27,15.117309489492081,1.0,14.640109489492081,
2022-10-28,15.163782659477366,1.0,14.685182659477366,
2022-10-31,15.203256261432543,1.0,14.718006261432542,
2022-11-01,15.236589945780347,1.0,14.750889945780347,
2022-11-03,15.26458422146401,1.0,14.777484221464011,
2022-11-04,15.285287939434632,1.0,14.793037939434631,
2022-11-07,15.29779553092613,1.0,14.80379553092613,
2022-11-08,15.303419278351585,1.0,14.808969278351585,
2022-11-09,15.302333932756163,1.0,14.805233932756163,
2022-11-10,15.294185745515993,-1.0,,15.792485745515993
2022-11-11,15.281230312024972,-1.0,,15.780930312024973
2022-11-14,15.265234603020991,-1.0,,15.765734603020991
2022-11-16,15.245766188970531,-1.0,,15.74676618897053
2022-11-17,15.223357513384908,-1.0,,15.722657513384908
2022-11-18,15.197738359425994,-1.0,,15.698888359425993
2022-11-21,15.16951995482758,-1.0,,15.67211995482758
2022-11-22,15.138778859626433,-1.0,,15.642928859626432
2022-11-23,15.106116838494078,-1.0,,15.610466838494078
2022-11-24,15.073305432306322,-1.0,,15.579305432306322
2022-11-25,15.039783212526544,-1.0,,15.546783212526543
2022-11-28,15.006612576212792,-1.0,,15.514962576212792
2022-11-29,14.97565008211709,-1.0,,15.48655008211709
2022-11-30,14.948943726217903,-1.0,,15.461843726217904
2022-12-01,14.92417536055261,-1.0,,15.43812536055261
2022-12-02,14.901733748839236,-1.0,,15.417083748839236
2022-12-05,14.88089684958911,-1.0,,15.39724684958911
2022-12-06,14.861556459860351,-1.0,,15.37860645986035
2022-12-07,14.843055366612958,-1.0,,15.361105366612959
2022-12-08,14.8243521338216,-1.0,,15.3442521338216
2022-12-09,14.80540640215556,-1.0,,15.32520640215556
2022-12-12,14.784912432931737,-1.0,,15.306712432931738
2022-12-13,14.762076200642316,-1.0,,15.284926200642316
2022-12-14,14.734041353143551,-1.0,,15.259741353143552
2022-12-15,14.702547300011883,-1.0,,15.230747300011883
2022-12-16,14.66816205720924,-1.0,,15.19591205720924
2022-12-19,14.631917567433705,-1.0,,15.160867567433705
2022-12-20,14.595371601598387,-1.0,,15.125771601598387
2022-12-21,14.559574948039039,-1.0,,15.08747494803904
2022-12-22,14.525256572055351,-1.0,,15.053506572055351
2022-12-23,14.494319525840925,-1.0,,15.024219525840925
2022-12-26,14.466120203655711,-1.0,,14.99392020365571
2022-12-27,14.440708381859714,-1.0,,14.966758381859714
2022-12-28,14.417250695902737,-1.0,,14.942650695902737
2022-12-29,14.39504457521424,-1.0,,14.919844575214238
2023-01-02,14.37124035109643,-1.0,,14.89889035109643
2023-01-03,14.34509160171739,-1.0,,14.872341601717391
2023-01-04,14.318217436981984,-1.0,,14.848867436981983
2023-01-05,14.292250614651476,-1.0,,14.823250614651476
2023-01-06,14.266908355182897,-1.0,,14.798858355182897
2023-01-09,14.242437959132761,-1.0,,14.775037959132762
2023-01-10,14.219176638864688,-1.0,,14.752326638864687
2023-01-11,14.197384021776658,-1.0,,14.731084021776658
2023-01-12,14.177561262230592,-1.0,,14.710611262230591
2023-01-13,14.15939560386479,-1.0,,14.691645603864789
2023-01-16,14.141802712675586,-1.0,,14.675002712675585
2023-01-17,14.127368916981053,-1.0,,14.663268916981053
2023-01-18,14.114931566452727,-1.0,,14.652281566452727
2023-01-19,14.105608923399483,-1.0,,14.644908923399484
2023-01-20,14.099995485264316,-1.0,,14.641495485264315
2023-01-23,14.098381696771488,-1.0,,14.642831696771488
2023-01-24,14.099923491762652,-1.0,,14.644823491762653
2023-01-25,14.104804414066656,1.0,13.557854414066655,
2023-01-26,14.111282959096139,1.0,13.561082959096138,
2023-01-27,14.118143922233587,1.0,13.567193922233587,
2023-01-30,14.125534502686197,1.0,13.574584502686196,
2023-01-31,14.133922630589568,1.0,13.582672630589569,
2023-02-01,14.14253547210733,1.0,13.59008547210733,
2023-02-02,14.149209354032582,1.0,13.595209354032582,
2023-02-03,14.154665953430893,1.0,13.599115953430893,
2023-02-06,14.160779311601699,1.0,13.604729311601698,
2023-02-07,14.167168000993748,1.0,13.611068000993747,
2023-02-08,14.17452139311213,1.0,13.61797139311213,
2023-02-09,14.182477115700275,1.0,13.625527115700274,
2023-02-10,14.1923292806734,1.0,13.633979280673401,
2023-02-13,14.203930495548912,1.0,13.646580495548912,
2023-02-14,14.216867608718719,1.0,13.66006760871872,
2023-02-15,14.230992845328835,1.0,13.673842845328835,
2023-02-16,14.246297540786234,1.0,13.691347540786234,
2023-02-17,14.261871291913016,1.0,13.708271291913016,
2023-02-22,14.276453398669814,1.0,13.723003398669814,
2023-02-23,14.291488873629984,1.0,13.736988873629985,
2023-02-24,14.305850307349084,1.0,13.750250307349084,
2023-02-27,14.31991985029504,1.0,13.76431985029504,
2023-02-28,14.33207862510541,1.0,13.77322862510541,
2023-03-01,14.34265564628016,1.0,13.781405646280161,
2023-03-02,14.350640780554304,1.0,13.787340780554304,
2023-03-03,14.358198844636231,1.0,13.793048844636232,
2023-03-06,14.365825740692154,1.0,13.800575740692153,
2023-03-07,14.371969770558357,1.0,13.805569770558357,
2023-03-08,14.37735833769215,1.0,13.80980833769215,
2023-03-09,14.38188464882925,1.0,13.814334648829249,
2023-03-10,14.385055066599225,1.0,13.819455066599225,
2023-03-13,14.38566769838045,1.0,13.81966769838045,
2023-03-14,14.383270355546088,-1.0,,14.951220355546088
2023-03-15,14.377539627917974,-1.0,,14.944989627917973
2023-03-16,14.368761630644334,-1.0,,14.934211630644334
2023-03-17,14.357784706709701,-1.0,,14.9234347067097
2023-03-20,14.34389897296579,-1.0,,14.910748972965791
2023-03-21,14.328354105213263,-1.0,,14.896054105213263
2023-03-22,14.311285006030898,-1.0,,14.878735006030897
2023-03-23,14.29200800672024,-1.0,,14.86125800672024
2023-03-24,14.270832300162265,-1.0,,14.839632300162265
2023-03-27,14.24877784605948,-1.0,,14.81757784605948
2023-03-28,14.226737782331842,-1.0,,14.795587782331841
2023-03-29,14.205305725973444,-1.0,,14.773705725973445
2023-03-30,14.184594931085488,-1.0,,14.752744931085488
2023-03-31,14.163678823719977,-1.0,,14.732628823719976
2023-04-03,14.144477704275733,-1.0,,14.714027704275733
2023-04-04,14.12643020375922,-1.0,,14.69188020375922
2023-04-05,14.109600789444096,-1.0,,14.673850789444096
2023-04-06,14.093266806780239,-1.0,,14.655866806780239
2023-04-10,14.07831515795062,-1.0,,14.640415157950619
2023-04-11,14.066632038358911,-1.0,,14.62953203835891
2023-04-12,14.058179601764705,-1.0,,14.621979601764705
2023-04-13,14.05288378540764,-1.0,,14.61388378540764
2023-04-14,14.050825177217368,-1.0,,14.612075177217367
2023-04-17,14.052312142378604,-1.0,,14.613212142378604
2023-04-18,14.058098987123909,1.0,13.49549898712391,
2023-04-19,14.06607132128815,1.0,13.50352132128815,
2023-04-20,14.076236906452296,1.0,13.513236906452295,
2023-04-24,14.089184837190688,1.0,13.527284837190688,
2023-04-25,14.104335539683213,1.0,13.543435539683212,
2023-04-26,14.120773140987056,1.0,13.561123140987057,
2023-04-27,14.137135991237479,1.0,13.57508599123748,
2023-04-28,14.154220019030307,1.0,13.590370019030306,
2023-05-02,14.169989272550673,1.0,13.604039272550672,
2023-05-03,14.184406817077335,1.0,13.617656817077336,
2023-05-04,14.198312775910946,1.0,13.631162775910946,
2023-05-05,14.213651398190848,1.0,13.644001398190849,
2023-05-08,14.23121636718265,1.0,13.66106636718265,
2023-05-09,14.25082548055532,1.0,13.680625480555321,
2023-05-10,14.272034283119819,1.0,13.701084283119819,
2023-05-11,14.296341193374438,1.0,13.722441193374438,
2023-05-12,14.32488967620999,1.0,13.74808967620999,
2023-05-15,14.355905253344122,1.0,13.779255253344122,
2023-05-16,14.390218659127575,1.0,13.811268659127574,
2023-05-17,14.426064387752442,1.0,13.844814387752441,
2023-05-18,14.463415729069082,1.0,13.883165729069082,
2023-05-19,14.502182684522094,1.0,13.924982684522094,
2023-05-22,14.541476133907409,1.0,13.964576133907409,
2023-05-23,14.582347623234547,1.0,14.004597623234547,
2023-05-24,14.625276159454424,1.0,14.046076159454424,
2023-05-25,14.669464287274835,1.0,14.089814287274834,
2023-05-26,14.715297151430365,1.0,14.136097151430365,
2023-05-29,14.76220669716694,1.0,14.18605669716694,
2023-05-30,14.80932160541877,1.0,14.23312160541877,
2023-05-31,14.855942600325347,1.0,14.280192600325348,
2023-06-01,14.903631192801255,1.0,14.328331192801254,
2023-06-02,14.952538009149801,1.0,14.382038009149802,
2023-06-05,15.002945798549998,1.0,14.435445798549999,
2023-06-06,15.055623850572921,1.0,14.486273850572921,
2023-06-07,15.111763813752626,1.0,14.542213813752626,
2023-06-09,15.173511475605594,1.0,14.601411475605593,
2023-06-12,15.241017351691227,1.0,14.671117351691226,
2023-06-13,15.312999703856619,1.0,14.746099703856618,
2023-06-14,15.391271305631927,1.0,14.822871305631926,
2023-06-15,15.473302358603759,1.0,14.901802358603758,
2023-06-16,15.558888128778237,1.0,14.988588128778238,
2023-06-19,15.648924083530284,1.0,15.078274083530284,
2023-06-20,15.742875893735023,1.0,15.173425893735024,
2023-06-21,15.842652437821895,1.0,15.273802437821896,
2023-06-22,15.946367369135034,1.0,15.378967369135035,
2023-06-23,16.05050134036725,1.0,15.480751340367252,
2023-06-26,16.156104536750615,1.0,15.586454536750615,
2023-06-27,16.26213580712958,1.0,15.691985807129582,
2023-06-28,16.368832143294114,1.0,15.801082143294114,
2023-06-29,16.476057305223815,1.0,15.910557305223815,
2023-06-30,16.580280026799603,1.0,16.011280026799604,
2023-07-03,16.68270572838576,1.0,16.114705728385758,
2023-07-04,16.78340009932349,1.0,16.21655009932349,
2023-07-05,16.882177803660838,1.0,16.314327803660838,
2023-07-06,16.978014812336426,1.0,16.408014812336425,
2023-07-07,17.070677409407725,1.0,16.499677409407724,
2023-07-10,17.1604054940499,1.0,16.5908554940499,
2023-07-11,17.246456399775056,1.0,16.676906399775056,
2023-07-12,17.32906136447298,1.0,16.75886136447298,
2023-07-13,17.409363129079054,1.0,16.839463129079054,
2023-07-14,17.486195995466197,1.0,16.919095995466197,
2023-07-17,17.559638297837456,1.0,16.990838297837456,
2023-07-18,17.62955189000338,1.0,17.06095189000338,
2023-07-19,17.696726295147787,1.0,17.129376295147786,
2023-07-20,17.76136315082686,1.0,17.19441315082686,
2023-07-21,17.82473157201989,1.0,17.25903157201989,
2023-07-24,17.888098446034846,1.0,17.326948446034844,
2023-07-25,17.95272478730206,1.0,17.39342478730206,
2023-07-26,18.018250246972695,1.0,17.461000246972695,
2023-07-27,18.081008778876235,1.0,17.521658778876237,
2023-07-28,18.141932380300613,1.0,17.583182380300613,
2023-07-31,18.20388677800377,1.0,17.64268677800377,
2023-08-01,18.26546373196262,1.0,17.70211373196262,
2023-08-02,18.326396229500105,1.0,17.765496229500105,
2023-08-03,18.387383358097676,1.0,17.826583358097675,
2023-08-04,18.446306691458524,1.0,17.884006691458524,
2023-08-07,18.503648737266225,1.0,17.941798737266225,
2023-08-08,18.559494553195968,1.0,17.999194553195967,
2023-08-09,18.61435712075868,1.0,18.05500712075868,
2023-08-10,18.668532284298397,1.0,18.111682284298396,
2023-08-11,18.72181534980547,1.0,18.17066534980547,
2023-08-14,18.774309444285258,1.0,18.224759444285258,
2023-08-15,18.82641710551588,1.0,18.27581710551588,
2023-08-16,18.879452137174408,1.0,18.32725213717441,
2023-08-17,18.932915266874154,1.0,18.380865266874153,
2023-08-18,18.986741383432253,1.0,18.441491383432254,
2023-08-21,19.04028340078059,1.0,18.494183400780592,
2023-08-22,19.094279564627968,1.0,18.549129564627968,
2023-08-23,19.15203948675964,1.0,18.607989486759642,
2023-08-24,19.212782010062256,1.0,18.668732010062257,
2023-08-25,19.275474876257245,1.0,18.731024876257244,
2023-08-28,19.34045113935627,1.0,18.79755113935627,
2023-08-29,19.40737434623649,1.0,18.86587434623649,
2023-08-30,19.47625480315707,1.0,18.93750480315707,
2023-08-31,19.54517304950754,1.0,19.00622304950754,
2023-09-01,19.615398897060853,1.0,19.076798897060854,
2023-09-04,19.685804370786023,1.0,19.147354370786022,
2023-09-05,19.75850483198964,1.0,19.21905483198964,
2023-09-06,19.83329343693549,1.0,19.295543436935493,
2023-09-08,19.90942502585156,1.0,19.37367502585156,
2023-09-11,19.986430956275964,1.0,19.451830956275963,
2023-09-12,20.064302479244592,1.0,19.532202479244592,
2023-09-13,20.141602984403548,1.0,19.609252984403547,
2023-09-14,20.219994687730726,1.0,19.687094687730724,
2023-09-15,20.299126937473837,1.0,19.769176937473837,
2023-09-18,20.379187422898713,1.0,19.849837422898712,
2023-09-19,20.45996504117208,1.0,19.93216504117208,
2023-09-20,20.541304284629728,1.0,20.014654284629728,
2023-09-21,20.621734385556877,1.0,20.095684385556876,
2023-09-22,20.701710550827844,1.0,20.176910550827845,
2023-09-25,20.781507553259285,1.0,20.257557553259286,
2023-09-26,20.85919538255306,1.0,20.33574538255306,
2023-09-27,20.937095511063113,1.0,20.411495511063112,
2023-09-28,21.01478440370369,1.0,20.49248440370369,
2023-09-29,21.09245108709306,1.0,20.571101087093062,
2023-10-02,21.16874134063015,1.0,20.651691340630148,
2023-10-03,21.243283376081155,1.0,20.728483376081154,
2023-10-04,21.313122513590656,1.0,20.794472513590655,
2023-10-05,21.378887579592995,1.0,20.860437579592993,
2023-10-06,21.442566453338777,1.0,20.921816453338778,
2023-10-09,21.50735829437492,1.0,20.98355829437492,
2023-10-10,21.57347896083656,1.0,21.05037896083656,
2023-10-11,21.64036862359401,1.0,21.11811862359401,
2023-10-13,21.710233719867126,1.0,21.185083719867126,
2023-10-16,21.78334788594595,1.0,21.25739788594595,
2023-10-17,21.861211186396023,1.0,21.333261186396022,
2023-10-18,21.94480837250378,1.0,21.41530837250378,
2023-10-19,22.032779896683547,1.0,21.505979896683545,
2023-10-20,22.123212181756912,1.0,21.594012181756913,
2023-10-23,22.21011719419072,1.0,21.676917194190718,
2023-10-24,22.29482070977075,1.0,21.76082070977075,
2023-10-25,22.3777427911016,1.0,21.8440927911016,
2023-10-26,22.45804642684616,1.0,21.92329642684616,
2023-10-27,22.535257084639515,1.0,21.998107084639514,
2023-10-30,22.608753049345914,1.0,22.070203049345913,
2023-10-31,22.678034094860735,1.0,22.138634094860734,
2023-11-01,22.744257918474393,1.0,22.203207918474394,
2023-11-03,22.808506668649986,1.0,22.266606668649985,
2023-11-06,22.87076997811138,1.0,22.33121997811138,
2023-11-07,22.929835707665973,1.0,22.390235707665973,
2023-11-08,22.984283512732347,1.0,22.444383512732347,
2023-11-09,23.03608141356423,1.0,22.49608141356423,
2023-11-10,23.08506430300899,1.0,22.547314303008992,
2023-11-13,23.13354626855512,1.0,22.595296268555117,
2023-11-14,23.182494822103013,1.0,22.644644822103015,
2023-11-16,23.230334654270628,1.0,22.692934654270626,
2023-11-17,23.2795697601532,1.0,22.7396197601532,
2023-11-20,23.329932276984334,1.0,22.788282276984333,
2023-11-21,23.38059574866879,1.0,22.83799574866879,
2023-11-22,23.431240836857718,1.0,22.88804083685772,
2023-11-23,23.481743851178567,1.0,22.94089385117857,
2023-11-24,23.53218328951735,1.0,22.989983289517347,
2023-11-27,23.58194573867664,1.0,23.04059573867664,
2023-11-28,23.63217213392509,1.0,23.090722133925087,
2023-11-29,23.681810646025735,1.0,23.138110646025734,
2023-11-30,23.732301339819962,1.0,23.187601339819963,
2023-12-01,23.78285231902077,1.0,23.23890231902077,
2023-12-04,23.831593841715534,1.0,23.286143841715536,
2023-12-05,23.87823252477096,1.0,23.33228252477096,
2023-12-06,23.920100278581188,1.0,23.370850278581187,
2023-12-07,23.957487211300485,1.0,23.405387211300486,
2023-12-08,23.993233998379182,1.0,23.438433998379182,
2023-12-11,24.027159062950425,1.0,23.472809062950425,
2023-12-12,24.058768469908784,1.0,23.504468469908783,
2023-12-13,24.089343544719345,1.0,23.535443544719346,
2023-12-14,24.120626202591687,1.0,23.56512620259169,
2023-12-15,24.15258460795981,1.0,23.59893460795981,
2023-12-18,24.186026042964688,1.0,23.632626042964688,
2023-12-19,24.2215886448824,1.0,23.6702386448824,
2023-12-20,24.25917179155754,1.0,23.70972179155754,
2023-12-21,24.29843332581938,1.0,23.748933325819383,
2023-12-22,24.339813494924243,1.0,23.791663494924244,
2023-12-26,24.384248173615667,1.0,23.836148173615666,
2023-12-27,24.431273641688414,1.0,23.884823641688413,
2023-12-28,24.480135974546513,1.0,23.934335974546514,
2024-01-02,24.531690616692924,1.0,23.985940616692922,
2024-01-03,24.58807129607746,1.0,24.04027129607746,
2024-01-04,24.647746085094955,1.0,24.099596085094955,
2024-01-05,24.710328609092187,1.0,24.161078609092186,
2024-01-08,24.774604375828922,1.0,24.223154375828923,
2024-01-09,24.839414878409933,1.0,24.287514878409933,
2024-01-10,24.90368508288639,1.0,24.35093508288639,
2024-01-11,24.968028485912203,1.0,24.415278485912204,
2024-01-12,25.032453329442408,1.0,24.480403329442407,
2024-01-15,25.097648694180542,1.0,24.544698694180543,
2024-01-16,25.16226035523441,1.0,24.60836035523441,
2024-01-17,25.225666012461964,1.0,24.671966012461965,
2024-01-18,25.287481175650115,1.0,24.733281175650113,
2024-01-19,25.347251095627154,1.0,24.792351095627154,
2024-01-22,25.405453298809086,1.0,24.851303298809086,
2024-01-23,25.463160653056917,1.0,24.908560653056917,
2024-01-24,25.519605948968774,1.0,24.964055948968774,
2024-01-25,25.577906100367173,1.0,25.020856100367173,
2024-01-26,25.639164060060782,1.0,25.079164060060783,
2024-01-29,25.70420949717195,1.0,25.14330949717195,
2024-01-30,25.771770558168836,1.0,25.211720558168835,
2024-01-31,25.841628311355333,1.0,25.28047831135533,
2024-02-01,25.915785956301004,1.0,25.350285956301004,
2024-02-02,25.992258177943043,1.0,25.42595817794304,
2024-02-05,26.070916968497627,1.0,25.503566968497626,
2024-02-06,26.15207788675892,1.0,25.583727886758922,
2024-02-07,26.23656676678873,1.0,25.668016766788732,
2024-02-08,26.322923794217722,1.0,25.75417379421772,
2024-02-09,26.409372674803556,1.0,25.839022674803555,
2024-02-14,26.494951558275456,1.0,25.924851558275456,
2024-02-15,26.5824511921659,1.0,26.008401192165902,
2024-02-16,26.67222449134616,1.0,26.09877449134616,
2024-02-19,26.764169415109432,1.0,26.192269415109433,
2024-02-20,26.856732854672877,1.0,26.285432854672877,
2024-02-21,26.949673271859083,1.0,26.37802327185908,
2024-02-22,27.0419414682413,1.0,26.4695914682413,
2024-02-23,27.132685602353686,1.0,26.561735602353686,
2024-02-26,27.223585241389593,1.0,26.651385241389594,
2024-02-27,27.314214763417336,1.0,26.742214763417337,
2024-02-28,27.39936646368847,1.0,26.817666463688468,
2024-02-29,27.478820932172223,1.0,26.896970932172223,
2024-03-01,27.55314844203531,1.0,26.97284844203531,
2024-03-04,27.622552669306693,1.0,27.042302669306693,
2024-03-05,27.687164673562233,1.0,27.108514673562233,
2024-03-06,27.749377185422006,1.0,27.171527185422004,
2024-03-07,27.808309868948083,1.0,27.22970986894808,
2024-03-08,27.854584625461555,1.0,27.258584625461555,
2024-03-11,27.888611461072852,1.0,27.285361461072853,
2024-03-12,27.9144760296331,1.0,27.3083760296331,
2024-03-13,27.932142634390722,1.0,27.32499263439072,
2024-03-14,27.942256663130163,1.0,27.33445666313016,
2024-03-15,27.945963062773103,1.0,27.337763062773103,
2024-03-18,27.94409518900716,1.0,27.332295189007162,
2024-03-19,27.93677771010772,-1.0,,28.55152771010772
2024-03-20,27.9261207589691,-1.0,,28.5425707589691
2024-03-21,27.910349077761474,-1.0,,28.528949077761474
2024-03-22,27.890936354247508,-1.0,,28.510386354247508
2024-03-25,27.86964548479485,-1.0,,28.49074548479485
2024-03-26,27.84603687965988,-1.0,,28.46563687965988
2024-03-27,27.821129250868612,-1.0,,28.43947925086861
2024-03-28,27.796963182490497,-1.0,,28.414313182490496
2024-04-01,27.774170549732165,-1.0,,28.390370549732165
2024-04-02,27.754818021526567,-1.0,,28.37246802152657
2024-04-03,27.73809458268569,-1.0,,28.35444458268569
2024-04-04,27.722508917405417,-1.0,,28.341008917405418
2024-04-05,27.708460941309802,-1.0,,28.329060941309802
2024-04-08,27.696977146487786,-1.0,,28.319327146487787
2024-04-09,27.687984503741145,-1.0,,28.311384503741145
2024-04-10,27.683147886767237,-1.0,,28.305597886767238
2024-04-11,27.68130329788975,-1.0,,28.303203297889752
2024-04-12,27.681270271791853,-1.0,,28.302770271791854
2024-04-15,27.68362498504752,1.0,27.062324985047518,
2024-04-16,27.68845994818278,1.0,27.06730994818278,
2024-04-17,27.69609628171957,1.0,27.07484628171957,
2024-04-18,27.706309533797643,1.0,27.082859533797645,
2024-04-19,27.72029105287463,1.0,27.09834105287463,
2024-04-22,27.73968931418139,1.0,27.11608931418139,
2024-04-23,27.7635701455675,1.0,27.1390201455675,
2024-04-24,27.790856076347573,1.0,27.166506076347574,
2024-04-25,27.823262468684007,1.0,27.197012468684008,
2024-04-26,27.86130974306556,1.0,27.23520974306556,
2024-04-29,27.90589982455112,1.0,27.27894982455112,
2024-04-30,27.955753382417033,1.0,27.32845338241703,
2024-05-02,28.010419393459312,1.0,27.383219393459314,
2024-05-03,28.067814858970575,1.0,27.438064858970574,
2024-05-06,28.128066277115295,1.0,27.498416277115293,
2024-05-07,28.19180233081401,1.0,27.56345233081401,
2024-05-08,28.25987111133467,1.0,27.62917111133467,
2024-05-09,28.332503458134852,1.0,27.700153458134853,
2024-05-10,28.40867749673223,1.0,27.77562749673223,
2024-05-13,28.48780022359396,1.0,27.85540022359396,
2024-05-14,28.567422421423647,1.0,27.931822421423647,
2024-05-15,28.641249561554034,1.0,27.995399561554034,
2024-05-16,28.70715323805441,1.0,28.05780323805441,
2024-05-17,28.764447176637237,1.0,28.116997176637238,
2024-05-20,28.814202295889476,1.0,28.166502295889476,
2024-05-21,28.857035801618565,1.0,28.211985801618564,
2024-05-22,28.89490325129052,1.0,28.249653251290518,
2024-05-23,28.92741879546806,1.0,28.280418795468062,
2024-05-24,28.95469627410888,1.0,28.30729627410888,
2024-05-27,28.978277598222977,1.0,28.333827598222978,
2024-05-28,29.00048149360847,1.0,28.35323149360847,
2024-05-29,29.021290038218797,1.0,28.374440038218797,
2024-05-31,29.04332744629166,1.0,28.393877446291658,
2024-06-03,29.065842201727694,1.0,28.416992201727695,
2024-06-04,29.087680658993193,1.0,28.438380658993193,
2024-06-05,29.108985027808878,1.0,28.459885027808877,
2024-06-06,29.130191174424105,1.0,28.484191174424105,
2024-06-07,29.14774211254265,1.0,28.49919211254265,
2024-06-10,29.163411952353783,1.0,28.513461952353783,
2024-06-11,29.177794109937583,1.0,28.52759410993758,
2024-06-12,29.188806096182915,1.0,28.536456096182917,
2024-06-13,29.19594263498425,1.0,28.539642634984247,
2024-06-14,29.197720428945182,1.0,28.541720428945183,
2024-06-17,29.195155656210382,-1.0,,29.85150565621038
2024-06-18,29.1915053704839,-1.0,,29.850805370483897
2024-06-19,29.1869807749588,-1.0,,29.846780774958802
2024-06-20,29.18313323471007,-1.0,,29.84498323471007
2024-06-21,29.180446798807843,-1.0,,29.843246798807844
2024-06-24,29.179619492937704,-1.0,,29.841619492937703
2024-06-25,29.180355739111803,-1.0,,29.841205739111803
2024-06-26,29.182578690766803,1.0,28.521828690766803,
2024-06-27,29.18764294073172,1.0,28.52784294073172,
2024-06-28,29.1960090790095,1.0,28.5364090790095,
2024-07-01,29.208689083055642,1.0,28.54768908305564,
2024-07-02,29.224785664247733,1.0,28.56238566424773,
2024-07-03,29.242140630088677,1.0,28.57704063008868,
2024-07-04,29.259269082823206,1.0,28.593169082823206,
2024-07-05,29.27664278365757,1.0,28.61179278365757,
2024-07-08,29.296440172121432,1.0,28.627990172121432,
2024-07-09,29.318292028063823,1.0,28.651142028063823,
2024-07-10,29.340970474318535,1.0,28.673470474318535,
2024-07-11,29.364951338932347,1.0,28.69805133893235,
2024-07-12,29.389529750117955,1.0,28.723429750117955,
2024-07-15,29.41542177992813,1.0,28.74847177992813,
2024-07-16,29.442132252139885,1.0,28.775032252139884,
2024-07-17,29.46997049648244,1.0,28.80422049648244,
2024-07-18,29.498551925688965,1.0,28.835251925688965,
2024-07-19,29.528065601801853,1.0,28.864365601801854,
2024-07-22,29.55641022509139,1.0,28.89106022509139,
2024-07-23,29.58243714761283,1.0,28.91773714761283,
2024-07-24,29.607104194497357,1.0,28.942254194497355,
2024-07-25,29.63038357694099,1.0,28.96918357694099,
2024-07-26,29.652255338263803,1.0,28.9905053382638,
2024-07-29,29.6709700695255,1.0,29.009220069525497,
2024-07-30,29.68628160268317,1.0,29.02803160268317,
2024-07-31,29.700466090012245,1.0,29.041266090012247,
2024-08-01,29.712196409575732,1.0,29.051446409575732,
2024-08-02,29.718988338539248,1.0,29.058088338539246,
2024-08-05,29.721386036728333,1.0,29.058936036728333,
2024-08-06,29.721490500759238,1.0,29.057390500759237,
2024-08-07,29.71946864837114,-1.0,,30.38326864837114
2024-08-08,29.71702310360655,-1.0,,30.38187310360655
2024-08-09,29.71337809345657,-1.0,,30.378578093456568
2024-08-12,29.710743679710752,-1.0,,30.372143679710753
2024-08-13,29.7084415605186,-1.0,,30.368891560518602
2024-08-14,29.708048995104466,-1.0,,30.370198995104467
2024-08-15,29.710750954405178,1.0,29.048600954405178,
2024-08-16,29.716549102508207,1.0,29.055949102508208,
2024-08-19,29.724877179034134,1.0,29.065727179034134,
2024-08-20,29.73501595679192,1.0,29.07506595679192,
2024-08-21,29.74614590663147,1.0,29.085595906631468,
2024-08-22,29.758230653731964,1.0,29.098830653731962,
2024-08-23,29.770522338452963,1.0,29.110622338452963,
2024-08-26,29.789777946301328,1.0,29.121627946301327,
2024-08-27,29.813720005681237,1.0,29.146570005681237,
2024-08-28,29.84310533740588,1.0,29.17495533740588,
2024-08-29,29.876469333085556,1.0,29.208019333085556,
2024-08-30,29.913296226770388,1.0,29.24549622677039,
2024-09-02,29.9521018163486,1.0,29.2848518163486,
2024-09-03,29.991305218522367,1.0,29.325005218522367,
2024-09-04,30.030765357702933,1.0,29.36761535770293,
2024-09-05,30.06970714864537,1.0,29.407407148645373,
2024-09-06,30.10615329430686,1.0,29.44275329430686,
2024-09-09,30.141361977425383,1.0,29.478561977425382,
2024-09-10,30.173768874375877,1.0,29.50856887437588,
2024-09-11,30.203536343230645,1.0,29.538486343230645,
2024-09-12,30.229853110051884,1.0,29.564853110051885,
2024-09-13,30.252641766769884,1.0,29.585691766769884,
2024-09-16,30.273551021591036,1.0,29.606401021591036,
2024-09-17,30.292320660186533,1.0,29.625620660186534,
2024-09-18,30.306900782228027,1.0,29.638250782228027,
2024-09-19,30.318088359076054,1.0,29.649788359076055,
2024-09-20,30.326248587664416,1.0,29.658398587664415,
2024-09-23,30.33270186830749,1.0,29.66650186830749,
2024-09-24,30.338017068855677,1.0,29.673167068855676,
2024-09-25,30.34300439601922,1.0,29.679504396019222,
2024-09-26,30.345674621608193,1.0,29.67942462160819,
2024-09-27,30.345941689109655,1.0,29.680691689109654,
2024-09-30,30.343861948569128,-1.0,,31.008661948569127
2024-10-01,30.342189415586304,-1.0,,31.009689415586305
2024-10-02,30.34217981970507,-1.0,,31.01072981970507
2024-10-03,30.344769211041456,1.0,29.676019211041456,
2024-10-04,30.349371409786958,1.0,29.680021409786956,
2024-10-07,30.35708077303876,1.0,29.68723077303876,
2024-10-08,30.365525356364515,1.0,29.693525356364514,
2024-10-09,30.37359339411284,1.0,29.700693394112843,
2024-10-10,30.382423921822607,1.0,29.709673921822606,
2024-10-11,30.391799695611294,1.0,29.718699695611292,
2024-10-14,30.401870442472042,1.0,29.727670442472043,
2024-10-15,30.411710504111664,1.0,29.737210504111665,
2024-10-16,30.420822569375616,1.0,29.749972569375615,
2024-10-17,30.42855770457587,1.0,29.75865770457587,
2024-10-18,30.434818761461205,1.0,29.764868761461205,
2024-10-21,30.43831625648772,1.0,29.76891625648772,
2024-10-22,30.439018273608223,1.0,29.770918273608224,
2024-10-23,30.436130461294667,-1.0,,31.103680461294665
2024-10-24,30.43073784816854,-1.0,,31.098587848168542
2024-10-25,30.42379541836376,-1.0,,31.09189541836376
2024-10-28,30.415366510684432,-1.0,,31.08401651068443
2024-10-29,30.405480021925843,-1.0,,31.074080021925845
2024-10-30,30.393948654141965,-1.0,,31.063448654141965
2024-10-31,30.381172111488077,-1.0,,31.050272111488077
2024-11-01,30.3660769032543,-1.0,,31.0371769032543
2024-11-04,30.349221374826683,-1.0,,31.020571374826684
2024-11-05,30.33060231306463,-1.0,,31.000902313064632
2024-11-06,30.31053244375989,-1.0,,30.97978244375989
2024-11-07,30.289537321608897,-1.0,,30.956287321608897
2024-11-08,30.26950490749221,-1.0,,30.935254907492208
2024-11-11,30.250561077287138,-1.0,,30.91571107728714
2024-11-12,30.234331651470725,-1.0,,30.900481651470724
2024-11-13,30.22039816619645,-1.0,,30.88489816619645
2024-11-14,30.20950441437661,-1.0,,30.87075441437661
2024-11-18,30.20368557615585,-1.0,,30.86668557615585
2024-11-19,30.20129191486328,-1.0,,30.86424191486328
2024-11-21,30.202174872520217,-1.0,,30.863424872520216
2024-11-22,30.2097603219392,1.0,29.5434603219392,
2024-11-25,30.222553325452946,1.0,29.555503325452946,
2024-11-26,30.23972877317539,1.0,29.57462877317539,
2024-11-27,30.260335721270593,1.0,29.594685721270594,
2024-11-28,30.282851228664256,1.0,29.618701228664257,
2024-11-29,30.307738231388736,1.0,29.643238231388736,
2024-12-02,30.335269489118506,1.0,29.669569489118505,
2024-12-03,30.3659229693187,1.0,29.7013729693187,
2024-12-04,30.398555937481472,1.0,29.73255593748147,
2024-12-05,30.433807994352275,1.0,29.768507994352277,
2024-12-06,30.46968686862028,1.0,29.80358686862028,
2024-12-09,30.50857522130034,1.0,29.84102522130034,
2024-12-10,30.550342311515855,1.0,29.882742311515855,
2024-12-11,30.595516209881566,1.0,29.935866209881567,
2024-12-12,30.641663769079425,1.0,29.983163769079425,
2024-12-13,30.68789811120716,1.0,30.02854811120716,
2024-12-16,30.733630770494372,1.0,30.075080770494374,
2024-12-17,30.779744860980706,1.0,30.121144860980706,
2024-12-18,30.823413420434676,1.0,30.163313420434676,
2024-12-19,30.864439583772924,1.0,30.202639583772925,
2024-12-20,30.902194588946994,1.0,30.256794588946995,
2024-12-23,30.937007852211117,1.0,30.299057852211117,
2024-12-26,30.969517140508557,1.0,30.33556714050856,
2024-12-27,30.99960422282822,1.0,30.36765422282822,
2024-12-30,31.028940752968158,1.0,30.39659075296816,
2025-01-02,31.059143424298956,1.0,30.424643424298957,
2025-01-03,31.088923360142655,1.0,30.455673360142654,
2025-01-06,31.117776822057923,1.0,30.486426822057922,
2025-01-07,31.147840445714476,1.0,30.515240445714475,
2025-01-08,31.178061147547453,1.0,30.547361147547452,
2025-01-09,31.208759361576007,1.0,30.579709361576008,
2025-01-10,31.24005831109328,1.0,30.610858311093278,
2025-01-13,31.272125718532767,1.0,30.642125718532768,
2025-01-14,31.304082413844107,1.0,30.673682413844105,
2025-01-15,31.33714563653028,1.0,30.70824563653028,
2025-01-16,31.37039019023345,1.0,30.741040190233452,
2025-01-17,31.40412405274815,1.0,30.77602405274815,
2025-01-20,31.43842853037112,1.0,30.81182853037112,
2025-01-21,31.47312478309874,1.0,30.851174783098738,
2025-01-22,31.50749735790743,1.0,30.88799735790743,
2025-01-23,31.540767644644212,1.0,30.922917644644212,
2025-01-24,31.572445380922197,1.0,30.956295380922196,
2025-01-27,31.60412291912885,1.0,30.98822291912885,
2025-01-28,31.635547032786658,1.0,31.018997032786658,
2025-01-29,31.666032349678026,1.0,31.051882349678028,
2025-01-30,31.696936853921187,1.0,31.082586853921185,
2025-01-31,31.72894865007711,1.0,31.11239865007711,
2025-02-03,31.761300736148574,1.0,31.145000736148575,
2025-02-04,31.79282637255279,1.0,31.17692637255279,
2025-02-05,31.82281963414768,1.0,31.20971963414768,
2025-02-06,31.851165108042064,1.0,31.240015108042066,
2025-02-07,31.87742608022369,1.0,31.26572608022369,
2025-02-10,31.90246801864436,1.0,31.29156801864436,
2025-02-11,31.92636810869194,1.0,31.318768108691938,
2025-02-12,31.947677965223853,1.0,31.339527965223855,
2025-02-13,31.96678452845325,1.0,31.36033452845325,
2025-02-14,31.986978020674,1.0,31.377178020674002,
2025-02-17,32.00867790260821,1.0,31.398777902608213,
2025-02-18,32.03351694529866,1.0,31.425066945298656,
2025-02-19,32.061236467035926,1.0,31.451786467035927,
2025-02-20,32.0915396977755,1.0,31.483489697775504,
2025-02-21,32.12372546164161,1.0,31.51807546164161,
2025-02-24,32.15671070886356,1.0,31.551460708863555,
2025-02-25,32.18982652686632,1.0,31.58417652686632,
2025-02-26,32.22295365185814,1.0,31.61690365185814,
2025-02-27,32.252298185917894,1.0,31.641048185917892,
2025-02-28,32.27638919792439,1.0,31.674789197924387,
2025-03-05,32.292222519415155,1.0,31.690022519415155,
2025-03-06,32.2998366829399,1.0,31.696336682939897,
2025-03-07,32.30124420695689,1.0,31.69704420695689,
2025-03-10,32.29719803460018,-1.0,,32.90214803460018
2025-03-11,32.287008110393195,-1.0,,32.8922081103932
2025-03-12,32.27148635566968,-1.0,,32.87418635566968
2025-03-13,32.252288288866104,-1.0,,32.854788288866104
2025-03-14,32.23282395310497,-1.0,,32.83967395310497
2025-03-17,32.215016889546284,-1.0,,32.82091688954628
2025-03-18,32.198773831449415,-1.0,,32.80502383144942
2025-03-19,32.18388448350237,-1.0,,32.78703448350237
2025-03-20,32.17044011942212,-1.0,,32.77489011942212
2025-03-21,32.159818203391886,-1.0,,32.764668203391885
2025-03-24,32.151569161994644,-1.0,,32.75696916199465
2025-03-25,32.14619234735977,-1.0,,32.75354234735977
2025-03-26,32.14430082018644,-1.0,,32.74800082018644
2025-03-27,32.14623293127233,1.0,31.54433293127233,
2025-03-28,32.150845912620085,1.0,31.547395912620086,
2025-03-31,32.15704080951973,1.0,31.55689080951973,
2025-04-01,32.16496956800414,1.0,31.566569568004137,
2025-04-02,32.17413933364369,1.0,31.579089333643687,
2025-04-03,32.18104638081924,1.0,31.58234638081924,
2025-04-04,32.181987880844815,1.0,31.578937880844816,
2025-04-07,32.17396684715558,-1.0,,32.781216847155584
2025-04-08,32.154921840658496,-1.0,,32.76742184065849
2025-04-09,32.12987780423605,-1.0,,32.751277804236054
2025-04-10,32.0940001863348,-1.0,,32.7223501863348
2025-04-11,32.050481563038694,-1.0,,32.684081563038696
2025-04-14,32.00008629470786,-1.0,,32.638436294707866
2025-04-15,31.941828642241767,-1.0,,32.58057864224177
2025-04-16,31.876887852896765,-1.0,,32.51653785289677
2025-04-17,31.807957450734776,-1.0,,32.44890745073478
2025-04-22,31.735943927009444,-1.0,,32.37839392700944
2025-04-23,31.660500965677834,-1.0,,32.30465096567784
2025-04-24,31.581894983152058,-1.0,,32.22624498315206
2025-04-25,31.501019497099275,-1.0,,32.145619497099275
2025-04-28,31.418072455936358,-1.0,,32.06012245593636
2025-04-29,31.334039252700702,-1.0,,31.977389252700704
2025-04-30,31.247706071583366,-1.0,,31.891556071583366
2025-05-02,31.161927187388073,-1.0,,31.808077187388072
2025-05-05,31.07367351372532,-1.0,,31.723523513725322
2025-05-06,30.98489729488501,-1.0,,31.63569729488501
2025-05-07,30.896343243629097,-1.0,,31.5473932436291
2025-05-08,30.80943595380964,-1.0,,31.46243595380964
2025-05-09,30.724793848172805,-1.0,,31.378993848172804
2025-05-12,30.64446908682589,-1.0,,31.302819086825888
2025-05-13,30.56952665142435,-1.0,,31.22877665142435
2025-05-14,30.498895168577167,-1.0,,31.15784516857717
2025-05-15,30.432122075234552,-1.0,,31.091072075234553
2025-05-16,30.3693584385384,-1.0,,31.0286584385384
2025-05-19,30.310165593577594,-1.0,,30.968565593577594
2025-05-20,30.25464561959169,-1.0,,30.909945619591692
2025-05-21,30.201480959942966,-1.0,,30.857930959942966
2025-05-22,30.149359068295364,-1.0,,30.805209068295365
2025-05-23,30.098526155800872,-1.0,,30.752576155800874
2025-05-26,30.048697064931115,-1.0,,30.700047064931116
2025-05-27,30.000518925944952,-1.0,,30.64901892594495
2025-05-28,29.95365237520723,-1.0,,30.59820237520723
2025-05-29,29.907549035153572,-1.0,,30.55114903515357
2025-05-30,29.86129372408476,-1.0,,30.50344372408476
2025-06-02,29.81557627124437,-1.0,,30.45562627124437
2025-06-03,29.77022206512228,-1.0,,30.40927206512228
2025-06-04,29.722938112466977,-1.0,,30.36478811246698
2025-06-05,29.674147129185602,-1.0,,30.314447129185602
2025-06-06,29.62496696485145,-1.0,,30.264266964851448
2025-06-09,29.574266269353657,-1.0,,30.214166269353658
2025-06-10,29.52493788606424,-1.0,,30.168187886064242
2025-06-11,29.47984404844808,-1.0,,30.12504404844808
2025-06-12,29.44060214835752,-1.0,,30.08790214835752
2025-06-13,29.408854056067824,-1.0,,30.060954056067825
2025-06-16,29.38281622369988,-1.0,,30.03626622369988
2025-06-17,29.363952543910553,-1.0,,30.010302543910555
2025-06-18,29.351317288364253,-1.0,,29.998467288364253
2025-06-20,29.343910503543352,-1.0,,29.989060503543353
2025-06-23,29.338734603014057,-1.0,,29.988734603014056
2025-06-24,29.333692917382933,-1.0,,29.984542917382935
2025-06-25,29.328318938075288,-1.0,,29.978668938075288
2025-06-26,29.323384677229786,-1.0,,29.972984677229785
2025-06-27,29.31813644055611,-1.0,,29.96753644055611
2025-06-30,29.313126479800548,-1.0,,29.961876479800548
2025-07-01,29.30865012800851,-1.0,,29.95485012800851
2025-07-02,29.306265816676554,-1.0,,29.953115816676554
2025-07-03,29.30602528856498,-1.0,,29.95102528856498
2025-07-04,29.3075639858462,1.0,28.6649139858462,
2025-07-07,29.31046511812635,1.0,28.668415118126347,
2025-07-08,29.315879915272863,1.0,28.675179915272864,
2025-07-09,29.322883204808743,1.0,28.683683204808744,
2025-07-10,29.331034471652398,1.0,28.690584471652397,
2025-07-11,29.341278861581362,1.0,28.701878861581363,
2025-07-14,29.35207850911569,1.0,28.712278509115688,
2025-07-15,29.362616260191682,1.0,28.72151626019168,
2025-07-16,29.372427610837462,1.0,28.732127610837463,
2025-07-17,29.38064421250145,1.0,28.741344212501453,
2025-07-18,29.386078863596996,1.0,28.744828863596997,
2025-07-21,29.389223083955464,1.0,28.749973083955464,
2025-07-22,29.39122621095095,1.0,28.75112621095095,
2025-07-23,29.39408734203367,1.0,28.752087342033672,
2025-07-24,29.39753359826672,1.0,28.76078359826672,
2025-07-25,29.401604001668282,1.0,28.767554001668284,
2025-07-28,29.406299676492978,1.0,28.77224967649298,
2025-07-29,29.412735891428934,1.0,28.778085891428933,
2025-07-30,29.42163281641027,1.0,28.78663281641027,
2025-07-31,29.432278251977763,1.0,28.800028251977764,
2025-08-01,29.443176858854557,1.0,28.809326858854558,
2025-08-04,29.45410765750725,1.0,28.82095765750725,
2025-08-05,29.465466754751954,1.0,28.831916754751955,
2025-08-06,29.477288556584856,1.0,28.842488556584858,
2025-08-07,29.49000474597257,1.0,28.85555474597257,
2025-08-08,29.497695129919524,1.0,28.855545129919523,
2025-08-11,29.501501304410112,1.0,28.859151304410112,
2025-08-12,29.50215285678693,1.0,28.85960285678693,
2025-08-13,29.499397307809296,-1.0,,30.140547307809296
2025-08-14,29.492528709689797,-1.0,,30.135678709689795
2025-08-15,29.48205975701196,-1.0,,30.12525975701196
2025-08-18,29.46903830894765,-1.0,,30.112838308947648
2025-08-19,29.452898747725335,-1.0,,30.096448747725336
2025-08-20,29.4346142585581,-1.0,,30.0763642585581
2025-08-21,29.414731008954377,-1.0,,30.055931008954378
2025-08-22,29.395808174652338,-1.0,,30.03860817465234
2025-08-25,29.378309551381957,-1.0,,30.021109551381958
2025-08-26,29.361457373092737,-1.0,,30.001857373092736
2025-08-27,29.34590392435676,-1.0,,29.985503924356763
2025-08-28,29.33230763415993,-1.0,,29.97175763415993
2025-08-29,29.320989184905084,-1.0,,29.961039184905083
2025-09-01,29.311880396912326,-1.0,,29.950880396912325
2025-09-02,29.305193955247724,-1.0,,29.942993955247722
2025-09-03,29.299867769700242,-1.0,,29.93756776970024
2025-09-04,29.295745586832055,-1.0,,29.931795586832056
2025-09-05,29.29129198354968,-1.0,,29.92944198354968
2025-09-08,29.286934938290702,-1.0,,29.925334938290703
2025-09-09,29.283357834752955,-1.0,,29.919307834752956
2025-09-10,29.28211603542131,-1.0,,29.91836603542131
2025-09-11,29.282575711486405,-1.0,,29.917525711486405
2025-09-12,29.283899205455295,1.0,28.654299205455295,
2025-09-15,29.28677886218768,1.0,28.65777886218768,
2025-09-16,29.291225146554662,1.0,28.662375146554663,
2025-09-17,29.29758340578449,1.0,28.66968340578449,
2025-09-18,29.304691900764066,1.0,28.677541900764066,
2025-09-19,29.311410095116678,1.0,28.68506009511668,
2025-09-22,29.318665912853525,1.0,28.691865912853526,
2025-09-23,29.3279188859514,1.0,28.6994688859514,
2025-09-24,29.3410260960925,1.0,28.712676096092498,
2025-09-25,29.35668221395877,1.0,28.72813221395877,
2025-09-26,29.37420489279813,1.0,28.74590489279813,
2025-09-29,29.392000463271422,1.0,28.764550463271423,
2025-09-30,29.408955880477134,1.0,28.779605880477135,
2025-10-01,29.42487723076085,1.0,28.797677230760847,
2025-10-02,29.43897831042471,1.0,28.813828310424707,
2025-10-03,29.45119854207335,1.0,28.82794854207335,
2025-10-06,29.4609017548802,1.0,28.837001754880202,
2025-10-07,29.468718621781797,1.0,28.845168621781795,
2025-10-08,29.474337386207342,1.0,28.85273738620734,
2025-10-09,29.476717546787093,1.0,28.85606754678709,
2025-10-10,29.475456899759124,1.0,28.855956899759125,
2025-10-13,29.471889953530955,-1.0,,30.091589953530956
2025-10-14,29.46570056849964,-1.0,,30.086400568499638
2025-10-15,29.456434851923976,-1.0,,30.077784851923976
2025-10-16,29.44364408659468,-1.0,,30.06374408659468
2025-10-17,29.42865282255891,-1.0,,30.04775282255891
2025-10-20,29.4118180367171,-1.0,,30.0297680367171
2025-10-21,29.392743937565267,-1.0,,30.01039393756527
2025-10-22,29.37276628582739,-1.0,,29.98826628582739
2025-10-23,29.353053987044262,-1.0,,29.969603987044263
2025-10-24,29.332611251749327,-1.0,,29.950961251749327
2025-10-27,29.312059333125713,-1.0,,29.929609333125715
2025-10-28,29.291444816265443,-1.0,,29.909194816265444
2025-10-29,29.270932588626003,-1.0,,29.887982588626002
2025-10-30,29.25020118377648,-1.0,,29.86685118377648
2025-10-31,29.2289086322026,-1.0,,29.8458586322026
2025-11-03,29.208246439585043,-1.0,,29.82624643958504
2025-11-04,29.188632696825906,-1.0,,29.806882696825905
2025-11-05,29.171762411584982,-1.0,,29.790712411584984
2025-11-06,29.15780453626214,-1.0,,29.77615453626214
2025-11-07,29.1498741366486,-1.0,,29.7713741366486
2025-11-10,29.14775735088037,-1.0,,29.77000735088037
2025-11-11,29.15320284955493,1.0,28.52945284955493,
2025-11-12,29.162721743895013,1.0,28.536121743895013,
2025-11-13,29.17617023349674,1.0,28.54912023349674,
2025-11-14,29.19362764196362,1.0,28.56647764196362,
2025-11-17,29.215057768906956,1.0,28.591057768906957,
2025-11-18,29.24023065621713,1.0,28.61578065621713,
2025-11-19,29.268096778696112,1.0,28.644496778696112,
2025-11-21,29.297483511817735,1.0,28.673333511817734,
2025-11-24,29.32801358463445,1.0,28.703913584634453,
2025-11-25,29.35867196073073,1.0,28.73537196073073,
2025-11-26,29.38922325881884,1.0,28.76642325881884,
2025-11-27,29.42008245124713,1.0,28.798132451247128,
2025-11-28,29.44931638502867,1.0,28.82531638502867,
2025-12-01,29.477226880562863,1.0,28.851776880562863,
2025-12-02,29.50454662127433,1.0,28.881646621274328,
2025-12-03,29.53194806946945,1.0,28.90914806946945,
2025-12-04,29.55995601121619,1.0,28.93845601121619,
2025-12-05,29.58502688859685,1.0,28.95972688859685,
2025-12-08,29.60832418239167,1.0,28.98122418239167,
2025-12-09,29.630590040856788,1.0,29.00239004085679,
2025-12-10,29.652103473778478,1.0,29.024853473778478,
2025-12-11,29.670908940882533,1.0,29.043108940882533,
2025-12-12,29.688253270369405,1.0,29.060503270369406,
2025-12-15,29.70457832774889,1.0,29.08627832774889,
2025-12-16,29.717141383037603,1.0,29.097191383037604,
2025-12-17,29.727404506946637,1.0,29.111904506946637,
2025-12-18,29.735100888019534,1.0,29.122300888019534,
2025-12-19,29.74084273086544,1.0,29.12954273086544,
2025-12-22,29.745139537182606,1.0,29.134139537182605,
2025-12-23,29.7483165515879,1.0,29.1398665515879,
2025-12-26,29.75081621238384,1.0,29.14276621238384,
2025-12-29,29.753677995221608,1.0,29.145877995221607,
2025-12-30,29.75712608966147,1.0,29.15397608966147,
2026-01-02,29.760734267178982,1.0,29.158734267178982,
2026-01-05,29.762920693958435,1.0,29.158020693958434,
2026-01-06,29.762184830234197,1.0,29.154684830234196,
2026-01-07,29.759458234667097,-1.0,,30.365208234667097
2026-01-08,29.756118432899957,-1.0,,30.360768432899956
2026-01-09,29.752563727324265,-1.0,,30.358213727324266
2026-01-12,29.749018472639882,-1.0,,30.35246847263988
2026-01-13,29.74784893801888,-1.0,,30.35329893801888
2026-01-14,29.75133052732157,1.0,29.141680527321572,
2026-01-15,29.758241574406785,1.0,29.149391574406785,
2026-01-16,29.768900227569418,1.0,29.16050022756942,
2026-01-19,29.783169525134262,1.0,29.176919525134263,
2026-01-20,29.800918705848463,1.0,29.193868705848462,
2026-01-21,29.82509244819087,1.0,29.21894244819087,
2026-01-22,29.855264900337527,1.0,29.254514900337526,
2026-01-23,29.894983495849328,1.0,29.291383495849328,
2026-01-26,29.94390481451574,1.0,29.34615481451574,
2026-01-27,30.003033790067565,1.0,29.411233790067566,
2026-01-28,30.074549338006836,1.0,29.485699338006835,
2026-01-29,30.157741699738136,1.0,29.569541699738135,
2026-01-30,30.251055876582722,1.0,29.66455587658272,
2026-02-02,30.351335630581445,1.0,29.763135630581445,
2026-02-03,30.458408531376694,1.0,29.867208531376694,
2026-02-04,30.570893741412682,1.0,29.980193741412684,
2026-02-05,30.686173741159493,1.0,30.096173741159493,
2026-02-06,30.802481906858976,1.0,30.214281906858975,
2026-02-09,30.921373435717094,1.0,30.332373435717095,
2026-02-10,31.04224459177609,1.0,30.45239459177609,
2026-02-11,31.166670609120345,1.0,30.573820609120347,
2026-02-12,31.290868585007637,1.0,30.694768585007637,
2026-02-13,31.413831259799018,1.0,30.817481259799017,
2026-02-18,31.53623345129767,1.0,30.94108345129767,
2026-02-19,31.65962720021849,1.0,31.06457720021849,
2026-02-20,31.784000069876672,1.0,31.18970006987667,
2026-02-23,31.910733449749205,1.0,31.311383449749204,
2026-02-24,32.04208017152442,1.0,31.44088017152442,
2026-02-25,32.17704703117246,1.0,31.573697031172458,
2026-02-26,32.31487977324811,1.0,31.713179773248108,
2026-02-27,32.4539498606917,1.0,31.851799860691703,
2026-03-02,32.59909503046458,1.0,31.98819503046458,
2026-03-03,32.74856653036917,1.0,32.13381653036917,
2026-03-04,32.89998713576357,1.0,32.28143713576357,
2026-03-05,33.05319790220376,1.0,32.432747902203765,
2026-03-06,33.211806281848446,1.0,32.581606281848444,
2026-03-09,33.37779757128727,1.0,32.74024757128727,
2026-03-10,33.549037241961265,1.0,32.908437241961266,
2026-03-11,33.729970881816875,1.0,33.082270881816875,
2026-03-12,33.91942636449431,1.0,33.264276364494314,
2026-03-13,34.114710681251076,1.0,33.456060681251074,
2026-03-16,34.31723755871221,1.0,33.65348755871221,
2026-03-17,34.527877638658055,1.0,33.857977638658056,
2026-03-18,34.746838718763605,1.0,34.0748887187636,
2026-03-19,34.97170288275432,1.0,34.29610288275432,
2026-03-20,35.19767447408893,1.0,34.51492447408893,
2026-03-23,35.42499740284887,1.0,34.73859740284887,
2026-03-24,35.65654694956889,1.0,34.96279694956889,
2026-03-25,35.89175047498194,1.0,35.19410047498194,
2026-03-26,36.13099592389955,1.0,35.43214592389955,
2026-03-27,36.37724496875974,1.0,35.67634496875974,
2026-03-30,36.629619703752155,1.0,35.92761970375216,
2026-03-31,36.88355196782303,1.0,36.17290196782303,
2026-04-01,37.13411879057035,1.0,36.42076879057035,
2026-04-02,37.3833271838204,1.0,36.6637771838204,
2026-04-06,37.632964464393005,1.0,36.912064464393005,
2026-04-07,37.880899862853695,1.0,37.1576998628537,
2026-04-08,38.12084462099271,1.0,37.38069462099271,
2026-04-09,38.356945445996935,1.0,37.614445445996935,
2026-04-10,38.59240019693681,1.0,37.84655019693681,
2026-04-13,38.828824333229164,1.0,38.078624333229165,
2026-04-14,39.05962550753439,1.0,38.300925507534394,
2026-04-15,39.281794662460584,1.0,38.51784466246058,
2026-04-16,39.50085533420432,1.0,38.72930533420432,
2026-04-17,39.709391666172664,1.0,38.92119166617266,
2026-04-20,39.91051226495378,1.0,39.11971226495378,
2026-04-22,40.10648880811588,1.0,39.31313880811588,
2026-04-23,40.29932039420981,1.0,39.50167039420981,
2026-04-24,40.48694819290417,1.0,39.68449819290417,
2026-04-27,40.670102512091006,1.0,39.865302512091006,
2026-04-28,40.84921772893384,1.0,40.04376772893384,
2026-04-29,41.02865437693689,1.0,40.217704376936894,
2026-04-30,41.208187339781574,1.0,40.394437339781575,
2026-05-04,41.38805388271228,1.0,40.572703882712275,
2026-05-05,41.565576517557176,1.0,40.747876517557174,
2026-05-06,41.73625465573134,1.0,40.91060465573133,
2026-05-07,41.89720376381593,1.0,41.06315376381593,
2026-05-08,42.047486156789134,1.0,41.21373615678913,
2026-05-11,42.1903161294667,1.0,41.3547161294667,
2026-05-12,42.32390289671863,1.0,41.48590289671863,
2026-05-13,42.445595557217075,1.0,41.603745557217074,
2026-05-14,42.55786074370026,1.0,41.71286074370026,
2026-05-15,42.66297404848674,1.0,41.81647404848674,
2026-05-18,42.76449452701513,1.0,41.911644527015135,
2026-05-19,42.8614785120848,1.0,42.0072285120848,
2026-05-20,42.949643555922435,1.0,42.088743555922434,
2026-05-21,43.03092161680621,1.0,42.16592161680621,
2026-05-22,43.10450911795782,1.0,42.238209117957815,
2026-05-25,43.16783700864944,1.0,42.29553700864944,
2026-05-26,43.2221360446797,1.0,42.3484860446797,
2026-05-27,43.266493249032834,1.0,42.389993249032834,
2026-05-28,43.30107261734864,1.0,42.42232261734864,
2026-05-29,43.32545851413251,1.0,42.45260851413251,
2026-06-01,43.34198624026652,1.0,42.466236240266525,
2026-06-02,43.35092048814558,1.0,42.475370488145586,
2026-06-03,43.35220581301004,1.0,42.475655813010036,
2026-06-05,43.345693503569215,-1.0,,44.222843503569216
2026-06-08,43.3334173472048,-1.0,,44.2107673472048
2026-06-09,43.315992450261376,-1.0,,44.194192450261376
2026-06-10,43.29561509059226,-1.0,,44.17661509059226
2026-06-11,43.2730645161017,-1.0,,44.1575145161017
2026-06-12,43.24688830661027,-1.0,,44.13403830661027
2026-06-15,43.211054790911405,-1.0,,44.105104790911405
2026-06-16,43.16528933643793,-1.0,,44.06193933643793
2026-06-17,43.111088332535424,-1.0,,44.00868833253542
2026-06-18,43.050559422544175,-1.0,,43.95500942254417
2026-06-19,42.98453896854376,-1.0,,43.88923896854376
2026-06-22,42.915076395996756,-1.0,,43.821076395996755
2026-06-23,42.84332037100334,-1.0,,43.751470371003336
2026-06-24,42.76656002398023,-1.0,,43.678610023980234
2026-06-25,42.6861650662713,-1.0,,43.5999150662713
2026-06-26,42.601637164700314,-1.0,,43.51613716470031
2026-06-29,42.514011389781004,-1.0,,43.426461389781004
2026-06-30,42.42289868806242,-1.0,,43.33539868806242
2026-07-01,42.32911746419376,-1.0,,43.24176746419376
2026-07-02,42.233700513011115,-1.0,,43.147450513011115
2026-07-03,42.13814364372983,-1.0,,43.05289364372983
