Data,MACD_Linha_12_26,MACD_Sinal_9,MACD_Hist_12_26_9
2021-07-05,0.0,0.0,0.0
2021-07-06,-0.02632478632478552,-0.005264957264957105,-0.021059829059828415
2021-07-07,-0.0386724133732681,-0.011946448486619304,-0.026725964886648794
2021-07-08,-0.05987158085144273,-0.02153147495958399,-0.03834010589185874
2021-07-12,-0.0710119931964357,-0.03142757860695433,-0.039584414589481365
2021-07-13,-0.07494237901434708,-0.04013053868843289,-0.034811840325914195
2021-07-14,-0.08195402170343158,-0.048495235291432626,-0.03345878641199895
2021-07-15,-0.10007477854868707,-0.05881114394288352,-0.041263634605803554
2021-07-16,-0.12190642817333153,-0.07143020078897312,-0.050476227384358405
2021-07-19,-0.14799212029322817,-0.08674258468982413,-0.06124953560340404
2021-07-20,-0.15876590049778283,-0.10114724785141588,-0.05761865264636695
2021-07-21,-0.156622669598244,-0.11224233220078152,-0.044380337397462485
2021-07-22,-0.15475406795788338,-0.1207446793522019,-0.03400938860568148
2021-07-23,-0.15551508869027408,-0.12769876121981635,-0.02781632747045773
2021-07-26,-0.13758694152972328,-0.12967639728179775,-0.007910544247925533
2021-07-27,-0.12915221721271397,-0.129571561267981,0.0004193440552670291
2021-07-28,-0.10830846206733291,-0.12531894142785138,0.01701047936051847
2021-07-29,-0.0883504378130624,-0.1179252407048936,0.029574802891831203
2021-07-30,-0.09244770726839935,-0.11282973401759476,0.02038202674919541
2021-08-02,-0.10577237470755652,-0.11141826215558712,0.005645887448030601
2021-08-03,-0.1054338962088055,-0.1102213889662308,0.0047874927574252935
2021-08-04,-0.11673071338261654,-0.11152325384950795,-0.005207459533108583
2021-08-05,-0.07718570446315187,-0.10465574397223674,0.027470039509084873
2021-08-06,-0.044525817652025346,-0.09262975870819448,0.048103941056169136
2021-08-09,-0.023216495305391938,-0.07874710602763398,0.05553061072224204
2021-08-10,-0.0038634194462874305,-0.06377036871136467,0.05990694926507724
2021-08-11,0.02011820317205615,-0.046992654334680514,0.06711085750673666
2021-08-12,0.04825060604201692,-0.02794400225934103,0.07619460830135795
2021-08-13,0.07532584354934269,-0.007290033097604289,0.08261587664694697
2021-08-16,0.07972580634226922,0.010113134790370414,0.0696126715518988
2021-08-17,0.08226451444108829,0.02454341072051399,0.0577211037205743
2021-08-18,0.07773199782972462,0.03518112814235612,0.0425508696873685
2021-08-19,0.0693064421048124,0.04200619093484738,0.027300251169965026
2021-08-20,0.0611176854302542,0.045828489833928746,0.015289195596325453
2021-08-23,0.064375865409672,0.0495379649490774,0.014837900460594598
2021-08-24,0.07895847518944699,0.05542206699715131,0.023536408192295674
2021-08-25,0.09347238911731104,0.06303213142118326,0.03044025769612778
2021-08-26,0.09819443120760507,0.07006459137846763,0.028129839829137443
2021-08-27,0.12470663590845987,0.08099300028446609,0.04371363562399379
2021-08-30,0.13927082322783768,0.09264856487314041,0.04662225835469727
2021-08-31,0.12276959308515245,0.09867277051554282,0.024096822569609627
2021-09-01,0.10445359120031306,0.09982893465249687,0.004624656547816186
2021-09-02,0.07854272258739847,0.0955716922394772,-0.01702896965207873
2021-09-03,0.05096534435691247,0.08665042266296426,-0.03568507830605179
2021-09-06,0.031969217887365176,0.07571418170784444,-0.043744963820479266
2021-09-08,-0.019175544650170018,0.05673623643624155,-0.07591178108641157
2021-09-09,-0.04626417006105932,0.03613615513678138,-0.0824003251978407
2021-09-10,-0.07094882905749866,0.014719158297925373,-0.08566798735542404
2021-09-13,-0.06794166640163102,-0.0018130066419859044,-0.06612865975964512
2021-09-14,-0.07278857125641736,-0.016008119564872195,-0.056780451691545164
2021-09-15,-0.06538613407704474,-0.025883722467306705,-0.03950241160973804
2021-09-16,-0.06442540826326848,-0.03359205962649906,-0.03083334863676942
2021-09-17,-0.09085873808708111,-0.045045395318615476,-0.04581334276846564
2021-09-20,-0.11691495104776539,-0.05941930646444546,-0.05749564458331993
2021-09-21,-0.1224357452357916,-0.07202259421871468,-0.05041315101707691
2021-09-22,-0.11020917948298425,-0.0796599112715686,-0.030549268211415653
2021-09-23,-0.07624011310134726,-0.07897595163752433,0.0027358385361770654
2021-09-24,-0.047161897410876286,-0.07261314079219473,0.025451243381318447
2021-09-27,-0.0182583164863086,-0.06174217593101751,0.04348385944470891
2021-09-28,0.0006064072179690072,-0.049272459301220206,0.04987886651918921
2021-09-29,0.025749921149034627,-0.034267983211169244,0.06001790436020387
2021-09-30,0.04116720504204707,-0.019180945560525985,0.06034815060257306
2021-10-01,0.07112471002897003,-0.001119814442626781,0.07224452447159681
2021-10-04,0.11293045085884934,0.021690238617668445,0.0912402122411809
2021-10-05,0.15875625406335558,0.049103441706805875,0.10965281235654971
2021-10-06,0.17450289470434122,0.07418333230631295,0.10031956239802826
2021-10-07,0.18405364854323913,0.09615739555369819,0.08789625298954094
2021-10-08,0.20140476737949164,0.11720686991885688,0.08419789746063476
2021-10-11,0.21749006256596282,0.1372635084482781,0.08022655411768473
2021-10-13,0.2355911905603083,0.15692904487068415,0.07866214568962415
2021-10-14,0.2478859069027699,0.17512041727710131,0.07276548962566859
2021-10-15,0.25309816720637635,0.1907159672629563,0.062382199943420036
2021-10-18,0.2503089333450266,0.20263456047937037,0.047674372865656206
2021-10-19,0.21096911840129096,0.2043014720637545,0.0066676463375364425
2021-10-20,0.18731576916159653,0.20090433148332293,-0.013588562321726394
2021-10-21,0.14431310785800022,0.18958608675825842,-0.04527297890025819
2021-10-22,0.10179748310038939,0.17202836602668461,-0.07023088292629523
2021-10-25,0.11199980007832622,0.16002265283701295,-0.04802285275868673
2021-10-26,0.11233495098607271,0.15048511246682492,-0.038150161480752204
2021-10-27,0.10972192162905259,0.14233247429927046,-0.03261055267021787
2021-10-28,0.11280605051880599,0.13642718954317756,-0.023621139024371574
2021-10-29,0.07325309109603495,0.12379236985374904,-0.05053927875771409
2021-11-01,0.05897936971242679,0.11082976982548459,-0.051850400113057804
2021-11-03,0.020001617976410202,0.09266413945566973,-0.07266252147925953
2021-11-04,-0.03150518601022867,0.06783027436249005,-0.09933546037271872
2021-11-05,-0.07469136935007015,0.039325945619978014,-0.11401731497004816
2021-11-08,-0.10129374809951841,0.01120200687607873,-0.11249575497559713
2021-11-09,-0.10901591095906404,-0.012841576690949824,-0.09617433426811423
2021-11-10,-0.11861001677826266,-0.033995264708412395,-0.08461475206985027
2021-11-11,-0.12397736445110219,-0.05199168465695035,-0.07198567979415184
2021-11-12,-0.11400617115260125,-0.06439458195608053,-0.04961158919652073
2021-11-16,-0.09851300066343249,-0.07121826569755092,-0.02729473496588157
2021-11-17,-0.10120623745210722,-0.07721586004846218,-0.02399037740364504
2021-11-18,-0.1037584174152908,-0.0825243715218279,-0.021234045893462894
2021-11-19,-0.11494592687459182,-0.08900868259238069,-0.025937244282211128
2021-11-22,-0.11601937813900509,-0.09441082170170557,-0.021608556437299517
2021-11-23,-0.08123624875198843,-0.09177590711176214,0.010539658359773718
2021-11-24,-0.039497486425956296,-0.08132022297460098,0.041822736548644684
2021-11-25,0.023169606409833676,-0.06042225709771406,0.08359186350754774
2021-11-26,0.044881207846311,-0.03936156410890905,0.08424277195522005
2021-11-29,0.08531187896780779,-0.014426875493565684,0.09973875446137347
2021-11-30,0.11521839475852325,0.011502178556852103,0.10371621620167114
2021-12-01,0.1413249994975896,0.0374667427449996,0.10385825675258999
2021-12-02,0.20962704025329515,0.0718988022466587,0.13772823800663644
2021-12-03,0.2711214933780983,0.11174334047294664,0.15937815290515167
2021-12-06,0.31940208778211066,0.15327508993477945,0.1661269978473312
2021-12-07,0.36635238724072927,0.19589054939596942,0.17046183784475985
2021-12-08,0.39896185391354244,0.23650481029948406,0.16245704361405838
2021-12-09,0.41836856593453753,0.2728775614264948,0.14549100450804275
2021-12-10,0.438378171467404,0.30597768343467663,0.13240048803272736
2021-12-13,0.44427312541517594,0.3336367718307765,0.11063635358439944
2021-12-14,0.4342560879051369,0.3537606350456486,0.08049545285948834
2021-12-15,0.42624551905362296,0.3682576118472435,0.057987907206379474
2021-12-16,0.4254823039243316,0.37970255026266114,0.045779753661670475
2021-12-17,0.40168796382104865,0.3840996329743387,0.017588330846709965
2021-12-20,0.35613185161681393,0.37850607670283376,-0.022374225086019828
2021-12-21,0.3171789790737023,0.3662406571770075,-0.049061678103305195
2021-12-22,0.28224805068153636,0.3494421358779133,-0.06719408519637693
2021-12-23,0.25645033697620256,0.33084377609757115,-0.07439343912136859
2021-12-27,0.2444840332244329,0.31357182752294355,-0.06908779429851064
2021-12-28,0.23312030198615652,0.2974815224155862,-0.06436122042942966
2021-12-29,0.2151786857511997,0.2810209550827089,-0.06584226933150922
2021-12-30,0.1962765227665315,0.2640720686194734,-0.0677955458529419
2022-01-03,0.1959825030746547,0.2504541555105097,-0.054471652435855
2022-01-04,0.19670961011862786,0.23970524643213334,-0.042995636313505475
2022-01-05,0.16472418560756985,0.22470903426722066,-0.059984848659650813
2022-01-06,0.13698946058485717,0.20716511953074798,-0.07017565894589081
2022-01-07,0.11768744570284895,0.1892695847651682,-0.07158213906231925
2022-01-10,0.09643729221178354,0.17070312625449127,-0.07426583404270773
2022-01-11,0.10102549341152667,0.15676759968589835,-0.05574210627437168
2022-01-12,0.12660285340093935,0.15073465042890655,-0.024131797027967195
2022-01-13,0.16115374395217863,0.15281846913356098,0.00833527481861765
2022-01-14,0.2167004104073964,0.16559485738832808,0.05110555301906833
2022-01-17,0.2585480788790644,0.18418550168647535,0.07436257719258904
2022-01-18,0.2923769008568211,0.2058237815205445,0.0865531193362766
2022-01-19,0.3115604291772076,0.22697111105187712,0.08458931812533049
2022-01-20,0.3294214792381691,0.24746118468913553,0.08196029454903359
2022-01-21,0.3404588092946117,0.26606070961023076,0.07439809968438094
2022-01-24,0.35001274242379665,0.28285111617294395,0.0671616262508527
2022-01-25,0.38142949638627677,0.30256679221561056,0.07886270417066621
2022-01-26,0.4256286113553287,0.3271791560435542,0.09844945531177451
2022-01-27,0.4554070790791691,0.3528247406506772,0.1025823384284919
2022-01-28,0.4376505272493656,0.3697898979704149,0.0678606292789507
2022-01-31,0.413964903710351,0.37862489911840214,0.03534000459194886
2022-02-01,0.4082401000406364,0.384547939302849,0.023692160737787404
2022-02-02,0.3855412926066357,0.3847466099636063,0.0007946826430293985
2022-02-03,0.3513978817383272,0.37807686431855053,-0.02667898258022333
2022-02-04,0.3357995070496127,0.36962139286476303,-0.03382188581515033
2022-02-07,0.30698825044677847,0.35709476438116616,-0.0501065139343877
2022-02-08,0.27214195823148835,0.3401042031512306,-0.06796224491974223
2022-02-09,0.2449302824704347,0.3210694190150714,-0.07613913654463672
2022-02-10,0.23438061875484806,0.30373165896302673,-0.06935104020817867
2022-02-11,0.25854392360725065,0.29469411189187156,-0.03615018828462091
2022-02-14,0.25458589836503265,0.2866724691865038,-0.03208657082147115
2022-02-15,0.23422464327936332,0.2761829040050757,-0.041958260725712404
2022-02-16,0.22756867826034188,0.266460058856129,-0.03889138059578712
2022-02-17,0.21656963241056104,0.2564819735670154,-0.03991234115645437
2022-02-18,0.21106816193098688,0.2473992112398097,-0.03633104930882283
2022-02-21,0.2266887401942146,0.2432571170306907,-0.016568376836476106
2022-02-22,0.2331528543298571,0.241236264490524,-0.008083410160666882
2022-02-23,0.24832385139533386,0.24265378187148598,0.0056700695238478815
2022-02-24,0.23584159722845222,0.24129134494287924,-0.005449747714427022
2022-02-25,0.23932881579026066,0.24089883911235555,-0.0015700233220948823
2022-03-02,0.2568834307228389,0.24409575743445222,0.012787673288386703
2022-03-03,0.25654150873870485,0.24658490769530278,0.009956601043402069
2022-03-04,0.25335007118716035,0.24793794039367428,0.00541213079348607
2022-03-07,0.18254937143951722,0.2348602266028429,-0.052310855163325676
2022-03-08,0.142548260566695,0.21639783339561333,-0.07384957282891833
2022-03-09,0.11277476047469293,0.19567321881142924,-0.08289845833673631
2022-03-10,0.11847615202113104,0.18023380545336962,-0.061757653432238574
2022-03-11,0.08888634594473821,0.16196431355164334,-0.07307796760690513
2022-03-14,0.04873608368038873,0.13931866757739245,-0.09058258389700372
2022-03-15,-0.004016812209689746,0.11065157161997602,-0.11466838382966577
2022-03-16,-0.052481140189556186,0.07802502925806958,-0.13050616944762577
2022-03-17,-0.11139215339099628,0.0401415927282564,-0.1515337461192527
2022-03-18,-0.14032366341045943,0.004048541500513234,-0.14437220491097266
2022-03-21,-0.13107828050934955,-0.022976822901459325,-0.10810145760789022
2022-03-22,-0.1263295813075196,-0.04364737458267138,-0.08268220672484822
2022-03-23,-0.10920362516583104,-0.05675862469930332,-0.052445000466527725
2022-03-24,-0.0849687179304226,-0.062400643345527175,-0.022568074584895424
2022-03-25,-0.06820383370974348,-0.06356128141837045,-0.004642552291373031
2022-03-28,-0.07263927959143501,-0.06537688105298337,-0.007262398538451648
2022-03-29,-0.056938967623057835,-0.06368929836699826,0.006750330743940422
2022-03-30,-0.025641697931328977,-0.056079778279864406,0.03043808034853543
2022-03-31,0.011934700806421006,-0.04247688246260733,0.054411583269028334
2022-04-01,0.029273079295467852,-0.02812689011099229,0.05739996940646014
2022-04-04,0.03454647464391769,-0.015592217160010295,0.050138691803927986
2022-04-05,0.02950943140245954,-0.006571887447516329,0.03608131884997587
2022-04-06,0.024429019388181317,-0.0003717060803768001,0.02480072546855812
2022-04-07,0.06484261089394039,0.012671157314486637,0.052171453579453755
2022-04-08,0.10055305881561516,0.030247537614712345,0.07030552120090282
2022-04-11,0.12020593899566734,0.04823921789090335,0.07196672110476399
2022-04-12,0.13184046404846583,0.06495946712241585,0.06688099692604998
2022-04-13,0.15859867639412073,0.08368730897675683,0.0749113674173639
2022-04-14,0.16658760428437347,0.10026736803828015,0.06632023624609332
2022-04-18,0.15499388563104866,0.11121267155683386,0.0437812140742148
2022-04-19,0.17126668286127966,0.12322347381772303,0.048043209043556634
2022-04-20,0.18685059313725816,0.13594889768163007,0.05090169545562809
2022-04-22,0.16023570126644593,0.14080625839859326,0.01942944286785267
2022-04-25,0.12479399736462682,0.1376038061918,-0.01280980882717317
2022-04-26,0.09400868522086725,0.12888478199761344,-0.03487609677674619
2022-04-27,0.06881781462138647,0.11687138852236806,-0.04805357390098158
2022-04-28,0.05388117452639385,0.10427334572317323,-0.050392171196779384
2022-04-29,0.04236236904426072,0.09189115038739074,-0.04952878134313002
2022-05-02,0.024079973079123462,0.07832891492573728,-0.054248941846613816
2022-05-03,0.017458950906105386,0.0661549221218109,-0.048695971215705514
2022-05-04,0.0647221506177722,0.06586836782100317,-0.0011462172032309648
2022-05-05,0.09941870707998923,0.07257843567280038,0.02684027140718885
2022-05-06,0.15658075323038645,0.0893788991843176,0.06720185404606885
2022-05-09,0.17325664975015265,0.1061544492974846,0.06710220045266804
2022-05-10,0.19232458406335695,0.12338847625065907,0.06893610781269788
2022-05-11,0.23777866839349393,0.14626651467922605,0.09151215371426788
2022-05-12,0.27865832228869003,0.17274487620111886,0.10591344608757117
2022-05-13,0.3202744804995845,0.202250797060812,0.11802368343877251
2022-05-16,0.3588025306021425,0.2335611437690781,0.1252413868330644
2022-05-17,0.3721358743508443,0.26127608988543133,0.11085978446541295
2022-05-18,0.3615892248736081,0.28133871688306666,0.08025050799054145
2022-05-19,0.36595764223618765,0.29826250195369086,0.06769514028249679
2022-05-20,0.38435503313580277,0.31548100819011327,0.0688740249456895
2022-05-23,0.4342748689330982,0.3392397803387103,0.09503508859438792
2022-05-24,0.43812345972661326,0.35901651621629094,0.07910694351032233
2022-05-25,0.45050485183290867,0.37731418333961453,0.07319066849329414
2022-05-26,0.45746457668162677,0.39334426200801703,0.06412031467360974
2022-05-27,0.4082453915724251,0.3963244879208987,0.011920903651526427
2022-05-30,0.34508796287920696,0.3860771829125604,-0.040989220033353424
2022-05-31,0.29406618298703613,0.36767498292745554,-0.07360879994041941
2022-06-01,0.2491452308437463,0.3439690325107137,-0.09482380166696741
2022-06-02,0.20313428280163848,0.3158020825688987,-0.11266779976726021
2022-06-03,0.18152303538629333,0.28894627313237764,-0.10742323774608431
2022-06-06,0.16332022860348694,0.2638210642265995,-0.10050083562311257
2022-06-07,0.15836566227959636,0.24272998383719888,-0.08436432155760251
2022-06-08,0.1478928178688026,0.22376255064351963,-0.07586973277471704
2022-06-09,0.12444095608976191,0.2038982317327681,-0.0794572756430062
2022-06-10,0.09028988539575877,0.18117656246536623,-0.09088667706960746
2022-06-13,0.050538591998510185,0.15504896837199503,-0.10451037637348484
2022-06-14,0.029188848259941835,0.12987694434958438,-0.10068809608964255
2022-06-15,-0.004622932142183345,0.10297696905123084,-0.10759990119341419
2022-06-17,-0.08769913693424947,0.06484174785413478,-0.15254088478838423
2022-06-20,-0.14221526163533404,0.02343034595624102,-0.16564560759157507
2022-06-21,-0.2008564959551542,-0.021427022426038028,-0.17942947352911617
2022-06-22,-0.24690468243416142,-0.06652255442766271,-0.18038212800649872
2022-06-23,-0.29692072959082694,-0.11260218946029556,-0.1843185401305314
2022-06-24,-0.33910514568689365,-0.1579027807056152,-0.18120236498127845
2022-06-27,-0.3132484329907985,-0.18897191116265188,-0.12427652182814664
2022-06-28,-0.2782524508728823,-0.20682801910469797,-0.07142443176818433
2022-06-29,-0.2556401862406332,-0.21659045253188502,-0.0390497337087482
2022-06-30,-0.23979707080236956,-0.22123177618598194,-0.018565294616387618
2022-07-01,-0.20550634422478353,-0.21808668979374227,0.012580345568958734
2022-07-04,-0.15635541776970108,-0.20574043538893405,0.049385017619232974
2022-07-05,-0.15196246493144905,-0.19498484129743707,0.04302237636598802
2022-07-06,-0.15875473874841362,-0.1877388207876324,0.02898408203921879
2022-07-07,-0.13594236366200718,-0.17737952936250737,0.041437165700500184
2022-07-08,-0.10614984912237624,-0.16313359331448116,0.05698374419210492
2022-07-11,-0.08638477534777067,-0.14778382972113904,0.06139905437336837
2022-07-12,-0.0834761303636995,-0.13492228984965113,0.05144615948595163
2022-07-13,-0.07944826172531272,-0.12382748422478346,0.04437922249947074
2022-07-14,-0.10011647562144432,-0.11908528250411564,0.018968806882671316
2022-07-15,-0.10001189704295754,-0.11527060541188403,0.015258708368926482
2022-07-18,-0.07804948480006146,-0.10782638128951952,0.029776896489458055
2022-07-19,-0.041605435495227994,-0.09458219213066121,0.05297675663543322
2022-07-20,-0.012578269396053443,-0.07818140758373966,0.06560313818768622
2022-07-21,0.005520829620630607,-0.06144096014286562,0.06696178976349623
2022-07-22,0.03000849033603359,-0.04315107004708578,0.07315956038311937
2022-07-25,0.09272664627732041,-0.015975526782204545,0.10870217305952495
2022-07-26,0.15117845909425576,0.017455270393087516,0.13372318870116823
2022-07-27,0.20562157786428692,0.0550885318873274,0.15053304597695952
2022-07-28,0.27704428826400473,0.09947968316266287,0.17756460510134187
2022-07-29,0.3896741122151912,0.15751856897316854,0.23215554324202267
2022-08-01,0.4583194259978569,0.21767874037810622,0.2406406856197507
2022-08-02,0.5116646783803116,0.2764759279785473,0.2351887504017643
2022-08-03,0.549223896875052,0.3310255217578483,0.21819837511720375
2022-08-04,0.5827620435945757,0.3813728261251938,0.20138921746938193
2022-08-05,0.6239356680204757,0.42988539450425023,0.1940502735162255
2022-08-08,0.7065197251288549,0.48521226062917117,0.2213074644996837
2022-08-09,0.7823161262806746,0.5446330337594718,0.2376830925212028
2022-08-10,0.8287968835787591,0.6014658037233293,0.22733107985542989
2022-08-11,0.8278482246689549,0.6467422879124545,0.18110593675650044
2022-08-12,0.9022292101422522,0.697839672358414,0.20438953778383817
2022-08-15,0.950223096651051,0.7483163572169415,0.20190673943410953
2022-08-16,0.9889622032132035,0.7964455264161938,0.19251667679700968
2022-08-17,1.0375588000557627,0.8446681811441077,0.19289061891165504
2022-08-18,1.0901338112565622,0.8937613071665986,0.19637250408996354
2022-08-19,1.0518933350035535,0.9253877127339897,0.12650562226956386
2022-08-22,1.0370679666001585,0.9477237635072235,0.089344203092935
2022-08-23,1.0543179717929387,0.9690426051643666,0.08527536662857216
2022-08-24,1.0637951214819505,0.9879931084278835,0.07580201305406709
2022-08-25,1.0447382430732635,0.9993421353569596,0.04539610771630387
2022-08-26,1.0322607657664733,1.0059258614388624,0.026334904327610875
2022-08-29,1.0434278617139583,1.0134262614938816,0.030001600220076696
2022-08-30,0.9597162945877589,1.002684268112657,-0.04296797352489823
2022-08-31,0.914304482228621,0.98500831093585,-0.07070382870722891
2022-09-01,0.8930353473919332,0.9666137182270667,-0.07357837083513341
2022-09-02,0.8494423175638541,0.9431794380944243,-0.09373712053057015
2022-09-05,0.801619376045398,0.9148674256846191,-0.11324804963922108
2022-09-06,0.7063550272654666,0.8731649460007886,-0.16680991873532203
2022-09-08,0.611702275061635,0.820872411812958,-0.209170136751323
2022-09-09,0.5305731697730334,0.7628125634049732,-0.2322393936319398
2022-09-12,0.4521891337802746,0.7006878774800335,-0.24849874369975888
2022-09-13,0.3489288305519871,0.6303360680944242,-0.2814072375424371
2022-09-14,0.2831957857941898,0.5609080116343773,-0.2777122258401875
2022-09-15,0.22607507225694867,0.4939414237588916,-0.26786635150194293
2022-09-16,0.16757793119777986,0.42866872524666927,-0.2610907940488894
2022-09-19,0.13898241690699997,0.37073146357873543,-0.23174904667173546
2022-09-20,0.10781519155773545,0.31814820917453546,-0.2103330176168
2022-09-21,0.08535864529768489,0.2715902963991653,-0.18623165110148043
2022-09-22,0.09710512734125842,0.23669326258758397,-0.13958813524632555
2022-09-23,0.026227241451280747,0.19460005836032332,-0.16837281690904257
2022-09-26,-0.048748050815241584,0.14593043652521034,-0.19467848734045193
2022-09-27,-0.09895663534524779,0.09695302215111873,-0.19590965749636652
2022-09-28,-0.15232282965969546,0.0470978517889559,-0.19942068144865135
2022-09-29,-0.19080263626321248,-0.0004822458214777739,-0.1903203904417347
2022-09-30,-0.199630944727355,-0.04031198560265322,-0.15931895912470176
2022-10-03,-0.11014165996590286,-0.05427792047530315,-0.05586373949059971
2022-10-04,-0.07068262877142217,-0.05755886213452696,-0.013123766636895212
2022-10-05,0.008103593717375901,-0.044426370964146394,0.052529964681522295
2022-10-06,0.11361298633717531,-0.012818499503882051,0.12643148584105737
2022-10-07,0.19338686390155502,0.02842257317720536,0.16496429072434965
2022-10-10,0.23852723106565143,0.07044350475489458,0.16808372631075685
2022-10-11,0.2616027069797937,0.1086753451998744,0.1529273617799193
2022-10-13,0.31419343361361385,0.1497789628826223,0.16441447073099155
2022-10-14,0.3310757016758501,0.18603831064126786,0.14503739103458224
2022-10-17,0.33893416580807667,0.21661748167462963,0.12231668413344704
2022-10-18,0.37393513724149585,0.24808101278800287,0.12585412445349298
2022-10-19,0.444959429535583,0.2874566961375189,0.1575027333980641
2022-10-20,0.5370159613382341,0.33736854917766196,0.1996474121605722
2022-10-21,0.6524788741598186,0.40039061417409333,0.2520882599857253
2022-10-24,0.5982976363515498,0.4399720186095847,0.15832561774196507
2022-10-25,0.5203117932100092,0.45603997352966963,0.06427181968033957
2022-10-26,0.421373462620938,0.44910667134792337,-0.02773320872698537
2022-10-27,0.34862834933752396,0.4290110069458435,-0.08038265760831953
2022-10-28,0.2725046469150456,0.397709734939684,-0.12520508802463837
2022-10-31,0.09967263337134113,0.3381023146260154,-0.23842968125467429
2022-11-01,-0.034479771922118374,0.26358589731638865,-0.298065669238507
2022-11-03,-0.13600111769993184,0.18366849431312454,-0.3196696120130564
2022-11-04,-0.2794038687486484,0.09105402170076995,-0.37045789044941835
2022-11-07,-0.4340424472768607,-0.013965272094756176,-0.4200771751821045
2022-11-08,-0.5422744680921028,-0.1196271112942255,-0.4226473567978773
2022-11-09,-0.6384417269292069,-0.22339003442122177,-0.4150516925079851
2022-11-10,-0.7376218673066628,-0.32623640099830997,-0.4113854663083528
2022-11-11,-0.7726191639863629,-0.41551295359592055,-0.3571062103904423
2022-11-14,-0.7625159729065096,-0.48491355745803844,-0.2776024154484712
2022-11-16,-0.7682469089789148,-0.5415802277622137,-0.22666668121670108
2022-11-17,-0.7631842872808967,-0.5859010396659503,-0.1772832476149464
2022-11-18,-0.7688681672920676,-0.6224944651911738,-0.14637370210089384
2022-11-21,-0.7613684360496293,-0.650269259362865,-0.11109917668676439
2022-11-22,-0.7555909436397457,-0.6713335962182411,-0.08425734742150459
2022-11-23,-0.7376673704566201,-0.6846003510659169,-0.05306701939070324
2022-11-24,-0.6785230624589413,-0.6833848933445219,0.004861830885580565
2022-11-25,-0.6420023304099445,-0.6751083807576064,0.0331060503476619
2022-11-28,-0.5837367730449508,-0.6568340592150752,0.07309728617012445
2022-11-29,-0.48516704265305854,-0.6225006559026719,0.13733361324961335
2022-11-30,-0.3449751793243312,-0.5669955605870037,0.22202038126267254
2022-12-01,-0.2790701561542548,-0.5094104797004539,0.23034032354619915
2022-12-02,-0.20989590545229397,-0.44950756485082194,0.23961165939852797
2022-12-05,-0.16607111182024958,-0.3928202742447075,0.22674916242445792
2022-12-06,-0.1290451782131452,-0.3400652550383951,0.21102007682524987
2022-12-07,-0.11212690911113299,-0.29447758585294265,0.18235067674180966
2022-12-08,-0.12312112096441652,-0.26020629287523744,0.13708517191082092
2022-12-09,-0.13352261320314973,-0.2348695569408199,0.10134694373767017
2022-12-12,-0.17604774115995703,-0.22310519378464733,0.0470574526246903
2022-12-13,-0.23448141416132806,-0.22538043785998346,-0.009100976301344599
2022-12-14,-0.36055359199247405,-0.25241506868648156,-0.1081385233059925
2022-12-15,-0.42969215192294463,-0.2878704853337742,-0.14182166658917045
2022-12-16,-0.4781660418750473,-0.3259295966420288,-0.1522364452330185
2022-12-19,-0.496336000762021,-0.3600108774660273,-0.13632512329599372
2022-12-20,-0.4738043617046692,-0.3827695743137557,-0.09103478739091353
2022-12-21,-0.4276179851018469,-0.391739256471374,-0.03587872863047292
2022-12-22,-0.3682113597281056,-0.3870336771227203,0.018822317394614707
2022-12-23,-0.2664174354640263,-0.36291042879098157,0.09649299332695527
2022-12-26,-0.19160547274471718,-0.3286494375817287,0.13704396483701153
2022-12-27,-0.1228313655117006,-0.2874858231677231,0.1646544576560225
2022-12-28,-0.08190770468227981,-0.24637019947063446,0.16446249478835465
2022-12-29,-0.0624728398765253,-0.20959072755181266,0.14711788767528736
2023-01-02,-0.11753130374806808,-0.19117884279106376,0.07364753904299567
2023-01-03,-0.18565367511468267,-0.19007380925578757,0.004420134141104898
2023-01-04,-0.20500136008722158,-0.19305931942207438,-0.011942040665147202
2023-01-05,-0.18033072740089473,-0.19051360101783846,0.010182873616943727
2023-01-06,-0.16532859948538636,-0.18547660071134806,0.020148001225961693
2023-01-09,-0.14530894257739035,-0.17744306908455654,0.03213412650716618
2023-01-10,-0.1183954342582787,-0.16563354211930098,0.04723810786102228
2023-01-11,-0.08718518774890605,-0.149943871245222,0.06275868349631594
2023-01-12,-0.04578473606493816,-0.12911204420916522,0.08332730814422706
2023-01-13,-0.01601760456251533,-0.10649315627983524,0.09047555171731991
2023-01-16,-0.016444865014321408,-0.08848349802673248,0.07203863301241108
2023-01-17,0.05041633964610881,-0.06070353049216423,0.11111987013827304
2023-01-18,0.08148518842968322,-0.032265786707794744,0.11375097513747796
2023-01-19,0.13920026723812562,0.002027424081389329,0.13717284315673628
2023-01-20,0.20756165072350896,0.043134269409813256,0.16442738131369572
2023-01-23,0.2779010634174881,0.09008762821134822,0.18781343520613988
2023-01-24,0.32106839742653115,0.1362837820543848,0.18478461537214635
2023-01-25,0.36638675430055123,0.18230437650361808,0.18408237779693315
2023-01-26,0.36421296832662975,0.21868609486822044,0.1455268734584093
2023-01-27,0.3328322189929107,0.2415153196931585,0.0913168992997522
2023-01-30,0.31003724764605955,0.2552197052837387,0.05481754236232084
2023-01-31,0.303003725962391,0.2647765094194692,0.03822721654292183
2023-02-01,0.27808568218216756,0.26743834397200883,0.01064733821015873
2023-02-02,0.2011489164605429,0.25418045846971565,-0.05303154200917276
2023-02-03,0.15134206107795478,0.23361277899136348,-0.0822707179134087
2023-02-06,0.15526726485423836,0.21794367616393845,-0.06267641130970009
2023-02-07,0.14939365225897028,0.20423367138294485,-0.05484001912397457
2023-02-08,0.16223462641072395,0.19583386238850067,-0.033599235977776726
2023-02-09,0.16486234545941159,0.18963955900268287,-0.02477721354327128
2023-02-10,0.20093976242964473,0.19189959968807524,0.00904016274156949
2023-02-13,0.2301065163245024,0.1995409830153607,0.030565533309141718
2023-02-14,0.24634706121278604,0.20890219865484577,0.03744486255794027
2023-02-15,0.25785920252169525,0.21869359942821567,0.03916560309347958
2023-02-16,0.26872644482899766,0.22870016850837208,0.04002627632062558
2023-02-17,0.2558306780346751,0.2341262704136327,0.021704407621042365
2023-02-22,0.21249831740624892,0.22980067981215596,-0.017302362405907046
2023-02-23,0.21122654406595842,0.22608585266291648,-0.014859308596958054
2023-02-24,0.18149821402366584,0.21716832493506635,-0.035670110911400515
2023-02-27,0.16491336041191573,0.20671733203043624,-0.04180397161852051
2023-02-28,0.10855869321852651,0.18708560426805432,-0.0785269110495278
2023-03-01,0.06635992327249873,0.16294046806894322,-0.09658054479644448
2023-03-02,0.0022285801720762777,0.13079809048956983,-0.12856951031749356
2023-03-03,-0.00017892317067058627,0.10460268775752175,-0.10478161092819234
2023-03-06,0.009902707237953834,0.08566269165360818,-0.07575998441565435
2023-03-07,-0.021399749931788392,0.06425020333652887,-0.08564995326831726
2023-03-08,-0.031321620934500416,0.04513583848232301,-0.07645745941682343
2023-03-09,-0.04352454982911169,0.02740376082003607,-0.07092831064914776
2023-03-10,-0.0677459379963512,0.008373821056758615,-0.07611975905310982
2023-03-13,-0.12105049068582652,-0.017511041291758414,-0.1035394493940681
2023-03-14,-0.18137684403870935,-0.0502842018411486,-0.13109264219756075
2023-03-15,-0.2449216867620354,-0.08921169882532598,-0.15570998793670943
2023-03-16,-0.2959050058556745,-0.13055036023139568,-0.1653546456242788
2023-03-17,-0.32130897373980005,-0.16870208293307656,-0.1526068908067235
2023-03-20,-0.3638755129796163,-0.20773676894238452,-0.15613874403723177
2023-03-21,-0.3715401746292759,-0.2404974500797628,-0.1310427245495131
2023-03-22,-0.376502058547052,-0.26769837177322064,-0.10880368677383134
2023-03-23,-0.4000305766188479,-0.29416481274234607,-0.10586576387650182
2023-03-24,-0.4147035685369911,-0.3182725639012751,-0.09643100463571597
2023-03-27,-0.4031259574353996,-0.3352432426081,-0.06788271482729957
2023-03-28,-0.37111357315426297,-0.3424173087173326,-0.028696264436930352
2023-03-29,-0.3282421772285371,-0.3395822824195735,0.011340105191036398
2023-03-30,-0.2877219419336985,-0.3292102143223985,0.04148827238870001
2023-03-31,-0.2758303394441963,-0.31853423934675806,0.04270389990256174
2023-04-03,-0.21630466410975124,-0.2980883242993567,0.08178366018960548
2023-04-04,-0.17757309894333773,-0.27398527922815297,0.09641218028481524
2023-04-05,-0.14121562653155095,-0.2474313486888326,0.10621572215728164
2023-04-06,-0.1270755484136945,-0.223360188633805,0.09628464022011049
2023-04-10,-0.09141508210011828,-0.19697116732706768,0.1055560852269494
2023-04-11,-0.010582351146744884,-0.15969340409100313,0.14911105294425825
2023-04-12,0.0616436614366318,-0.11542599098547615,0.17706965242210795
2023-04-13,0.12550570934170757,-0.0672396509200394,0.192745360261747
2023-04-14,0.1860756248303943,-0.016576595769952664,0.20265222060034696
2023-04-17,0.24975774522944683,0.036690272429927236,0.2130674727995196
2023-04-18,0.32791601340272614,0.09493542062448701,0.23298059277823913
2023-04-19,0.34552814928318654,0.14505396635622692,0.20047418292695962
2023-04-20,0.36336639649114666,0.1887164523832109,0.17464994410793577
2023-04-24,0.3963352067367989,0.23024020325392852,0.16609500348287037
2023-04-25,0.41286250585533857,0.26676466377421054,0.14609784208112803
2023-04-26,0.40594956350256695,0.29460164371988184,0.1113479197826851
2023-04-27,0.3663915652090548,0.3089596280177165,0.05743193719133832
2023-04-28,0.35276189058924956,0.3177200805320231,0.03504181005722645
2023-05-02,0.2894023234017755,0.31205652910597365,-0.022654205704198127
2023-05-03,0.2324750006947589,0.2961402234237307,-0.0636652227289718
2023-05-04,0.2035721125260732,0.27762660124419924,-0.07405448871812603
2023-05-05,0.22806617891783176,0.26771451677892577,-0.03964833786109401
2023-05-08,0.2709824283254161,0.26836809908822384,0.0026143292371922366
2023-05-09,0.3055067556011526,0.27579583039080957,0.02971092521034302
2023-05-10,0.3258832883032152,0.28581332197329073,0.04006996632992449
2023-05-11,0.38360412402929533,0.30537148238449163,0.0782326416448037
2023-05-12,0.46593692553514643,0.3374845710146226,0.12845235452052384
2023-05-15,0.49561718967181,0.3691110947460601,0.12650609492574993
2023-05-16,0.5451317306373245,0.404315221924313,0.14081650871301143
2023-05-17,0.5458040150902228,0.432612980557495,0.11319103453272783
2023-05-18,0.5472902320822062,0.45554843086243724,0.09174180121976894
2023-05-19,0.5478017669667281,0.47399909808329543,0.07380266888343268
2023-05-22,0.5268030918253483,0.484559896831706,0.04224319499364232
2023-05-23,0.5362565162379394,0.4948992207129527,0.041357295524986626
2023-05-24,0.5582926007066309,0.5075778967116884,0.05071470399494249
2023-05-25,0.5588246600401465,0.51782724937738,0.04099741066276652
2023-05-26,0.5704230009989963,0.5283463997017033,0.04207660129729307
2023-05-29,0.5674254276647712,0.5361622052943169,0.03126322237045431
2023-05-30,0.5434538197514662,0.5376205281857468,0.005833291565719434
2023-05-31,0.5049181859760701,0.5310800597438115,-0.026161873767741373
2023-06-01,0.5112515989899187,0.5271143675930329,-0.015862768603114197
2023-06-02,0.5215555368327927,0.5260026014409849,-0.004447064608192219
2023-06-05,0.5388414649224202,0.528570374137272,0.010271090785148207
2023-06-06,0.5749618762185982,0.5378486745535374,0.037113201665060824
2023-06-07,0.6389882739438768,0.5580765944316053,0.08091167951227152
2023-06-09,0.7528666394101933,0.597034603427323,0.15583203598287032
2023-06-12,0.8606304113349701,0.6497537650088524,0.2108766463261177
2023-06-13,0.9264780342237842,0.7050986188518388,0.2213794153719454
2023-06-14,1.0345184449289917,0.7709825840672694,0.2635358608617223
2023-06-15,1.069085508074906,0.8306031688687968,0.23848233920610917
2023-06-16,1.0975459078835321,0.8839917166717439,0.2135541912117882
2023-06-19,1.1488177777292208,0.9369569288832393,0.21186084884598144
2023-06-20,1.1838733136171058,0.9863402058300127,0.1975331077870931
2023-06-21,1.2672487526903282,1.042521915202076,0.22472683748825228
2023-06-22,1.2965913473751556,1.0933358016366919,0.20325554573846372
2023-06-23,1.2354028805626953,1.1217492174218926,0.11365366314080272
2023-06-26,1.2100796899767197,1.139415311932858,0.07066437804386161
2023-06-27,1.1628882478939602,1.1441098991250787,0.018778348768881514
2023-06-28,1.1286170240639457,1.141011324112852,-0.012394300048906404
2023-06-29,1.0960841048345706,1.1320258802571959,-0.03594177542262522
2023-06-30,0.9775345629331014,1.101127616792377,-0.12359305385927555
2023-07-03,0.9030295422076406,1.0615080018754297,-0.15847845966778906
2023-07-04,0.8383543317565554,1.0168772678516549,-0.1785229360950995
2023-07-05,0.7757358126651717,0.9686489768143582,-0.19291316414918658
2023-07-06,0.6931060804691853,0.9135403975453237,-0.22043431707613836
2023-07-07,0.6124918335296599,0.853330684742191,-0.24083885121253112
2023-07-10,0.5455434425254246,0.7917732362988378,-0.24622979377341314
2023-07-11,0.4653355186044337,0.726485692759957,-0.26115017415552333
2023-07-12,0.3979893044942031,0.6607864151068064,-0.26279711061260325
2023-07-13,0.365419030709905,0.6017129382274261,-0.2362939075175211
2023-07-14,0.3046255793893309,0.5422954664598071,-0.2376698870704762
2023-07-17,0.2503329827206251,0.4839029697119707,-0.23356998699134562
2023-07-18,0.19616832170986598,0.4263560401115498,-0.23018771840168384
2023-07-19,0.16585505941699807,0.3742558439726395,-0.20840078455564143
2023-07-20,0.14181070794062123,0.3277668167662358,-0.18595610882561459
2023-07-21,0.15087213390140164,0.292387880193269,-0.14151574629186736
2023-07-24,0.18975647465242318,0.2718615990850999,-0.0821051244326767
2023-07-25,0.2555518245325423,0.26859964417458837,-0.013047819642046043
2023-07-26,0.30418861632428573,0.27571743860452785,0.02847117771975788
2023-07-27,0.25267398178705847,0.271108747241034,-0.018434765453975543
2023-07-28,0.229377057499633,0.26276240929275385,-0.033385351793120854
2023-07-31,0.28110309052230775,0.26643054553866463,0.014672544983643121
2023-08-01,0.29050550282757115,0.27124553699644594,0.019259965831125214
2023-08-02,0.29137057796328847,0.2752705451898145,0.016100032773473993
2023-08-03,0.3094686216968192,0.28211016049121546,0.027358461205603757
2023-08-04,0.2706626032920667,0.2798206490513857,-0.009158045759319
2023-08-07,0.24754492387761218,0.273365504016631,-0.025820580139018834
2023-08-08,0.22820719870813377,0.26433384295493156,-0.03612664424679779
2023-08-09,0.22321944025674156,0.2561109624152936,-0.03289152215855201
2023-08-10,0.2255427697862018,0.24999732388947524,-0.024454554103273435
2023-08-11,0.22160187104391227,0.24431823332036265,-0.02271636227645038
2023-08-14,0.2199774988550125,0.23945008642729262,-0.019472587572280126
2023-08-15,0.2281637884636467,0.23719282683456344,-0.009029038370916731
2023-08-16,0.26867254769020477,0.24348877100569172,0.02518377668451305
2023-08-17,0.2917643385635422,0.25314388451726183,0.038620454046280395
2023-08-18,0.3105198517712715,0.2646190779680638,0.04590077380320773
2023-08-21,0.31050756323862316,0.27379677502217564,0.03671078821644752
2023-08-22,0.3292955700778464,0.2848965340333098,0.0443990360445366
2023-08-23,0.43120303332706555,0.314157833892061,0.11704519943500458
2023-08-24,0.5029401850656043,0.35191430412676966,0.15102588093883468
2023-08-25,0.541447182181944,0.38982087973780455,0.15162630244413944
2023-08-28,0.585389163601505,0.42893453651054464,0.1564546270909603
2023-08-29,0.6171341443307767,0.4665744580745911,0.15055968625618565
2023-08-30,0.6469385122032136,0.5026472689003156,0.144291243302898
2023-08-31,0.6254241165226055,0.5272026384247737,0.09822147809783188
2023-09-01,0.6397313664421027,0.5497083840282395,0.0900229824138632
2023-09-04,0.6245050651945014,0.5646677202614919,0.05983734493300952
2023-09-05,0.6660855406820545,0.5849512843456044,0.0811342563364501
2023-09-06,0.6990493258568407,0.6077708926478517,0.09127843320898898
2023-09-08,0.7105275128073814,0.6283222166797576,0.08220529612762373
2023-09-11,0.709827773092762,0.6446233279623585,0.06520444513040347
2023-09-12,0.7099652673551766,0.6576917158409221,0.0522735515142545
2023-09-13,0.6740619905823664,0.660965770789211,0.01309621979315534
2023-09-14,0.6853165516226767,0.6658359269559042,0.019480624666772473
2023-09-15,0.6871220732169618,0.6700931562081158,0.017028917008846012
2023-09-18,0.6942674582470474,0.6749280166159022,0.019339441631145204
2023-09-19,0.69594241850427,0.6791308969935758,0.016811521510694205
2023-09-20,0.6941100663581707,0.6821267308664948,0.011983335491675962
2023-09-21,0.6552487070829294,0.6767511261097817,-0.02150241902685235
2023-09-22,0.6324912466013828,0.667899150208102,-0.03540790360671919
2023-09-25,0.6194192619323466,0.658203172552951,-0.03878391062060438
2023-09-26,0.5582441256596589,0.6382113631742926,-0.07996723751463375
2023-09-27,0.56298447045274,0.6231659846299822,-0.06018151417724216
2023-09-28,0.556294034373785,0.6097915945787428,-0.05349756020495777
2023-09-29,0.5550830769401465,0.5988498910510235,-0.04376681411087702
2023-10-02,0.519090639327576,0.582898040706334,-0.06380740137875796
2023-10-03,0.4769986652513154,0.5617181656153303,-0.08471950036401488
2023-10-04,0.3628012648753156,0.5219347854673273,-0.1591335205920117
2023-10-05,0.27557764617759517,0.4726633576093809,-0.19708571143178572
2023-10-06,0.2471764902613991,0.4275659841397845,-0.18038949387838543
2023-10-09,0.30267784684829735,0.4025883566814871,-0.09991050983318978
2023-10-10,0.35707146985115656,0.39348497931542104,-0.03641350946426447
2023-10-11,0.39083204092347046,0.39295439163703094,-0.0021223507135604835
2023-10-13,0.47744408901803226,0.4098523311132312,0.06759175790480104
2023-10-16,0.5621977553141306,0.4403214159534111,0.12187633936071951
2023-10-17,0.6772361234342803,0.48770435744958496,0.18953176598469534
2023-10-18,0.8067136355120681,0.5515062130620816,0.2552074224499865
2023-10-19,0.8893901633734451,0.6190830031243544,0.27030716024909074
2023-10-20,0.9161094924571636,0.6784883009909162,0.23762119146624738
2023-10-23,0.7878000267255203,0.700350646137837,0.08744938058768326
2023-10-24,0.7078105589673918,0.701842628703748,0.005967930263643728
2023-10-25,0.6474449012199415,0.6909630832069869,-0.04351818198704538
2023-10-26,0.5720308400078942,0.6671766345671684,-0.09514579455927419
2023-10-27,0.49206790498411834,0.6321548886505584,-0.14008698366644
2023-10-30,0.4038682504215174,0.5864975610047501,-0.18262931058323273
2023-10-31,0.31101817063119697,0.5314016829300395,-0.22038351229884257
2023-11-01,0.2562664765432707,0.4763746416526858,-0.22010816510941505
2023-11-03,0.23358333756790373,0.42781638083572937,-0.19423304326782564
2023-11-06,0.21155428751520944,0.38456396217162536,-0.17300967465641592
2023-11-07,0.15917763248798877,0.3394866962348981,-0.1803090637469093
2023-11-08,0.07404859926167262,0.286399076840253,-0.2123504775785804
2023-11-09,0.04639424446314422,0.23839811036483124,-0.19200386590168703
2023-11-10,0.015424089057304968,0.193803306103326,-0.17837921704602103
2023-11-13,0.04522896343669558,0.16408843756999994,-0.11885947413330436
2023-11-14,0.09518743808224173,0.1503082376724483,-0.055120799590206576
2023-11-16,0.09814422091756114,0.13987543432147087,-0.04173121340390973
2023-11-17,0.16395772062138292,0.1446918915814533,0.019265829039929627
2023-11-20,0.21524798140789514,0.15880310954674168,0.05644487186115346
2023-11-21,0.2394184366519383,0.174926174967781,0.06449226168415728
2023-11-22,0.2524361045878436,0.19042816089179354,0.06200794369605006
2023-11-23,0.26055608824603027,0.2044537463626409,0.05610234188338936
2023-11-24,0.269532644237529,0.21746952593761854,0.05206311829991045
2023-11-27,0.26152814942474834,0.2262812506350445,0.03524689878970383
2023-11-28,0.2833875549198659,0.23770251149200877,0.04568504342785712
2023-11-29,0.27574592042265067,0.24531119327813716,0.030434727144513507
2023-11-30,0.30570480028468694,0.25738991467944716,0.04831488560523978
2023-12-01,0.31213178820754095,0.26833828938506593,0.04379349882247502
2023-12-04,0.26973547631567385,0.26861772677118756,0.0011177495444862906
2023-12-05,0.22387243450505423,0.25966866831796087,-0.03579623381290664
2023-12-06,0.11359372728015416,0.23045368011039954,-0.11685995283024539
2023-12-07,0.02111219053950464,0.1885853821962206,-0.16747319165671595
2023-12-08,0.009839052745096666,0.15283611630599583,-0.14299706356089917
2023-12-11,-0.006284790857300493,0.12101193487333657,-0.12729672573063705
2023-12-12,-0.03480022626251511,0.08984950264616624,-0.12464972890868135
2023-12-13,-0.028824567662468326,0.06611468858443932,-0.09493925624690765
2023-12-14,0.020060345117197897,0.05690381989099104,-0.03684347477379314
2023-12-15,0.06212048652442803,0.05794715321767844,0.004173333306749592
2023-12-18,0.11989272852126831,0.07033626827839641,0.0495564602428719
2023-12-19,0.187721206113995,0.09381325584551614,0.09390795026847887
2023-12-20,0.24590338991326632,0.12423128265906619,0.12167210725420013
2023-12-21,0.28948312491368355,0.15728165110998968,0.13220147380369388
2023-12-22,0.34027085888935105,0.19387949266586196,0.14639136622348908
2023-12-26,0.410486082273259,0.23720081058734138,0.17328527168591762
2023-12-27,0.4624155469498419,0.2822437578598415,0.18017178909000037
2023-12-28,0.49065184495058745,0.3239253752779907,0.16672646967259674
2024-01-02,0.5390916585414764,0.3669586319306879,0.17213302661078855
2024-01-03,0.6387058525680551,0.42130807605816134,0.21739777650989378
2024-01-04,0.6903271629584715,0.47511189343822346,0.21521526952024805
2024-01-05,0.7284882789286442,0.5257871705363076,0.20270110839233657
2024-01-08,0.7333325916810196,0.56729625476525,0.16603633691576958
2024-01-09,0.7096256276929225,0.5957621293507845,0.11386349834213794
2024-01-10,0.6622241530276902,0.6090545340861657,0.0531696189415245
2024-01-11,0.6366848306771189,0.6145805934043564,0.02210423727276245
2024-01-12,0.6150037680870462,0.6146652283408944,0.00033853974615172255
2024-01-15,0.6141424937718973,0.6145606814270951,-0.0004181876551977437
2024-01-16,0.579346424222738,0.6075178299862237,-0.028171405763485757
2024-01-17,0.5327187751546205,0.5925580190199031,-0.05983924386528261
2024-01-18,0.4813413432618816,0.5703146838682989,-0.08897334060641726
2024-01-19,0.4236371861577517,0.5409791843261895,-0.11734199816843782
2024-01-22,0.38396997262992727,0.5095773419869372,-0.1256073693570099
2024-01-23,0.3756384523716001,0.48278956406386975,-0.10715111169226965
2024-01-24,0.34807799117351834,0.45584724948579947,-0.10776925831228112
2024-01-25,0.4030881370590862,0.4452954270004569,-0.042207289941370685
2024-01-26,0.4806819762906933,0.4523727368585042,0.028309239432189104
2024-01-29,0.5718944488933388,0.4762770792654712,0.09561736962786765
2024-01-30,0.6216832015148626,0.5053583037153495,0.11632489779951305
2024-01-31,0.6615839826113294,0.5366034394945455,0.12498054311678397
2024-02-01,0.7499212443523078,0.5792670004660979,0.17065424388620987
2024-02-02,0.7794741275470614,0.6193084258822906,0.16016570166477073
2024-02-05,0.8041155701919926,0.656269854744231,0.1478457154477616
2024-02-06,0.8357962951110451,0.692175142817594,0.14362115229345118
2024-02-07,0.8869900676816869,0.7311381277904125,0.15585193989127433
2024-02-08,0.8970479798930846,0.764320098210947,0.13272788168213756
2024-02-09,0.8619987888348568,0.7838558363357291,0.07814295249912773
2024-02-14,0.8071653908395504,0.7885177472364934,0.01864764360305704
2024-02-15,0.8307897611755379,0.7969721500243023,0.033817611151235605
2024-02-16,0.8621673759837876,0.8100111952161995,0.0521561807675881
2024-02-19,0.8888915200531144,0.8257872601835825,0.06310425986953194
2024-02-20,0.8741723563461399,0.835464279416094,0.038708076930045854
2024-02-21,0.8558690530845965,0.8395452341497945,0.016323818934801948
2024-02-22,0.8134277863915393,0.8343217445981436,-0.020893958206604224
2024-02-23,0.7541541126418032,0.8182882182068756,-0.06413410556507237
2024-02-26,0.7445903612693137,0.8035486468193633,-0.05895828555004967
2024-02-27,0.7254211502365102,0.7879231475027928,-0.06250199726628258
2024-02-28,0.5745003022736483,0.745238578456964,-0.1707382761833156
2024-02-29,0.4329583239292525,0.6827825275514217,-0.24982420362216917
2024-03-01,0.3195227759508299,0.6101305772313034,-0.2906078012804735
2024-03-04,0.22142344034436334,0.5323891498539154,-0.31096570950955205
2024-03-05,0.13486215529263745,0.45288375094165984,-0.3180215956490224
2024-03-06,0.11656072506359294,0.3856191457660465,-0.26905842070245356
2024-03-07,0.07536660479794577,0.3235686375724264,-0.2482020327744806
2024-03-08,-0.20506031683238035,0.21784284669146503,-0.4229031635238454
2024-03-11,-0.44955365637941824,0.08436354607728837,-0.5339172024567066
2024-03-12,-0.5681788807381558,-0.04614493928580046,-0.5220339414523554
2024-03-13,-0.6801709638598084,-0.17295014420060206,-0.5072208196592063
2024-03-14,-0.7689377416461838,-0.29214766368971845,-0.47679007795646533
2024-03-15,-0.8241374935683119,-0.39854562966543716,-0.42559186390287473
2024-03-18,-0.8571955613868667,-0.4902756160097231,-0.3669199453771436
2024-03-19,-0.8884838417417171,-0.569917261156122,-0.31856658058559517
2024-03-20,-0.8669748438232503,-0.6293287776895476,-0.23764606613370265
2024-03-21,-0.8976789070629323,-0.6829988035642247,-0.2146801034987076
2024-03-22,-0.8915618180676645,-0.7247114064649127,-0.16685041160275182
2024-03-25,-0.8447001464267281,-0.7487091544572759,-0.09599099196945216
2024-03-26,-0.8175042481732646,-0.7624681732004737,-0.05503607497279095
2024-03-27,-0.7701284960012025,-0.7640002377606194,-0.006128258240583051
2024-03-28,-0.6779665420658105,-0.7467934986216577,0.06882695655584714
2024-04-01,-0.5812816318079861,-0.7136911252589234,0.13240949345093733
2024-04-02,-0.44306659805261717,-0.6595662198176622,0.216499621765045
2024-04-03,-0.34089736536049386,-0.5958324489262286,0.2549350835657347
2024-04-04,-0.2880764865805041,-0.5342812564570837,0.24620476987657958
2024-04-05,-0.23064615150694578,-0.4735542354670561,0.24290808396011032
2024-04-08,-0.15270903825550164,-0.4093851960247452,0.2566761577692436
2024-04-09,-0.08432287786471093,-0.34437273239273836,0.2600498545280274
2024-04-10,0.020473377459868658,-0.27140351042221694,0.2918768878820856
2024-04-11,0.08559325411063767,-0.200004157515646,0.2855974116262837
2024-04-12,0.11489693804943713,-0.13702393840262939,0.2519208764520665
2024-04-15,0.15728703870748006,-0.07816174298060749,0.23544878168808756
2024-04-16,0.19907658151697305,-0.02271407808109139,0.22179065959806443
2024-04-17,0.24630113407122067,0.031088964349371022,0.21521216972184964
2024-04-18,0.2844821808408291,0.08176760764766264,0.20271457319316646
2024-04-19,0.35104018408379645,0.1356221229348894,0.21541806114890705
2024-04-22,0.45502676572333556,0.19950305149257863,0.2555237142307569
2024-04-23,0.5265259192503464,0.26490762504413223,0.2616182942062142
2024-04-24,0.5653753880336154,0.32500117764202885,0.24037421039158657
2024-04-25,0.6468058790970446,0.389362117933032,0.2574437611640126
2024-04-26,0.7359402424191401,0.45867774283025364,0.2772624995888865
2024-04-29,0.8420604388405053,0.5353542820323041,0.30670615680820124
2024-04-30,0.9076297045399713,0.6098093665338375,0.2978203380061337
2024-05-02,0.958230927472151,0.6794936787215002,0.27873724875065076
2024-05-03,0.9534514761800139,0.734285238213203,0.2191662379668109
2024-05-06,0.9555934846983689,0.7785468875102362,0.17704659718813276
2024-05-07,0.9766951325723099,0.818176536522651,0.1585185960496589
2024-05-08,1.0203879321023521,0.8586188156385913,0.1617691164637608
2024-05-09,1.0685188954708806,0.9005988316050493,0.16792006386583136
2024-05-10,1.0884674406117938,0.9381725534063983,0.15029488720539552
2024-05-13,1.0940856176810385,0.9693551662613265,0.12473045141971206
2024-05-14,1.038953584129235,0.9832748498349082,0.05567873429432679
2024-05-15,0.829958930102844,0.9526116658884954,-0.12265273578565139
2024-05-16,0.5889521905653261,0.8798797708238616,-0.2909275802585355
2024-05-17,0.3551269423172414,0.7749292051225376,-0.4198022628052962
2024-05-20,0.17187209605657472,0.654317783309345,-0.48244568725277026
2024-05-21,0.02155138065512574,0.5277645027785012,-0.5062131221233754
2024-05-22,-0.06535574828509993,0.40914045256578097,-0.4744962008508809
2024-05-23,-0.15583448750282258,0.2961454645520603,-0.4519799520548829
2024-05-24,-0.23691230896967141,0.18953390984771395,-0.42644621881738537
2024-05-27,-0.27300561856369754,0.09702600416543167,-0.3700316227291292
2024-05-28,-0.24871398797709787,0.027878005736925754,-0.27659199371402365
2024-05-29,-0.2300386194209061,-0.023705319294640616,-0.20633330012626547
2024-05-31,-0.14817001306581545,-0.04859825804887559,-0.09957175501693986
2024-06-03,-0.09590064896350015,-0.05805873623180051,-0.03784191273169964
2024-06-04,-0.08018076940797414,-0.06248314286703524,-0.0176976265409389
2024-06-05,-0.06376000030426354,-0.0627385143544809,-0.001021485949782644
2024-06-06,-0.0390000245072919,-0.0579908163850431,0.018990791877751205
2024-06-07,-0.10929918848963638,-0.06825249080596177,-0.04104669768367461
2024-06-10,-0.12803159117107654,-0.08020831087898472,-0.04782328029209182
2024-06-11,-0.13087855519589908,-0.0903423597423676,-0.04053619545353149
2024-06-12,-0.1882557656974484,-0.10992504093338376,-0.07833072476406464
2024-06-13,-0.2541979589314529,-0.1387796245329976,-0.11541833439845531
2024-06-14,-0.35322163785915706,-0.1816680271982295,-0.17155361066092756
2024-06-17,-0.4180040457044072,-0.22893523089946505,-0.18906881480494214
2024-06-18,-0.39459420517627564,-0.2620670257548272,-0.13252717942144843
2024-06-19,-0.3701609203730243,-0.28368580467846666,-0.08647511569455762
2024-06-20,-0.310104518656825,-0.28896954747413833,-0.021134971182686646
2024-06-21,-0.24515885328194642,-0.2802074086357,0.03504855535375356
2024-06-24,-0.16994320259471252,-0.2581545674275025,0.08821136483278996
2024-06-25,-0.11067232866489007,-0.22865811967498,0.11798579101008994
2024-06-26,-0.05978292796585194,-0.1948830813331544,0.13510015336730247
2024-06-27,0.02065501193186492,-0.15177546268015055,0.17243047461201547
2024-06-28,0.10497926670150903,-0.10042451680381863,0.20540378350532768
2024-07-01,0.20734181084636916,-0.03887125127378107,0.24621306212015023
2024-07-02,0.2772003077023548,0.024343060521446108,0.25285724718090874
2024-07-03,0.285696847316558,0.07661381788046849,0.20908302943608947
2024-07-04,0.25639132311324886,0.11256931892702457,0.1438220041862243
2024-07-05,0.24327284890139467,0.1387100249218986,0.10456282397949607
2024-07-08,0.2884561201154554,0.16865924396060997,0.11979687615484544
2024-07-09,0.3205688696978015,0.19904116910804828,0.12152770058975323
2024-07-10,0.3189413217102057,0.22302119962847977,0.09592012208172596
2024-07-11,0.33078365509074814,0.24457369072093343,0.0862099643698147
2024-07-12,0.324326410245412,0.2605242346258292,0.06380217561958279
2024-07-15,0.3379074701501139,0.27600088173068615,0.061906588419427755
2024-07-16,0.3383153379369901,0.288463772971947,0.049851564965043116
2024-07-17,0.34754297978782134,0.30027961433512185,0.04726336545269949
2024-07-18,0.34682340596966554,0.3095883726620306,0.037235033307634946
2024-07-19,0.3518798833945347,0.31804667480853144,0.03383320858600325
2024-07-22,0.30317051518445126,0.3150714428837154,-0.011900927699264152
2024-07-23,0.23044185900635838,0.298145526108244,-0.06770366710188563
2024-07-24,0.18997989922002745,0.2765124007306007,-0.08653250151057323
2024-07-25,0.1529230372880619,0.2517945280420929,-0.09887149075403101
2024-07-26,0.1189562874862311,0.22522687993092055,-0.10627059244468945
2024-07-29,0.04312528650204683,0.1888065612451458,-0.14568127474309897
2024-07-30,-0.03193461781891571,0.1446583254323335,-0.17659294325124922
2024-07-31,-0.04171733923484311,0.10738319249889819,-0.1491005317337413
2024-08-01,-0.08560160998253608,0.06878623200261134,-0.15438784198514743
2024-08-02,-0.19000550746311973,0.017027884109465125,-0.20703339157258485
2024-08-05,-0.27123356950673383,-0.04062440661377467,-0.23060916289295916
2024-08-06,-0.2918967683214575,-0.09087887895531124,-0.20101788936614626
2024-08-07,-0.3079503084945685,-0.1342931648631627,-0.1736571436314058
2024-08-08,-0.28032330653909554,-0.16349919319834927,-0.11682411334074627
2024-08-09,-0.27702211347951433,-0.1862037772545823,-0.09081833622493204
2024-08-12,-0.21862918884901816,-0.19268885957346946,-0.025940329275548707
2024-08-13,-0.18474722010605404,-0.1911005316799864,0.0063533115739323465
2024-08-14,-0.11461465519226266,-0.17580335638244166,0.061188701190178996
2024-08-15,-0.02166618233739115,-0.14497592157343156,0.12330973923604041
2024-08-16,0.06177397368665538,-0.10362594252141417,0.16539991620806954
2024-08-19,0.12245473440422572,-0.0584098071362862,0.1808645415405119
2024-08-20,0.15902849582791134,-0.014922146543446695,0.17395064237135804
2024-08-21,0.17151188730427336,0.02236466022609732,0.14914722707817604
2024-08-22,0.18252865399026064,0.05439745897892999,0.12813119501133063
2024-08-23,0.17392323012326827,0.07830261320779765,0.09562061691547062
2024-08-26,0.34069763330299807,0.13078161722683773,0.20991601607616034
2024-08-27,0.43317675108422904,0.191260643998316,0.24191610708591305
2024-08-28,0.5373905698463446,0.26048662916792176,0.27690394067842283
2024-08-29,0.5953656065420603,0.3274624246427495,0.2679031818993108
2024-08-30,0.6363960129954869,0.389249142313297,0.24714687068218988
2024-09-02,0.6373583426898186,0.43887098238860134,0.19848736030121727
2024-09-03,0.5997378506533018,0.4710443560415415,0.12869349461176027
2024-09-04,0.5642262075973044,0.4896807263526941,0.07454548124461025
2024-09-05,0.5140193509853681,0.494548451279229,0.019470899706139133
2024-09-06,0.41936703482518567,0.47951216798842033,-0.060145133163234665
2024-09-09,0.3675526328783185,0.4571202609664,-0.0895676280880815
2024-09-10,0.28128718824327237,0.4219536464217745,-0.14066645817850215
2024-09-11,0.20810158702500559,0.37918323454242076,-0.17108164751741517
2024-09-12,0.12126840559160712,0.32760026875225806,-0.20633186316065094
2024-09-13,0.04068664343619233,0.27021754368904494,-0.2295309002528526
2024-09-16,0.009795671451904298,0.21813316924161683,-0.20833749778971253
2024-09-17,-0.02568637977740096,0.16936925943781328,-0.19505563921521424
2024-09-18,-0.11142660362056489,0.11321008682613766,-0.22463669044670254
2024-09-19,-0.16935496584958898,0.05669707629099233,-0.2260520421405813
2024-09-20,-0.21360818450937202,0.0026360241309194635,-0.21624420864029148
2024-09-23,-0.22111588363587487,-0.04211435742243941,-0.17900152621343546
2024-09-24,-0.21490549538870596,-0.07667258501569273,-0.13823291037301322
2024-09-25,-0.19004088356669513,-0.0993462447258932,-0.09069463884080192
2024-09-26,-0.22024620611564316,-0.12352623700384321,-0.09671996911179995
2024-09-27,-0.2509740661626445,-0.14901580283560348,-0.10195826332704103
2024-09-30,-0.2785702634511793,-0.17492669495871865,-0.10364356849246065
2024-10-01,-0.23399668282594277,-0.1867406925321635,-0.047255990293779276
2024-10-02,-0.16290345945487417,-0.18197324591670563,0.019069786461831467
2024-10-03,-0.07583152137834759,-0.16074490100903402,0.08491337963068643
2024-10-04,-0.013130355975043528,-0.13122199200223594,0.11809163602719241
2024-10-07,0.07124383750019447,-0.09072882610174987,0.16197266360194434
2024-10-08,0.08628066899788678,-0.05532692708182255,0.14160759607970932
2024-10-09,0.07155134132231211,-0.029951273400995612,0.10150261472330772
2024-10-10,0.0879138185984587,-0.006378255001104751,0.09429207359956346
2024-10-11,0.09733839403021705,0.014365074805159611,0.08297331922505743
2024-10-14,0.10999481758467056,0.0334910233610618,0.07650379422360876
2024-10-15,0.09791657600955617,0.046376133890760673,0.05154044211879549
2024-10-16,0.07457417504888753,0.05201574212238605,0.022558432926501476
2024-10-17,0.03708854267173933,0.04903030223225671,-0.011941759560517379
2024-10-18,0.0009150296392519408,0.03940724771365576,-0.03849221807440382
2024-10-21,-0.06492934700602149,0.018539928769720312,-0.0834692757757418
2024-10-22,-0.1253495355798826,-0.010237964100200272,-0.11511157147968233
2024-10-23,-0.20077447494026046,-0.04834526626821231,-0.15242920867204815
2024-10-24,-0.24162564424037924,-0.08700134186264571,-0.15462430237773353
2024-10-25,-0.25492356156394536,-0.12058578580290565,-0.13433777576103972
2024-10-28,-0.26642564993353446,-0.14975375862903142,-0.11667189130450303
2024-10-29,-0.2771873926739943,-0.175240485438024,-0.10194690723597027
2024-10-30,-0.29283049718377185,-0.1987584877871736,-0.09407200939659827
2024-10-31,-0.2977607870739547,-0.21855894764452982,-0.07920183942942488
2024-11-01,-0.3309368171921996,-0.2410345215540638,-0.08990229563813579
2024-11-04,-0.34757402805758275,-0.2623424228547676,-0.08523160520281514
2024-11-05,-0.3638274094699696,-0.282639420177808,-0.08118798929216159
2024-11-06,-0.3716176381039489,-0.3004350637630362,-0.07118257434091269
2024-11-07,-0.366306647568134,-0.3136093805240558,-0.05269726704407823
2024-11-08,-0.3140965364922934,-0.3137068117177033,-0.00038972477459009447
2024-11-11,-0.26482540631614526,-0.3039305306373917,0.039105124321246465
2024-11-12,-0.17933007177567717,-0.27901043886504884,0.09968036708937167
2024-11-13,-0.11349378321234127,-0.24590710773450733,0.13241332452216606
2024-11-14,-0.03509220347511288,-0.20374412688262847,0.16865192340751559
2024-11-18,0.08815794821046907,-0.14536371186400895,0.23352166007447803
2024-11-19,0.1573920220585947,-0.08481256507948823,0.24220458713808293
2024-11-21,0.21702108821244082,-0.024445834421102416,0.24146692263354325
2024-11-22,0.3601832216581897,0.052479976794756016,0.3077032448634337
2024-11-25,0.45228821827057786,0.13244162508992038,0.31984659318065745
2024-11-26,0.5161050877729281,0.20917431762652194,0.30693077014640613
2024-11-27,0.5514475913685253,0.2776289723749226,0.27381861899360266
2024-11-28,0.5465284977027558,0.3314088774404893,0.2151196202622665
2024-11-29,0.5563892818939316,0.3764049583311778,0.17998432356275373
2024-12-02,0.5745264856688514,0.4160292637987126,0.15849722187013887
2024-12-03,0.6053231383623761,0.4538880387114453,0.15143509965093077
2024-12-04,0.6058011638246832,0.4842706637340929,0.1215305000905903
2024-12-05,0.6247990337586877,0.5123763377390119,0.1124226960196758
2024-12-06,0.5926771479946353,0.5284364997901366,0.06424064820449871
2024-12-09,0.6269670990570475,0.5481426196435188,0.07882447941352866
2024-12-10,0.656260170697891,0.5697661298543932,0.08649404084349777
2024-12-11,0.6980566208928778,0.5954242280620902,0.10263239283078762
2024-12-12,0.6749848183858944,0.6113363461268511,0.06364847225904335
2024-12-13,0.633262069203667,0.6157214907422143,0.017540578461452738
2024-12-16,0.5821885526739514,0.6090149031285617,-0.026826350454610237
2024-12-17,0.5602684066444183,0.599265603831733,-0.03899719718731465
2024-12-18,0.46890341010681524,0.5731931650867494,-0.1042897549799342
2024-12-19,0.3824048696843967,0.5350355060062789,-0.15263063632188223
2024-12-20,0.288739006166157,0.48577620603825455,-0.19703719987209756
2024-12-23,0.21286131815424625,0.4311932284614529,-0.21833191030720667
2024-12-26,0.16055986665597288,0.37706655610035694,-0.21650668944438406
2024-12-27,0.10977599591908316,0.32360844406410216,-0.213832448145019
2024-12-30,0.10622993199794095,0.28013274165086993,-0.17390280965292898
2025-01-02,0.14372256075490597,0.25285070547167715,-0.10912814471677118
2025-01-03,0.14353903558437864,0.23098837149421747,-0.08744933590983883
2025-01-06,0.12979366360650957,0.21074942991667592,-0.08095576631016635
2025-01-07,0.171790381702408,0.20295762027382236,-0.031167238571414346
2025-01-08,0.18199532742765712,0.19876516170458933,-0.01676983427693221
2025-01-09,0.19908472561778012,0.1988290744872275,0.0002556511305526199
2025-01-10,0.21738457063149497,0.20254017371608102,0.014844396915413949
2025-01-13,0.23801966777178762,0.20963607252722236,0.02838359524456527
2025-01-14,0.23392443427461984,0.21449374487670186,0.019430689397917977
2025-01-15,0.261554385987381,0.22390587309883772,0.03764851288854329
2025-01-16,0.26267124973968947,0.2316589484270081,0.031012301312681373
2025-01-17,0.2717209720557179,0.23967135315275007,0.032049618902967814
2025-01-20,0.2820964414251961,0.2481563708072393,0.033940070617956786
2025-01-21,0.287010596157117,0.25592721587721484,0.03108338027990215
2025-01-22,0.2732309670022701,0.2593879661022259,0.0138430009000442
2025-01-23,0.2409736396928963,0.25570510082036,-0.014731461127463708
2025-01-24,0.19939341300101177,0.2444427632564904,-0.045049350255478626
2025-01-27,0.20283462100023542,0.2361211348052394,-0.033286513805004
2025-01-28,0.19923061449249957,0.22874303074269148,-0.02951241625019191
2025-01-29,0.17818211236259884,0.21863084706667296,-0.04044873470407412
2025-01-30,0.19396254958432735,0.21369718757020387,-0.01973463798587652
2025-01-31,0.22565420211321197,0.2160885904788055,0.009565611634406473
2025-02-03,0.23435103298782423,0.21974107898060927,0.01460995400721496
2025-02-04,0.21216933600369003,0.21822673038522544,-0.006057394381535408
2025-02-05,0.17402505106166188,0.20938639452051275,-0.035361343458850863
2025-02-06,0.13657269048244558,0.19482365371289934,-0.058250963230453756
2025-02-07,0.0913143146385309,0.17412178589802565,-0.08280747125949475
2025-02-10,0.0723647117449957,0.15377037106741967,-0.08140565932242397
2025-02-11,0.05669348769171023,0.13435499439227777,-0.07766150670056754
2025-02-12,0.0046810644284036584,0.10842020839950295,-0.10373914397109929
2025-02-13,-0.03293187191097502,0.08014979233740736,-0.11308166424838238
2025-02-14,0.016948954283655837,0.06750962472665706,-0.05056067044300122
2025-02-17,0.07179063914516348,0.06836582761035835,0.0034248115348051306
2025-02-18,0.16260061287830752,0.08721278466394819,0.07538782821435933
2025-02-19,0.23747907534298207,0.11726604279975497,0.1202130325432271
2025-02-20,0.29742682712763724,0.15329819966533142,0.14412862746230581
2025-02-21,0.3338254722338192,0.189403654179029,0.1444218180547902
2025-02-24,0.33939335119468694,0.2194015935821606,0.11999175761252634
2025-02-25,0.32792210706209346,0.2411056962781472,0.08681641078394625
2025-02-26,0.31519766100878144,0.25592408922427407,0.05927357178450737
2025-02-27,0.20670759460224275,0.24608079029986782,-0.03937319569762507
2025-02-28,0.0714893648580599,0.21116250521150623,-0.13967314035344633
2025-03-05,-0.12780114978320256,0.1433697742125645,-0.27117092399576703
2025-03-06,-0.3072133632510443,0.05325314671984274,-0.36046650997088703
2025-03-07,-0.41875041524721013,-0.04114756567356784,-0.3776028495736423
2025-03-10,-0.50216263073996,-0.1333505786868463,-0.36881205205311374
2025-03-11,-0.597688866459464,-0.22621823624136983,-0.3714706302180941
2025-03-12,-0.6657200896988513,-0.31411860693286614,-0.3516014827659852
2025-03-13,-0.6875027279667663,-0.3887954311396462,-0.29870729682712005
2025-03-14,-0.6225460744391604,-0.4355455597995491,-0.18700051463961131
2025-03-17,-0.517494040200269,-0.45193525587969313,-0.06555878432057588
2025-03-18,-0.4276955057943006,-0.4470873058626147,0.01939180006831409
2025-03-19,-0.3540619474329958,-0.42848223417669096,0.07442028674369516
2025-03-20,-0.28675289803387116,-0.40013636694812704,0.11338346891425588
2025-03-21,-0.19166172943873505,-0.3584414394462487,0.16677971000751363
2025-03-24,-0.1181668055600511,-0.31038651266900913,0.19221970710895803
2025-03-25,-0.039295662286896516,-0.25616834259258664,0.21687268030569012
2025-03-26,0.047675127027254405,-0.19539964866861845,0.24307477569587285
2025-03-27,0.13521434797677045,-0.12927684933954067,0.2644911973163111
2025-03-28,0.18550616669246978,-0.06632024613313858,0.25182641282560836
2025-03-31,0.20364925922822152,-0.012326345060866557,0.21597560428908807
2025-04-01,0.2251157931610379,0.03516208258351434,0.18995371057752358
2025-04-02,0.23298711412650874,0.07472708889211321,0.15826002523439553
2025-04-03,0.1511428543230835,0.09001024197830727,0.061132612344776224
2025-04-04,-0.016810829047955167,0.06864602777305479,-0.08545685682100995
2025-04-07,-0.2447311128395313,0.005970599650537568,-0.2507017124900689
2025-04-08,-0.5034751401652464,-0.09591854831261924,-0.40755659185262716
2025-04-09,-0.6087193195211142,-0.19847870255431826,-0.410240616966796
2025-04-10,-0.83022151907889,-0.3248272658592326,-0.5053942532196574
2025-04-11,-0.950427270651744,-0.44994726681773495,-0.5004800038340091
2025-04-14,-1.0425494148110879,-0.5684676964164056,-0.47408171839468227
2025-04-15,-1.1546958307215576,-0.6857133232774361,-0.4689825074441215
2025-04-16,-1.2294009049451837,-0.7944508396109856,-0.4349500653341981
2025-04-17,-1.2316410524999277,-0.881888882188774,-0.3497521703111537
2025-04-22,-1.2145740336040767,-0.9484259124718346,-0.26614812113224207
2025-04-23,-1.2120904828041468,-1.0011588265382971,-0.21093165626584964
2025-04-24,-1.206702054310707,-1.0422674720927791,-0.16443458221792784
2025-04-25,-1.1823469943308247,-1.0702833765403883,-0.11206361779043639
2025-04-28,-1.1585662835849817,-1.087939957949307,-0.07062632563567472
2025-04-29,-1.1147658260651951,-1.0933051315724847,-0.021460694492710486
2025-04-30,-1.1092268257170375,-1.0964894704013952,-0.01273735531564224
2025-05-02,-1.0332150525016175,-1.0838345868214398,0.05061953431982236
2025-05-05,-1.0448501013784082,-1.0760376897328336,0.031187588354425477
2025-05-06,-1.0069590416507843,-1.0622219601164238,0.055262918465639466
2025-05-07,-0.9554266268596159,-1.0408628934650623,0.08543626660544645
2025-05-08,-0.8738507847655725,-1.0074604717251645,0.13360968695959197
2025-05-09,-0.7856207001076676,-0.9630925174016651,0.17747181729399752
2025-05-12,-0.6540943295055186,-0.9012928798224359,0.2471985503169173
2025-05-13,-0.5084928217174465,-0.8227328682014381,0.3142400464839916
2025-05-14,-0.40457719229126354,-0.7391017330194032,0.33452454072813964
2025-05-15,-0.32174213000817176,-0.6556298124171569,0.33388768240898514
2025-05-16,-0.24200819653842132,-0.5729054892414098,0.3308972927029885
2025-05-19,-0.17997154556880446,-0.49431870050688875,0.3143471549380843
2025-05-20,-0.11974372448925763,-0.4194037053033626,0.29965998081410494
2025-05-21,-0.09751687065782733,-0.3550263383742555,0.2575094677164282
2025-05-22,-0.10930475588212119,-0.30588202187582864,0.19657726599370745
2025-05-23,-0.11171059466602529,-0.267047736433868,0.1553371417678427
2025-05-26,-0.11950194306178474,-0.23753857775945136,0.11803663469766662
2025-05-27,-0.1082900143910912,-0.21168886508577933,0.10339885069468813
2025-05-28,-0.1054511527329538,-0.19044132261521424,0.08499016988226044
2025-05-29,-0.11558650439415175,-0.17547035897100174,0.05988385457685
2025-05-30,-0.1469394265857531,-0.169764172493952,0.022824745908198912
2025-06-02,-0.15626790492292741,-0.16706491897974712,0.01079701405681971
2025-06-03,-0.1681774773532112,-0.16728743065443993,-0.0008900466987712685
2025-06-04,-0.2370162879199249,-0.18123320210753693,-0.05578308581238797
2025-06-05,-0.2874510678463267,-0.2024767752552949,-0.08497429259103179
2025-06-06,-0.30374668097559976,-0.22273075639935588,-0.08101592457624388
2025-06-09,-0.34735439290336956,-0.24765548370015864,-0.09969890920321092
2025-06-10,-0.31214841913848446,-0.2605540707878238,-0.05159434835066068
2025-06-11,-0.20682011013023072,-0.24980727865630517,0.042987168526074454
2025-06-12,-0.07008915452398767,-0.21386365382984168,0.143774499305854
2025-06-13,0.09606859308231819,-0.1518772044474097,0.2479457975297279
2025-06-16,0.20122274185555256,-0.08125721518681725,0.28247995704236983
2025-06-17,0.33556034853708283,0.0021062975579627663,0.33345405097912006
2025-06-18,0.4345933982330159,0.0886037176929734,0.34598968054004253
2025-06-20,0.50084899673287,0.17105277350095272,0.32979622323191726
2025-06-23,0.48642419217597066,0.2341270572359563,0.2522971349400144
2025-06-24,0.42251388442140936,0.27180442267304694,0.15070946174836242
2025-06-25,0.3556609209735768,0.28857572233315293,0.0670851986404239
2025-06-26,0.3175777054976514,0.29437611896605265,0.02320158653159876
2025-06-27,0.26577373091683043,0.2886556413562082,-0.02288191043937776
2025-06-30,0.23492134364220618,0.2779087818134078,-0.0429874381712016
2025-07-01,0.2160492870180164,0.2655368828543295,-0.049487595836313125
2025-07-02,0.24028286901310025,0.2604860800860837,-0.02020321107298345
2025-07-03,0.2645082353167929,0.26129051113222557,0.0032177241845673388
2025-07-04,0.27808072190439503,0.2646485532866595,0.013432168617735551
2025-07-07,0.28075910060517373,0.26787066275036236,0.012888437854811363
2025-07-08,0.3139600058481804,0.277088531369926,0.036871474478254396
2025-07-09,0.3212375241343146,0.28591832992280375,0.03531919421151086
2025-07-10,0.31769441140539456,0.29227354621932194,0.025420865186072616
2025-07-11,0.3400159679692827,0.3018220305693141,0.03819393739996857
2025-07-14,0.32172070923193985,0.30580176630183925,0.0159189429301006
2025-07-15,0.28537290584248964,0.30171599420996936,-0.01634308836747972
2025-07-16,0.2416773572514117,0.28970826681825784,-0.048030909566846136
2025-07-17,0.18075717123559443,0.26791804770172517,-0.08716087646613074
2025-07-18,0.0958680548843347,0.23350804913824708,-0.13763999425391238
2025-07-21,0.032255578485091974,0.19325755500761607,-0.1610019765225241
2025-07-22,0.004385341095542117,0.1554831122252013,-0.1510977711296592
2025-07-23,0.030362957487255926,0.13045908127761224,-0.10009612379035632
2025-07-24,0.046381170244440995,0.113643499070978,-0.067262328826537
2025-07-25,0.061593374880477114,0.10323347423287783,-0.04164009935240072
2025-07-28,0.07520301241719096,0.09762738186974046,-0.022424369452549497
2025-07-29,0.11611993057368153,0.10132589161052868,0.014794038963152845
2025-07-30,0.1715833857609752,0.11537739044061801,0.056205995320357194
2025-07-31,0.20350964397596982,0.13300384114768837,0.07050580282828145
2025-08-01,0.19429506401363028,0.14526208572087676,0.04903297829275352
2025-08-04,0.1808728710059455,0.1523842427778905,0.028488628228055007
2025-08-05,0.17946376969215905,0.15780014816074422,0.021663621531414823
2025-08-06,0.17950548496264673,0.16214121552112473,0.017364269441522
2025-08-07,0.19105377487584718,0.16792372739206923,0.02313004748377795
2025-08-08,0.049548260991592485,0.1442486341119739,-0.0947003731203814
2025-08-11,-0.04832128135067748,0.10573465101944363,-0.1540559323701211
2025-08-12,-0.11806726146099322,0.06097426852335626,-0.17904152998434947
2025-08-13,-0.18811818876724118,0.011155777065236773,-0.19927396583247795
2025-08-14,-0.2703732664143921,-0.045150031630688994,-0.2252232347837031
2025-08-15,-0.3325346717913362,-0.10262695966281846,-0.22990771212851777
2025-08-18,-0.3630880843027171,-0.1547191845907982,-0.2083688997119189
2025-08-19,-0.4068198110930865,-0.20513930989125587,-0.20168050120183065
2025-08-20,-0.42288518323832136,-0.24868848456066897,-0.1741966986776524
2025-08-21,-0.42506876331520616,-0.2839645403115764,-0.14110422300362974
2025-08-22,-0.3629041179245611,-0.29975245583417337,-0.06315166209038775
2025-08-25,-0.29650271064785017,-0.29910250679690875,0.0025997961490585864
2025-08-26,-0.2578520045404815,-0.2908524063456233,0.0330004018051418
2025-08-27,-0.2070817703590322,-0.2740982791483051,0.0670165087892729
2025-08-28,-0.1450015951985364,-0.24827894235835138,0.10327734715981499
2025-08-29,-0.08114958793377625,-0.21485307147343635,0.1337034835396601
2025-09-01,-0.025411980100319198,-0.17696485319881292,0.15155287309849372
2025-09-02,0.030512493046696676,-0.135469383949711,0.16598187699640768
2025-09-03,0.05403722279952916,-0.09756806259986298,0.15160528539939214
2025-09-04,0.07185247006685103,-0.06368395606652018,0.1355364261333712
2025-09-05,0.049094017412283364,-0.041128361370759474,0.09022237878304284
2025-09-08,0.040276494478789004,-0.024847390200849778,0.06512388467963878
2025-09-09,0.050459044949942466,-0.00978610317069133,0.06024514812063379
2025-09-10,0.10014099708603297,0.012199316880653531,0.08794168020537943
2025-09-11,0.12914946674153072,0.03558934685282897,0.09356011988870175
2025-09-12,0.13445069548311395,0.05536161657888597,0.07908907890422798
2025-09-15,0.15781261890762366,0.07585181704463351,0.08196080186299015
2025-09-16,0.17990173134668908,0.09666179990504463,0.08323993144164445
2025-09-17,0.20951682819955053,0.11923280556394582,0.09028402263560471
2025-09-18,0.2071979801133388,0.13682584047382443,0.07037213963951436
2025-09-19,0.17669520192484356,0.14479971276402825,0.031895489160815305
2025-09-22,0.17391729648457144,0.1506232295081369,0.023294066976434546
2025-09-23,0.20964495123666893,0.16242757385384332,0.04721737738282561
2025-09-24,0.2902903223246476,0.18800012354800416,0.10229019877664342
2025-09-25,0.3302228458571115,0.21644466800982565,0.11377817784728583
2025-09-26,0.3497685797260601,0.24310945035307258,0.10665912937298755
2025-09-29,0.32759194865784025,0.2600059500140261,0.06758599864381415
2025-09-30,0.2801590673518817,0.26403657348159726,0.016122493870284416
2025-10-01,0.23342209120217206,0.2579136770257122,-0.024491585823540163
2025-10-02,0.1718085390483921,0.2406926494302482,-0.0688841103818561
2025-10-03,0.11519611455128498,0.21559334245445558,-0.1003972279031706
2025-10-06,0.047990413141292265,0.18207275659182293,-0.13408234345053066
2025-10-07,0.0035644030549235595,0.14637108588444306,-0.1428066828295195
2025-10-08,-0.04484417354328585,0.10812803399889728,-0.15297220754218313
2025-10-09,-0.11576434981203931,0.06334955723670996,-0.17911390704874927
2025-10-10,-0.1907500793694723,0.012529629915473503,-0.20327970928494582
2025-10-13,-0.2249896101695228,-0.03497421810152576,-0.19001539206799703
2025-10-14,-0.2652058851818744,-0.08102055151759549,-0.1841853336642789
2025-10-15,-0.3144328142065689,-0.12770300405539017,-0.1867298101511787
2025-10-16,-0.37175382339450636,-0.17651316792321342,-0.19524065547129293
2025-10-17,-0.39088847363127144,-0.21938822906482505,-0.17150024456644639
2025-10-20,-0.4006277184192619,-0.25563612693571247,-0.14499159148354945
2025-10-21,-0.4212424803651871,-0.2887573976216074,-0.13248508274357967
2025-10-22,-0.40706609749815215,-0.31241913759691636,-0.09464695990123578
2025-10-23,-0.36579324941146396,-0.3230939599598259,-0.042699289451638034
2025-10-24,-0.3556131747063773,-0.3295978029091362,-0.026015371797241116
2025-10-27,-0.3316189489436283,-0.3300020321160346,-0.001616916827593684
2025-10-28,-0.30983864159168917,-0.32596935401116556,0.01613071241947639
2025-10-29,-0.28685021114112175,-0.3181455254371568,0.03129531429603505
2025-10-30,-0.2751430338805214,-0.3095450271258297,0.03440199324530829
2025-10-31,-0.27400330202243595,-0.30243668210515096,0.02843338008271501
2025-11-03,-0.24286529783707067,-0.2905224052515349,0.04765710741446422
2025-11-04,-0.20453363874213437,-0.27332465194965483,0.06879101320752046
2025-11-05,-0.12670075895274735,-0.24399987335027334,0.117299114397526
2025-11-06,-0.05231088722085531,-0.20566207612438975,0.15335118890353444
2025-11-07,0.09511491983086628,-0.14550667693333857,0.24062159676420486
2025-11-10,0.22309679236619218,-0.07178598307343242,0.2948827754396246
2025-11-11,0.3846427404509498,0.019499761631444026,0.3651429788195058
2025-11-12,0.44221130102503636,0.10404206951016251,0.3381692315148739
2025-11-13,0.4926457994688356,0.18176281550189713,0.3108829839669385
2025-11-14,0.5425002264607706,0.2539102976936718,0.28858992876709877
2025-11-17,0.5889388775061803,0.3209160136561735,0.26802286385000684
2025-11-18,0.6273858106328554,0.38220997305150994,0.24517583758134542
2025-11-19,0.6375948230753217,0.4332869430562723,0.20430788001904937
2025-11-21,0.6191820000820911,0.4704659544614361,0.14871604562065505
2025-11-24,0.5953066316391684,0.49543408989698257,0.09987254174218585
2025-11-25,0.5498737175412742,0.5063220154258409,0.043551702115433355
2025-11-26,0.5048208792304862,0.50602178818677,-0.001200908956283775
2025-11-27,0.47653365970801076,0.5001241624910182,-0.02359050278300745
2025-11-28,0.40267291894586776,0.48063391378198816,-0.0779609948361204
2025-12-01,0.3450022768222958,0.4535075863900497,-0.1085053095677539
2025-12-02,0.3126392121747976,0.4253339115469993,-0.11269469937220167
2025-12-03,0.30127055226950006,0.40052123969149944,-0.09925068742199938
2025-12-04,0.3048846158505967,0.3813939149233189,-0.07650929907272225
2025-12-05,0.21729011163805723,0.34857315426626656,-0.13128304262820933
2025-12-08,0.16852188056967776,0.3125628995269488,-0.14404101895727106
2025-12-09,0.14354937040990023,0.2787601937035391,-0.13521082329363887
2025-12-10,0.12793216877007652,0.24859458871684662,-0.1206624199467701
2025-12-11,0.06318442197226304,0.2115125553679299,-0.14832813339566686
2025-12-12,0.036465424658050694,0.17650312922595407,-0.14003770456790338
2025-12-15,0.02309338488585766,0.1458211803579348,-0.12272779547207713
2025-12-16,-0.06023904952125392,0.10460913438209704,-0.16484818390335096
2025-12-17,-0.09851672263769728,0.06398396297813819,-0.16250068561583547
2025-12-18,-0.14094490843960727,0.022998188694589097,-0.16394309713419636
2025-12-19,-0.16460294679222187,-0.0145220384027731,-0.15008090838944876
2025-12-22,-0.17408314268908853,-0.04643425926003619,-0.12764888342905234
2025-12-23,-0.17553818913034291,-0.07225504523409754,-0.10328314389624538
2025-12-26,-0.1667005395999297,-0.09114414410726397,-0.07555639549266573
2025-12-29,-0.13314738923165592,-0.09954479313214236,-0.03360259609951356
2025-12-30,-0.09816247211427154,-0.0992683289285682,0.0011058568142966602
2026-01-02,-0.078408904889951,-0.09509644412084475,0.01668753923089375
2026-01-05,-0.10192495444479732,-0.09646214618563527,-0.0054628082591620525
2026-01-06,-0.16226459492856904,-0.10962263593422203,-0.05264195899434701
2026-01-07,-0.19333109849928576,-0.12636432844723477,-0.06696677005205098
2026-01-08,-0.18674979960455929,-0.1384414226786997,-0.0483083769258596
2026-01-09,-0.17148810047502394,-0.14505075823796454,-0.026437342237059402
2026-01-12,-0.1527903236587207,-0.14659867132211576,-0.00619165233660493
2026-01-13,-0.07577308742191491,-0.1324335545420756,0.05666046712016068
2026-01-14,0.0516423892584541,-0.09561836578196965,0.14726075504042374
2026-01-15,0.13492639646662496,-0.04950941333225074,0.1844358097988757
2026-01-16,0.2185827964563103,0.004109028625461461,0.21447376783084882
2026-01-19,0.29120723751425714,0.061528670403220596,0.22967856711103654
2026-01-20,0.35436077694695456,0.12009509171196739,0.23426568523498717
2026-01-21,0.4883487548278822,0.19374582433515036,0.29460293049273184
2026-01-22,0.5997256747650397,0.27494179442112826,0.3247838803439114
2026-01-23,0.7934286670261734,0.37863916894213734,0.4147894980840361
2026-01-26,0.9616754140452848,0.49524641796276686,0.4664289960825179
2026-01-27,1.1423624618346722,0.624669626737148,0.5176928350975242
2026-01-28,1.3650390666629981,0.7727435147223181,0.5922955519406801
2026-01-29,1.5518650212531355,0.9285678160284816,0.6232972052246539
2026-01-30,1.6853398857183066,1.0799222299664466,0.60541765575186
2026-02-02,1.7300242965019166,1.2099426432735407,0.5200816532283759
2026-02-03,1.7716428599762324,1.322282686614079,0.4493601733621533
2026-02-04,1.7792740095931308,1.4136809512098893,0.3655930583832414
2026-02-05,1.7242924429443462,1.4758032495567808,0.24848919338756548
2026-02-06,1.6344431534851083,1.5075312303424462,0.1269119231426621
2026-02-09,1.5980718508776164,1.5256393544494804,0.07243249642813598
2026-02-10,1.553757333440089,1.5312629502476023,0.022494383192486644
2026-02-11,1.5579695225310317,1.5366042647042883,0.021365257826743367
2026-02-12,1.4677315564623257,1.522829723055896,-0.055098166593570364
2026-02-13,1.3635538730015213,1.4909745530450214,-0.12742068004350005
2026-02-18,1.2895280084894694,1.4506852441339109,-0.1611572356444415
2026-02-19,1.2646983082764507,1.413487856962419,-0.14878954868596828
2026-02-20,1.2435958558784819,1.3795094567456316,-0.13591360086714976
2026-02-23,1.2615515315680739,1.3559178717101201,-0.09436634014204626
2026-02-24,1.3370261887998822,1.3521395351280727,-0.015113346328190502
2026-02-25,1.3809219893228075,1.3578960259670196,0.023025963355787882
2026-02-26,1.4027671664923602,1.3668702540720878,0.035896912420272375
2026-02-27,1.3823579216366895,1.3699677875850083,0.012390134051681212
2026-03-02,1.4902155455060395,1.3940173391692146,0.09619820633682497
2026-03-03,1.5441756149705625,1.424048994329484,0.12012662064107849
2026-03-04,1.533754864665326,1.4459901683966525,0.08776469626867356
2026-03-05,1.5224707455980848,1.461286283836939,0.06118446176114589
2026-03-06,1.607163008487312,1.4904616287670136,0.11670137972029848
2026-03-09,1.7365696189163273,1.5396832267968763,0.19688639211945103
2026-03-10,1.8006167396921597,1.591869929375933,0.20874681031622666
2026-03-11,1.9754614441211729,1.668588232324981,0.30687321179619187
2026-03-12,2.1058900707351214,1.7560486000070092,0.3498414707281121
2026-03-13,2.1577542075895195,1.8363897215235114,0.3213644860660081
2026-03-16,2.2447958623034836,1.9180709496795059,0.32672491262397774
2026-03-17,2.349631393919232,2.0043830385274513,0.34524835539178067
2026-03-18,2.4536520367074175,2.094236838163445,0.35941519854397264
2026-03-19,2.4896379871915286,2.1733170679690614,0.3163209192224672
2026-03-20,2.4033063189133586,2.219314918157921,0.18399140075543752
2026-03-23,2.3361996691921405,2.2426918683647648,0.09350780082737575
2026-03-24,2.353524092696105,2.264858313231033,0.08866577946507226
2026-03-25,2.357826429142861,2.2834519364133987,0.07437449272946228
2026-03-26,2.3750111493886834,2.3017637790084557,0.07324737038022766
2026-03-27,2.469899335913027,2.33539089038937,0.13450844552365693
2026-03-30,2.536037951156743,2.375520302542845,0.16051764861389817
2026-03-31,2.4815763197817944,2.396731505990635,0.08484481379115927
2026-04-01,2.309316337140096,2.3792484722205276,-0.06993213508043139
2026-04-02,2.2086645976100954,2.345131697298441,-0.1364670996883457
2026-04-06,2.1660609316238038,2.309317544163514,-0.14325661253971012
2026-04-07,2.074493262470746,2.2623526878249605,-0.18785942535421452
2026-04-08,1.8315329147015902,2.1761887332002865,-0.3446558184986963
2026-04-09,1.7200222956265847,2.084955445685546,-0.36493315005896143
2026-04-10,1.7016020408455788,2.008284764717553,-0.30668272387197426
2026-04-13,1.726012359283871,1.9518302836308168,-0.2258179243469458
2026-04-14,1.5778892485528004,1.8770420766152136,-0.29915282806241317
2026-04-15,1.366477817084835,1.7749292247091382,-0.4084514076243031
2026-04-16,1.3168936150277801,1.6833221027728666,-0.3664284877450865
2026-04-17,1.0795624753531285,1.5625701772889191,-0.48300770193579057
2026-04-20,0.9435387907037196,1.4387638999718793,-0.49522510926815966
2026-04-22,0.8764713592467359,1.3263053918268506,-0.4498340325801147
2026-04-23,0.8641937834984219,1.233883070161165,-0.36968928666274303
2026-04-24,0.7968629901514674,1.1464790541592256,-0.34961606400775813
2026-04-27,0.7517820211172292,1.0675396475508263,-0.31575762643359706
2026-04-28,0.7190629482714002,0.9978443076949411,-0.278781359423541
2026-04-29,0.7985102507623196,0.9579774963084169,-0.15946724554609726
2026-04-30,0.8612281059815601,0.9386276182430456,-0.07739951226148556
2026-05-04,0.9212922021677841,0.9351605350279935,-0.013868332860209387
2026-05-05,0.9044046171038005,0.9290093514431549,-0.024604734339354395
2026-05-06,0.7715792485539197,0.8975233308653079,-0.1259440823113882
2026-05-07,0.5757578999914301,0.8331702446905325,-0.25741234469910235
2026-05-08,0.37269834883857555,0.7410758655201412,-0.3683775166815656
2026-05-11,0.2691878931052756,0.646698271037168,-0.37751037793189246
2026-05-12,0.12599095037285224,0.542556806904305,-0.4165658565314527
2026-05-13,-0.07538546858130246,0.4189683518071835,-0.49435382038848596
2026-05-14,-0.19799792823391016,0.2955750957989648,-0.49357302403287495
2026-05-15,-0.25511027778244255,0.18543802108268334,-0.4405482988651259
2026-05-18,-0.22036798437706295,0.10427681999073407,-0.324644804367797
2026-05-19,-0.21855715069049353,0.03971002585448856,-0.2582671765449821
2026-05-20,-0.33191268383417594,-0.03461451608324433,-0.2972981677509316
2026-05-21,-0.3890212903275625,-0.10549587093210797,-0.2835254193954545
2026-05-22,-0.4660263661804649,-0.17760196998177935,-0.28842439619868554
2026-05-25,-0.6064032618922184,-0.26336222836386713,-0.34304103352835125
2026-05-26,-0.7062836985679013,-0.351946522404674,-0.3543371761632273
2026-05-27,-0.8251497535295513,-0.44658716862964953,-0.3785625848999018
2026-05-28,-0.9336043578040147,-0.5439906064645226,-0.38961375133949216
2026-05-29,-1.0478225878446423,-0.6447570027405465,-0.40306558510409585
2026-06-01,-1.096650858242917,-0.7351357738410207,-0.3615150844018964
2026-06-02,-1.1399590375208462,-0.8161004265769858,-0.32385861094386037
2026-06-03,-1.1864260265560276,-0.8901655465727942,-0.29626047998323335
2026-06-05,-1.2380292113949167,-0.9597382795372187,-0.27829093185769804
2026-06-08,-1.2380256757399692,-1.0153957587777689,-0.22262991696220036
2026-06-09,-1.2279029549192586,-1.057897198006067,-0.17000575691319164
2026-06-10,-1.1676882539352889,-1.0798554091919113,-0.0878328447433776
2026-06-11,-1.098429576481351,-1.0835702426497993,-0.014859333831551691
2026-06-12,-1.0779171701971464,-1.0824396281592688,0.0045224579621223615
2026-06-15,-1.2186790493739323,-1.1096875124022016,-0.1089915369717307
2026-06-16,-1.356555974092231,-1.1590612047402076,-0.19749476935202348
2026-06-17,-1.4467267159758848,-1.216594306987343,-0.2301324089885417
2026-06-18,-1.478550212141414,-1.2689854880181572,-0.20956472412325677
2026-06-19,-1.4906221796541104,-1.313312826345348,-0.1773093533087624
2026-06-22,-1.4535774569970599,-1.3413657524756903,-0.11221170452136953
2026-06-23,-1.3952252958612235,-1.3521376611527969,-0.04308763470842658
2026-06-24,-1.4165707502891465,-1.3650242789800668,-0.05154647130907963
2026-06-25,-1.4043876077436224,-1.372896944732778,-0.031490663010844466
2026-06-26,-1.4099491045214236,-1.3803073766905072,-0.029641727830916453
2026-06-29,-1.391856840122017,-1.382617269376809,-0.009239570745207981
2026-06-30,-1.3889428798077006,-1.3838823914629874,-0.0050604883447131765
2026-07-01,-1.3684382911875588,-1.3807935714079018,0.012355280220343046
2026-07-02,-1.3264083338220658,-1.3699165238907347,0.043508190068668906
2026-07-03,-1.2528360500306235,-1.3465004291187126,0.09366437908808911
