Date,BB_Centro_20,BB_Superior_20_2,BB_Inferior_20_2
2020-01-02,,,
2020-01-03,,,
2020-01-06,,,
2020-01-07,,,
2020-01-08,,,
2020-01-09,,,
2020-01-10,,,
2020-01-13,,,
2020-01-14,,,
2020-01-15,,,
2020-01-16,,,
2020-01-17,,,
2020-01-20,,,
2020-01-21,,,
2020-01-22,,,
2020-01-23,,,
2020-01-24,,,
2020-01-27,,,
2020-01-28,,,
2020-01-29,8.311063098907471,8.719368917402528,7.902757280412415
2020-01-30,8.28654522895813,8.692484435578875,7.880606022337384
2020-01-31,8.258684277534485,8.683699667434258,7.833668887634712
2020-02-03,8.222047114372254,8.655250257580843,7.788843971163666
2020-02-04,8.193350243568421,8.610681586120826,7.776018901016017
2020-02-05,8.163956928253175,8.573806075858899,7.754107780647449
2020-02-06,8.146961688995361,8.530786491207438,7.763136886783284
2020-02-07,8.128295040130615,8.489063203582198,7.767526876679032
2020-02-10,8.11157841682434,8.438977567051795,7.784179266596884
2020-02-11,8.104334592819214,8.414719405600357,7.793949780038071
2020-02-12,8.112414264678955,8.444543172162653,7.780285357195258
2020-02-13,8.115200328826905,8.452189325824683,7.778211331829127
2020-02-14,8.109210205078124,8.435213470051277,7.783206940104971
2020-02-17,8.1002947807312,8.40678620256359,7.7938033588988125
2020-02-18,8.102105760574341,8.412781228801924,7.7914302923467575
2020-02-19,8.119658041000367,8.479926801063895,7.759389280936839
2020-02-20,8.12341923713684,8.491379771848552,7.75545870242513
2020-02-21,8.121190309524536,8.488674418344388,7.753706200704683
2020-02-26,8.095836806297303,8.598858658783746,7.59281495381086
2020-02-27,8.047080183029175,8.734627476848772,7.3595328892095795
2020-02-28,7.998184275627136,8.815357421652216,7.181011129602058
2020-03-02,7.964612007141113,8.824627760685027,7.104596253597199
2020-03-03,7.931178855895996,8.84758239238121,7.014775319410783
2020-03-04,7.9132085084915165,8.850081228968094,6.976335788014939
2020-03-05,7.86668074131012,8.879638122974562,6.853723359645677
2020-03-06,7.789227366447449,9.004928696936073,6.573526035958825
2020-03-09,7.606320142745972,9.511501838647847,5.701138446844096
2020-03-10,7.447930479049683,9.690995919975117,5.2048650381242485
2020-03-11,7.262933778762817,9.856896604724362,4.668970952801272
2020-03-12,7.027787351608277,10.072460936487847,3.983113766728706
2020-03-13,6.822591400146484,10.028339909296507,3.6168428909964603
2020-03-16,6.590927565097809,10.01533183992734,3.1665232902682785
2020-03-17,6.36218912601471,9.94257887111196,2.7817993809174593
2020-03-18,6.110465383529663,9.856806117406054,2.3641246496532724
2020-03-19,5.866124844551086,9.651549862189276,2.080699826912897
2020-03-20,5.6077144861221315,9.337982576831518,1.8774463954127452
2020-03-23,5.351115083694458,8.996246208207877,1.7059839591810388
2020-03-24,5.129759764671325,8.600777597224797,1.6587419321178545
2020-03-25,4.964126336574554,8.312613086699084,1.6156395864500244
2020-03-26,4.812144863605499,8.035830310323067,1.5884594168879311
2020-03-27,4.644421875476837,7.7213999323470635,1.5674438186066113
2020-03-30,4.461236011981964,7.27453418529149,1.6479378386724388
2020-03-31,4.29323445558548,6.786465001115076,1.8000039100558838
2020-04-01,4.11784975528717,6.106046877119015,2.129652633455325
2020-04-02,3.9816096305847166,5.42326554522249,2.539953715946943
2020-04-03,3.877270317077637,4.804073692187894,2.9504669419673792
2020-04-06,3.8733697891235352,4.7902433998951555,2.9564961783519146
2020-04-07,3.8572104930877686,4.707434816551138,3.0069861696244
2020-04-08,3.8776883125305175,4.801150555604261,2.9542260694567744
2020-04-09,3.936474871635437,4.90985413017471,2.9630956130961645
2020-04-13,3.9577884674072266,4.9811974190699795,2.9343795157444736
2020-04-14,4.008495390415192,5.066962506963062,2.950028273867321
2020-04-15,4.055580449104309,5.125363290751293,2.985797607457325
2020-04-16,4.11729245185852,5.105298391247952,3.1292865124690894
2020-04-17,4.171899890899658,5.113018174970329,3.230781606828987
2020-04-20,4.226925301551819,5.089470610361378,3.36437999274226
2020-04-22,4.300060224533081,5.036196558084417,3.5639238909817452
2020-04-23,4.351603007316589,5.051831801366381,3.651374213266797
2020-04-24,4.3743097424507145,5.054283795979946,3.6943356889214836
2020-04-27,4.403006494045258,5.066340425703557,3.739672562386958
2020-04-28,4.458031857013703,5.057226424118367,3.8588372899090384
2020-04-29,4.525176775455475,5.079082423465236,3.971271127445714
2020-04-30,4.581734478473663,5.09543157347519,4.068037383472137
2020-05-04,4.624640321731567,5.066489990245174,4.18279065321796
2020-05-05,4.658491396903992,5.106166837113798,4.210815956694186
2020-05-06,4.6855164766311646,5.099412500643028,4.271620452619301
2020-05-07,4.708780431747437,5.105558159896371,4.312002703598503
2020-05-08,4.737755823135376,5.174264439771321,4.301247206499431
2020-05-11,4.749318075180054,5.207335287444944,4.291300862915164
2020-05-12,4.767706370353698,5.244212643455913,4.291200097251484
2020-05-13,4.7769005537033085,5.256362807470546,4.297438299936071
2020-05-14,4.78623399734497,5.263470283549561,4.30899771114038
2020-05-15,4.796960401535034,5.262633319338301,4.331287483731767
2020-05-18,4.8362443208694454,5.286009530488238,4.386479111250653
2020-05-19,4.871767067909241,5.319931217862124,4.423602917956358
2020-05-20,4.918434119224548,5.373297214191946,4.46357102425715
2020-05-21,4.952424502372741,5.42915911821401,4.475689886531472
2020-05-22,4.976384949684143,5.452618163475882,4.500151735892405
2020-05-25,5.025559496879578,5.472453696255517,4.578665297503639
2020-05-26,5.070415616035461,5.510367614688972,4.630463617381951
2020-05-27,5.107749247550965,5.578851425838905,4.636647069263025
2020-05-28,5.129620051383972,5.632987960763541,4.626252142004403
2020-05-29,5.161520838737488,5.716259963449395,4.606781714025581
2020-06-01,5.202615761756897,5.779110127923535,4.62612139559026
2020-06-02,5.2508152484893795,5.910552482376301,4.591078014602458
2020-06-03,5.309183931350708,6.0115247594794265,4.606843103221989
2020-06-04,5.364766478538513,6.092570602327436,4.63696235474959
2020-06-05,5.415194773674012,6.216061529977062,4.614328017370961
2020-06-08,5.476210308074951,6.345147531680953,4.607273084468949
2020-06-09,5.526081490516662,6.407386588619979,4.644776392413346
2020-06-10,5.579156613349914,6.429193161339423,4.729120065360405
2020-06-12,5.623734164237976,6.402832033865222,4.84463629461073
2020-06-15,5.673187351226806,6.34438239587867,5.001992306574943
2020-06-16,5.712610650062561,6.350001704054389,5.075219596070733
2020-06-17,5.751058745384216,6.351051704702745,5.151065786065687
2020-06-18,5.783098888397217,6.367253082272029,5.198944694522405
2020-06-19,5.814860320091247,6.367281461688911,5.262439178493583
2020-06-22,5.846621799468994,6.317639532969677,5.375604065968311
2020-06-23,5.876850962638855,6.310697008846675,5.443004916431035
2020-06-24,5.895378541946411,6.28755924573325,5.503197838159573
2020-06-25,5.916831469535827,6.275599787940607,5.558063151131048
2020-06-26,5.931737112998962,6.2402590990774485,5.623215126920476
2020-06-29,5.950125336647034,6.23513277105843,5.665117902235638
2020-06-30,5.967120552062989,6.218925297128963,5.7153158069970145
2020-07-01,5.971438980102539,6.225840727876406,5.717037232328671
2020-07-02,5.979658102989196,6.245812133593565,5.713504072384828
2020-07-03,5.987319850921631,6.261089630056602,5.713550071786661
2020-07-06,5.993031358718872,6.285834604844357,5.700228112593386
2020-07-07,5.988852214813233,6.266583551424247,5.711120878202218
2020-07-08,6.001807451248169,6.313874242703035,5.689740659793303
2020-07-09,6.0121159791946415,6.332198186250601,5.692033772138682
2020-07-10,6.038723158836365,6.351730650829978,5.725715666842751
2020-07-13,6.059061717987061,6.349862224004107,5.768261211970015
2020-07-14,6.080375289916992,6.399795633834675,5.760954945999309
2020-07-15,6.1068432331085205,6.473214078761968,5.740472387455073
2020-07-16,6.1224453210830685,6.499306760880347,5.74558388128579
2020-07-17,6.1401371717453,6.522371068815808,5.757903274674792
2020-07-20,6.165072798728943,6.528617032032211,5.8015285654256745
2020-07-21,6.189033269882202,6.577905555749575,5.80016098401483
2020-07-22,6.217590713500977,6.585183714402843,5.8499977125991105
2020-07-23,6.2329206466674805,6.5843164481398935,5.8815248451950675
2020-07-24,6.25925567150116,6.549658196233841,5.968853146768479
2020-07-27,6.280715155601501,6.564601551826065,5.996828759376937
2020-07-28,6.298134517669678,6.551670437969836,6.04459859736952
2020-07-29,6.318479537963867,6.552241343223541,6.084717732704194
2020-07-30,6.329073047637939,6.548725530328428,6.10942056494745
2020-07-31,6.332144021987915,6.541175407455714,6.1231126365201165
2020-08-03,6.322259449958802,6.5600793197498675,6.084439580167736
2020-08-04,6.315996813774109,6.5738473602396015,6.058146267308616
2020-08-05,6.323386478424072,6.58893084514212,6.057842111706024
2020-08-06,6.338437819480896,6.601106858193424,6.075768780768369
2020-08-07,6.342344737052917,6.6031395160211686,6.081549958084666
2020-08-10,6.360321593284607,6.6218190204616265,6.098824166107588
2020-08-11,6.362835574150085,6.626096785424873,6.099574362875297
2020-08-12,6.364792346954346,6.6329681688452915,6.0966165250634
2020-08-13,6.366470432281494,6.6341493758905274,6.09879148867246
2020-08-14,6.365501499176025,6.633790793958918,6.0972122043931325
2020-08-17,6.363557457923889,6.633318978419176,6.093795937428602
2020-08-18,6.358688163757324,6.620638300129217,6.096738027385431
2020-08-19,6.356465673446655,6.61690575212944,6.09602559476387
2020-08-20,6.358694624900818,6.61743746418213,6.099951785619506
2020-08-21,6.35632631778717,6.616922805508466,6.095729830065874
2020-08-24,6.353122210502624,6.609695843486444,6.096548577518805
2020-08-25,6.354097437858582,6.610808134539507,6.097386741177656
2020-08-26,6.340863108634949,6.602797378035415,6.078928839234482
2020-08-27,6.331529426574707,6.603985132778857,6.059073720370557
2020-08-28,6.336265921592712,6.601204780410642,6.071327062774783
2020-08-31,6.337519645690918,6.597418512860975,6.077620778520861
2020-09-01,6.35270414352417,6.579772714065519,6.12563557298282
2020-09-02,6.347410368919372,6.568983611606507,6.125837126232238
2020-09-03,6.342673993110656,6.557201530060912,6.128146456160401
2020-09-04,6.344484949111939,6.559869860591822,6.129100037632056
2020-09-08,6.327907395362854,6.532811457647398,6.1230033330783105
2020-09-09,6.323031687736512,6.522224340473336,6.123839034999687
2020-09-10,6.304085922241211,6.487052428818255,6.121119415664167
2020-09-11,6.2907123327255245,6.493408700389664,6.088015965061385
2020-09-14,6.276920938491822,6.507878522319689,6.045963354663955
2020-09-15,6.263965392112732,6.518152247347882,6.009778536877582
2020-09-16,6.245994710922242,6.506347839785406,5.985641582059077
2020-09-17,6.23568594455719,6.49038046154462,5.9809914275697595
2020-09-18,6.220640635490417,6.486457140049583,5.954824130931251
2020-09-21,6.197515630722046,6.515002521569993,5.880028739874099
2020-09-22,6.167285943031311,6.51716083409282,5.817411051969803
2020-09-23,6.130508708953857,6.539457552933177,5.721559864974537
2020-09-24,6.105154752731323,6.558791663256534,5.651517842206112
2020-09-25,6.077014684677124,6.580458003300243,5.573571366054005
2020-09-28,6.036476063728332,6.59829040291914,5.474661724537524
2020-09-29,6.0005347490310665,6.633060484883456,5.3680090131786775
2020-09-30,5.9551204442977905,6.6055441719978525,5.304696716597729
2020-10-01,5.914024806022644,6.562611604892022,5.265438007153265
2020-10-02,5.860252094268799,6.5261154506119015,5.1943887379256966
2020-10-05,5.819992256164551,6.448359782062598,5.191624730266504
2020-10-06,5.787533521652222,6.399678465308385,5.175388577996058
2020-10-07,5.746577024459839,6.312980416444721,5.180173632474957
2020-10-08,5.72317328453064,6.2547440918672015,5.1916024771940785
2020-10-09,5.694197320938111,6.202861418624029,5.185533223252192
2020-10-13,5.67260468006134,6.155400484092616,5.189808876030065
2020-10-14,5.648922300338745,6.101879999825816,5.195964600851673
2020-10-15,5.621339416503906,6.035916672164948,5.206762160842864
2020-10-16,5.5820547580719,5.918791681879561,5.245317834264238
2020-10-19,5.552382302284241,5.819579596372021,5.285185008196461
2020-10-20,5.542352104187012,5.78021811180382,5.304486096570204
2020-10-21,5.533436298370361,5.743092890139207,5.323779706601516
2020-10-22,5.541934156417847,5.780890231293337,5.302978081542357
2020-10-23,5.54430239200592,5.790019509780665,5.298585274231176
2020-10-26,5.5459740400314335,5.7939750526356955,5.2979730274271715
2020-10-27,5.5494568109512326,5.794861835971611,5.304051785930854
2020-10-28,5.540541195869446,5.82214540444159,5.258936987297302
2020-10-29,5.53608341217041,5.825526655996791,5.24664016834403
2020-10-30,5.523406457901001,5.835221527867962,5.21159138793404
2020-11-03,5.532182765007019,5.826843405768275,5.237522124245763
2020-11-04,5.5278641939163204,5.822064548118993,5.233663839713648
2020-11-05,5.527306938171387,5.821350599104582,5.233263277238192
2020-11-06,5.5267497301101685,5.820943407345973,5.232556052874364
2020-11-09,5.543048763275147,5.90482376924645,5.181273757303844
2020-11-10,5.588741683959961,6.125140542292031,5.052342825627892
2020-11-11,5.627051258087159,6.268545977832843,4.985556538341474
2020-11-12,5.65407702922821,6.329047054896474,4.979107003559946
2020-11-13,5.6941976070404055,6.424400706591028,4.963994507489783
2020-11-16,5.749363374710083,6.5451725243321945,4.953554225087972
2020-11-17,5.807454586029053,6.674196689723496,4.940712482334609
2020-11-18,5.854401230812073,6.7787510485776385,4.930051413046507
2020-11-19,5.9053877830505375,6.885393306084099,4.925382260016976
2020-11-23,5.964732837677002,7.056822273901,4.872643401453004
2020-11-24,6.043441700935364,7.28175528251079,4.805128119359937
2020-11-25,6.127026224136353,7.4722909890843825,4.781761459188323
2020-11-26,6.209774851799011,7.6053674838763765,4.814182219721646
2020-11-27,6.304921889305115,7.670295190095826,4.939548588514405
2020-11-30,6.383073472976685,7.702361650852976,5.063785295100394
2020-12-01,6.47585232257843,7.726836948203523,5.224867696953337
2020-12-02,6.563058853149414,7.762311911817243,5.363805794481586
2020-12-03,6.659459662437439,7.80577343513041,5.513145889744468
2020-12-04,6.765890669822693,7.869700081010325,5.6620812586350615
2020-12-07,6.866888642311096,7.846707198865692,5.8870700857565
2020-12-08,6.937238955497742,7.861781343225049,6.012696567770435
2020-12-09,6.991011762619019,7.916543164335318,6.06548036090272
2020-12-10,7.059829664230347,7.997019646622835,6.122639681837859
2020-12-11,7.138677668571472,7.9996862692172765,6.277669067925668
2020-12-14,7.208192133903504,8.008148514780203,6.408235753026804
2020-12-15,7.27171642780304,8.031981696675556,6.511451158930523
2020-12-16,7.334404850006104,8.067887588574598,6.60092211143761
2020-12-17,7.399740147590637,8.073672315696504,6.725807979484769
2020-12-18,7.459363961219788,8.055536078724653,6.863191843714923
2020-12-21,7.4861109256744385,8.040786571433115,6.931435279915763
2020-12-22,7.500877451896668,8.050990309213471,6.950764594579865
2020-12-23,7.524559879302979,8.081473920164314,6.967645838441644
2020-12-28,7.557436609268189,8.109761025412917,7.005112193123462
2020-12-29,7.596024799346924,8.122393133512027,7.0696564651818194
2020-12-30,7.643946528434753,8.085582001231494,7.202311055638013
2021-01-04,7.690057253837585,8.098177124636203,7.281937383038967
2021-01-05,7.747591280937195,8.198267781775433,7.296914780098956
2021-01-06,7.795791792869568,8.302684170410604,7.288899415328532
2021-01-07,7.844131565093994,8.470856634151774,7.217406496036214
2021-01-08,7.90152633190155,8.609281572304251,7.193771091498849
2021-01-11,7.960035490989685,8.695843676111568,7.224227305867801
2021-01-12,8.011439895629882,8.757240396014199,7.265639395245566
2021-01-13,8.029967904090881,8.766892308934885,7.293043499246878
2021-01-14,8.056157851219178,8.778002251828479,7.3343134506098755
2021-01-15,8.063123202323913,8.772895890698098,7.353350513949729
2021-01-18,8.066187953948974,8.770950980470744,7.361424927427206
2021-01-19,8.073153281211853,8.771820353944483,7.374486208479224
2021-01-20,8.072735261917114,8.771928729327822,7.373541794506405
2021-01-21,8.065073347091674,8.77871778001589,7.351428914167459
2021-01-22,8.066048502922058,8.776650770164961,7.355446235679154
2021-01-26,8.062147903442384,8.78427027369054,7.340025533194228
2021-01-27,8.054485893249511,8.791975749713862,7.316996036785161
2021-01-28,8.048634886741638,8.794716341443568,7.302553432039709
2021-01-29,8.026624298095703,8.818653077483917,7.234595518707488
2021-02-01,8.015340399742126,8.82151182501812,7.20916897446613
2021-02-02,8.011857676506043,8.817913815247884,7.205801537764202
2021-02-03,7.99653389453888,8.78542441379144,7.20764337528632
2021-02-04,7.978702473640442,8.7463322070312,7.2110727402496835
2021-02-05,7.948611950874328,8.652077733228825,7.245146168519832
2021-02-08,7.906680393218994,8.523623336787443,7.289737449650545
2021-02-09,7.860430264472962,8.391907719366374,7.32895280957955
2021-02-10,7.821006274223327,8.249018919861477,7.392993628585177
2021-02-11,7.806100225448608,8.210122410052826,7.40207804084439
2021-02-12,7.792030096054077,8.155047702087657,7.429012490020496
2021-02-17,7.8125083446502686,8.228058020009632,7.396958669290905
2021-02-18,7.829225206375122,8.272164212026055,7.386286200724189
2021-02-19,7.810279536247253,8.256044455501788,7.364514616992719
2021-02-22,7.719172501564026,8.627360153620286,6.810984849507766
2021-02-23,7.670554113388062,8.686251837741068,6.654856389035055
2021-02-24,7.633080363273621,8.720627208053429,6.545533518493813
2021-02-25,7.580004167556763,8.78727407800238,6.372734257111146
2021-02-26,7.5081214427948,8.863906035078848,6.152336850510752
2021-03-01,7.427880263328552,8.911245656088283,5.9445148705688196
2021-03-02,7.362405705451965,8.955741113840253,5.769070297063678
2021-03-03,7.274084758758545,8.986914377958643,5.5612551395584475
2021-03-04,7.184370684623718,8.928074998770574,5.440666370476861
2021-03-05,7.093124198913574,8.834202269183201,5.352046128643947
2021-03-08,6.985578775405884,8.748655230683136,5.2225023201286325
2021-03-09,6.884580826759338,8.625764876525299,5.143396776993376
2021-03-10,6.804200315475464,8.509308097133452,5.099092533817475
2021-03-11,6.744994640350342,8.40470127646841,5.0852880042322735
2021-03-12,6.680495238304138,8.275490930339739,5.085499546268537
2021-03-15,6.6187820672988895,8.120340586152231,5.117223548445548
2021-03-16,6.546899390220642,7.917327922928296,5.176470857512989
2021-03-17,6.4701409339904785,7.589201043043596,5.351080824937361
2021-03-18,6.386138486862182,7.176651763144961,5.595625210579404
2021-03-19,6.339748954772949,6.902946312834667,5.776551596711231
2021-03-22,6.365520882606506,6.917562894036797,5.8134788711762155
2021-03-23,6.347968006134034,6.876592093994862,5.819343918273205
2021-03-24,6.325957465171814,6.810464824503438,5.84145010584019
2021-03-25,6.326096820831299,6.810769401309712,5.841424240352885
2021-03-26,6.34309229850769,6.832431839881477,5.853752757133903
2021-03-29,6.368585634231567,6.864165091162618,5.873006177300517
2021-03-30,6.394218254089355,6.890161674009274,5.898274834169436
2021-03-31,6.434756755828857,6.8930484264637055,5.976465085194009
2021-04-01,6.458021187782288,6.911388148320199,6.004654227244377
2021-04-05,6.481007075309753,6.93406178009967,6.027952370519836
2021-04-06,6.521684837341309,6.884094119464159,6.159275555218459
2021-04-07,6.555257964134216,6.835164306230112,6.27535162203832
2021-04-08,6.574203777313232,6.807130675479465,6.341276879146999
2021-04-09,6.579218864440918,6.808710592963314,6.349727135918522
2021-04-12,6.5892489671707155,6.813450029193082,6.365047905148349
2021-04-13,6.593706774711609,6.821425650351634,6.365987899071583
2021-04-14,6.608612656593323,6.845533252644011,6.371692060542634
2021-04-15,6.60564694404602,6.8387275149708895,6.372566373121151
2021-04-16,6.612367153167725,6.837193567519882,6.387540738815567
2021-04-19,6.627651405334473,6.9083846161274,6.346918194541546
2021-04-20,6.642998504638672,6.9396630260952,6.346333983182143
2021-04-22,6.6667920589447025,6.940797623803598,6.392786494085807
2021-04-23,6.690018796920777,6.9305174197973844,6.449520174044169
2021-04-26,6.7092478513717655,6.93463747631551,6.483858226428021
2021-04-27,6.7150633335113525,6.927282340458061,6.502844326564644
2021-04-28,6.727819967269897,6.951264287900883,6.504375646638912
2021-04-29,6.735968732833863,6.957716500330102,6.514220965337623
2021-04-30,6.740356183052063,6.963791884348688,6.516920481755437
2021-05-03,6.744933152198792,6.964825312737465,6.525040991660119
2021-05-04,6.739644646644592,6.969174941952808,6.510114351336377
2021-05-05,6.74817054271698,6.982910357464462,6.513430727969498
2021-05-06,6.752223157882691,6.985291879737947,6.519154436027435
2021-05-07,6.773126602172852,7.024206934089354,6.522046270256349
2021-05-10,6.799334526062012,7.0775580139965415,6.521111038127482
2021-05-11,6.828678870201111,7.161702748829818,6.495654991572405
2021-05-12,6.851580882072449,7.203551697698653,6.4996100664462455
2021-05-13,6.8722131729125975,7.254633760440164,6.489792585385031
2021-05-14,6.918435859680176,7.398614873708882,6.438256845651469
2021-05-17,6.971858429908752,7.537430378949768,6.406286480867736
2021-05-18,7.001665735244751,7.631044820718182,6.372286649771321
2021-05-19,7.03521695137024,7.70315340153827,6.36728050120221
2021-05-20,7.067184042930603,7.754343472346381,6.380024613514825
2021-05-21,7.0997272491455075,7.7996321910891115,6.399822307201903
2021-05-24,7.137310242652893,7.860732822015235,6.41388766329055
2021-05-25,7.176765060424804,7.874501457617425,6.479028663232183
2021-05-26,7.207724213600159,7.907676489182448,6.50777193801787
2021-05-27,7.240699219703674,7.9221405312009745,6.559257908206374
2021-05-28,7.289225935935974,7.977433980499765,6.601017891372183
2021-05-31,7.338760662078857,8.005107314640455,6.67241400951726
2021-06-01,7.402118992805481,8.007763784536579,6.796474201074385
2021-06-02,7.460293436050415,8.071330338701355,6.849256533399475
2021-06-04,7.532291436195374,8.139098454494968,6.925484417895779
2021-06-07,7.588593864440918,8.20464025899323,6.972547469888607
2021-06-08,7.645616221427917,8.287066322129723,7.0041661207261114
2021-06-09,7.696158790588379,8.36283831980465,7.029479261372108
2021-06-10,7.752317214012146,8.409635533793477,7.094998894230817
2021-06-11,7.803867816925049,8.439134155728027,7.168601478122071
2021-06-14,7.839146947860717,8.498615817015969,7.179678078705467
2021-06-15,7.87327401638031,8.567337161529865,7.179210871230755
2021-06-16,7.91344895362854,8.630759493825762,7.19613841343132
2021-06-17,7.941960048675537,8.640344362357185,7.2435757349938905
2021-06-18,7.976375102996826,8.643479529113964,7.309270676879687
2021-06-21,8.01957380771637,8.66093655658756,7.37821105884518
2021-06-22,8.05859670639038,8.687348317966848,7.429845094813913
2021-06-23,8.108419489860534,8.68729340338097,7.529545576340098
2021-06-24,8.159682154655457,8.69689610606177,7.622468203249143
2021-06-25,8.20561695098877,8.638599790275732,7.772634111701808
2021-06-28,8.235280108451843,8.622292052865497,7.848268164038188
2021-06-29,8.268543148040772,8.583341086666396,7.953745209415148
2021-06-30,8.299358320236205,8.561786566090698,8.036930074381713
2021-07-01,8.31649374961853,8.546629949994397,8.086357549242663
2021-07-02,8.3262855052948,8.553592406405768,8.098978604183833
2021-07-05,8.334349346160888,8.545811079634523,8.122887612687252
2021-07-06,8.320093750953674,8.585869913083274,8.054317588824075
2021-07-07,8.311310076713562,8.597157509700274,8.02546264372685
2021-07-08,8.29417462348938,8.629820755510169,7.95852849146859
2021-07-12,8.282078909873963,8.644169550660518,7.919988269087409
2021-07-13,8.269839119911193,8.648431292785737,7.891246947036649
2021-07-14,8.250255584716797,8.6490992024345,7.851411966999093
2021-07-15,8.220592260360718,8.661090403290636,7.7800941174308
2021-07-16,8.19971284866333,8.699616573925281,7.699809123401378
2021-07-19,8.169761729240417,8.746572054846078,7.592951403634755
2021-07-20,8.135778760910034,8.749889618028622,7.521667903791446
2021-07-21,8.1049635887146,8.729123331399371,7.480803846029829
2021-07-22,8.07040445804596,8.693421500822785,7.4473874152691355
2021-07-23,8.028501510620117,8.631226864604455,7.425776156635778
2021-07-26,8.005030131340027,8.586203416499131,7.423856846180921
2021-07-27,7.977670836448669,8.538420107013863,7.4169215658834755
2021-07-28,7.9565034866333,8.480297178166472,7.432709795100129
2021-07-29,7.933175945281983,8.39784686649979,7.468505024064175
2021-07-30,7.902216935157776,8.325253599446688,7.479180270868865
2021-08-02,7.862330079078674,8.233576563479312,7.491083594678036
2021-08-03,7.833530926704407,8.143293101211066,7.523768752197748
2021-08-04,7.8135154962539675,8.137879331634018,7.489151660873917
2021-08-05,7.817835354804993,8.15891120973238,7.4767594998776055
2021-08-06,7.830794906616211,8.205735573572282,7.455854239660138
2021-08-09,7.837418627738953,8.228249593664538,7.446587661813368
2021-08-10,7.842890572547913,8.248165474628998,7.437615670466828
2021-08-11,7.857290172576905,8.30011795527089,7.414462389882919
2021-08-12,7.886377382278442,8.385838583170596,7.386916181386289
2021-08-13,7.924824285507202,8.474435472011052,7.375213099003351
2021-08-16,7.959383320808411,8.498408922926727,7.420357718690094
2021-08-17,7.988901233673095,8.523004478034313,7.454797989311877
2021-08-18,8.009429550170898,8.53871855407053,7.480140546271268
2021-08-19,8.028533148765565,8.545372893140263,7.511693404390868
2021-08-20,8.049330520629884,8.543645462071044,7.555015579188723
2021-08-23,8.066024136543273,8.563231754922338,7.5688165181642075
2021-08-24,8.095869755744934,8.602217507912457,7.589522003577411
2021-08-25,8.119940042495728,8.648433583559145,7.59144650143231
2021-08-26,8.13890881538391,8.677776986934255,7.600040643833566
2021-08-27,8.186094260215759,8.74637232028465,7.6258162001468675
2021-08-30,8.237580704689027,8.761425830811305,7.713735578566749
2021-08-31,8.265795731544495,8.732823557508102,7.798767905580889
2021-09-01,8.299930000305176,8.632905603600475,7.966954397009877
2021-09-02,8.297543954849242,8.635253638324604,7.9598342713738806
2021-09-03,8.290462589263916,8.644442451898797,7.936482726629035
2021-09-06,8.288244438171386,8.647281367775468,7.929207508567305
2021-09-08,8.26199700832367,8.726552348527688,7.797441668119651
2021-09-09,8.238220167160033,8.750169715104501,7.7262706192155655
2021-09-10,8.20581033229828,8.760132387775817,7.65148827682074
2021-09-13,8.183379578590394,8.73193571470953,7.634823442471257
2021-09-14,8.165832376480102,8.727956231776819,7.603708521183386
2021-09-15,8.1551522731781,8.718811806090756,7.591492740265444
2021-09-16,8.144624733924866,8.71456642391714,7.574683043932593
2021-09-17,8.118534922599792,8.737168130862148,7.499901714337437
2021-09-20,8.088783144950867,8.762534408143688,7.415031881758045
2021-09-21,8.061167597770691,8.752989799167803,7.369345396373578
2021-09-22,8.034772539138794,8.709684530160725,7.359860548116862
2021-09-23,8.021193599700927,8.670379189504846,7.372008009897008
2021-09-24,8.012191772460938,8.644715171739387,7.379668373182488
2021-09-27,7.991594457626343,8.55358942092985,7.429599494322837
2021-09-28,7.971149682998657,8.459412665758174,7.482886700239141
2021-09-29,7.974201202392578,8.471711266442668,7.476691138342489
2021-09-30,7.977100086212158,8.482024419402961,7.472175753021355
2021-10-01,7.998460149765014,8.561121262972698,7.435799036557331
2021-10-04,8.035992908477784,8.699819094648943,7.372166722306624
2021-10-05,8.081154346466064,8.867497322878208,7.29481137005392
2021-10-06,8.137148451805114,8.944282157611502,7.330014745998727
2021-10-07,8.184445810317992,9.014298370273073,7.354593250362913
2021-10-08,8.242118096351623,9.099549839064151,7.384686353639095
2021-10-11,8.289263033866883,9.193943569315488,7.384582498418277
2021-10-13,8.34647765159607,9.290620708892687,7.402334594299452
2021-10-14,8.397589349746704,9.380495973967813,7.414682725525596
2021-10-15,8.450989747047425,9.45068038053555,7.451299113559299
2021-10-18,8.5199524641037,9.463279850079745,7.576625078127654
2021-10-19,8.57121684551239,9.389273393388033,7.7531602976367475
2021-10-20,8.621413111686707,9.32812245174188,7.914703771631533
2021-10-21,8.645824718475343,9.27538253658494,8.016266900365745
2021-10-22,8.651012182235718,9.266306913203172,8.035717451268264
2021-10-25,8.683662748336792,9.26861990388256,8.098705592791024
2021-10-26,8.708379554748536,9.262788706778059,8.153970402719013
2021-10-27,8.73477463722229,9.240780736210702,8.22876853823388
2021-10-28,8.758728504180908,9.234046936999555,8.283410071362262
2021-10-29,8.75750789642334,9.237787474940031,8.277228317906648
2021-11-01,8.75750789642334,9.237787474940031,8.277228317906648
2021-11-03,8.727908849716187,9.270009713880482,8.185807985551891
2021-11-04,8.67572910785675,9.309826015977306,8.041632199736194
2021-11-05,8.633161401748657,9.357200767244887,7.909122036252426
2021-11-08,8.59532344341278,9.375594757048258,7.815052129777303
2021-11-09,8.557485508918763,9.351713122729647,7.763257895107879
2021-11-10,8.513391947746277,9.31449098452456,7.712292910967992
2021-11-11,8.46487386226654,9.248667024687888,7.681080699845191
2021-11-12,8.423831915855407,9.161762341824051,7.685901489886763
2021-11-16,8.388282513618469,9.069084700484318,7.707480326752621
2021-11-17,8.344494223594666,8.974008840044505,7.7149796071448264
2021-11-18,8.32206609249115,8.953146657980104,7.690985527002197
2021-11-19,8.285448741912841,8.90997231647827,7.660925167347413
2021-11-22,8.268818235397339,8.900832456466388,7.63680401432829
2021-11-23,8.278277730941772,8.917491137502827,7.639064324380718
2021-11-24,8.26805534362793,8.873658857094359,7.662451830161502
2021-11-25,8.281176471710205,8.941971489749372,7.620381453671039
2021-11-26,8.277819776535035,8.929102335712889,7.62653721735718
2021-11-29,8.285600900650024,8.967988621031848,7.6032131802682
2021-11-30,8.320387506484986,9.070183060149208,7.570591952820762
2021-12-01,8.344799137115478,9.154643604049406,7.534954670181549
2021-12-02,8.42121500968933,9.433839222575465,7.408590796803196
2021-12-03,8.517455458641052,9.688496406384639,7.346414510897466
2021-12-06,8.618212509155274,9.902507380130388,7.333917638180161
2021-12-07,8.722905659675598,10.121163419912715,7.324647899438482
2021-12-08,8.819493556022644,10.308938618775096,7.330048493270193
2021-12-09,8.918257260322571,10.458148131927919,7.3783663887172235
2021-12-10,9.022885966300965,10.604216322681651,7.441555609920279
2021-12-13,9.116190552711487,10.722018684132912,7.510362421290061
2021-12-14,9.199224400520325,10.803731397073474,7.594717403967178
2021-12-15,9.295870852470397,10.856581536117794,7.7351601688230005
2021-12-16,9.399811911582947,10.900514407745726,7.8991094154201695
2021-12-17,9.498468542099,10.854245780497486,8.142691303700513
2021-12-20,9.578932666778565,10.749528828982761,8.408336504574368
2021-12-21,9.638111972808838,10.688980857865547,8.58724308775213
2021-12-22,9.68790898323059,10.631978019256485,8.743839947204696
2021-12-23,9.721548175811767,10.614744960627135,8.8283513909964
2021-12-27,9.779931735992431,10.529657458968275,9.030206013016587
2021-12-28,9.823572301864624,10.475578766877785,9.171565836851464
2021-12-29,9.863709640502929,10.382369110069657,9.3450501709362
2021-12-30,9.899710655212402,10.247036706761605,9.5523846036632
2022-01-03,9.912222480773925,10.25042080535926,9.57402415618859
2022-01-04,9.91976375579834,10.259647614847967,9.57987989674871
2022-01-05,9.905709505081177,10.270799011040806,9.540619999121548
2022-01-06,9.883256864547729,10.262261074788457,9.504252654307
2022-01-07,9.86320390701294,10.24508004808079,9.481327765945089
2022-01-10,9.8412654876709,10.230654459364535,9.451876515977263
2022-01-11,9.827382659912109,10.187038366613136,9.467726953211082
2022-01-12,9.831667566299439,10.20680565525973,9.456529477339148
2022-01-13,9.852234888076783,10.300122940832248,9.404346835321318
2022-01-14,9.889084482192994,10.496244962223,9.281924002162986
2022-01-17,9.920106792449952,10.641872628811791,9.198340956088112
2022-01-18,9.965526247024536,10.797752489852009,9.133300004197064
2022-01-19,10.022600507736206,10.918671581260403,9.126529434212008
2022-01-20,10.082931089401246,11.038582205935421,9.12727997286707
2022-01-21,10.144804430007934,11.142538068557162,9.147070791458706
2022-01-24,10.206849098205566,11.244573937837817,9.169124258573316
2022-01-25,10.279520320892335,11.412715146273783,9.146325495510887
2022-01-26,10.366759824752808,11.627228068497981,9.106291581007635
2022-01-27,10.458284091949462,11.80331952993993,9.113248653958994
2022-01-28,10.52838430404663,11.864608686915629,9.192159921177632
2022-01-31,10.584258699417115,11.915918635499569,9.25259876333466
2022-02-01,10.649388313293457,11.990053199114406,9.308723427472508
2022-02-02,10.725658464431763,11.991724092607901,9.459592836255625
2022-02-03,10.79455885887146,11.951450278157711,9.637667439585208
2022-02-04,10.870829010009766,11.907610592282618,9.834047427736914
2022-02-07,10.941786050796509,11.789862697283302,10.093709404309715
2022-02-08,10.993032789230346,11.681296178625185,10.304769399835507
2022-02-09,11.031253576278687,11.606887148992973,10.4556200035644
2022-02-10,11.067589044570923,11.559300971311124,10.575877117830721
2022-02-11,11.107181072235107,11.628260593996577,10.586101550473638
2022-02-14,11.132890129089356,11.640259081598668,10.625521176580044
2022-02-15,11.147287273406983,11.636367583744418,10.658206963069548
2022-02-16,11.171968078613281,11.63520114905966,10.708735008166903
2022-02-17,11.190478754043578,11.632552369502777,10.74840513858438
2022-02-18,11.21156005859375,11.633111183017352,10.79000893417015
2022-02-21,11.24412498474121,11.681598298032094,10.806651671450327
2022-02-22,11.256979513168336,11.71695580798428,10.79700321835239
2022-02-23,11.262978124618531,11.744954069184317,10.781002180052745
2022-02-24,11.254579782485962,11.716253804398939,10.792905760572985
2022-02-25,11.279603290557862,11.77164897433938,10.787557606776344
2022-03-02,11.319366645812988,11.871487462206222,10.767245829419753
2022-03-03,11.340619564056396,11.923417205986851,10.757821922125942
2022-03-04,11.369927978515625,11.97050916878019,10.76934678825106
2022-03-07,11.36530032157898,11.979378341644962,10.751222301512998
2022-03-08,11.362386655807494,11.980602501298364,10.744170810316625
2022-03-09,11.36941385269165,11.974324795116873,10.764502910266428
2022-03-10,11.40146450996399,11.970984799619531,10.831944220308449
2022-03-11,11.41071982383728,11.954944588453388,10.86649505922117
2022-03-14,11.4009503364563,11.973427750092563,10.828472922820035
2022-03-15,11.355359554290771,12.009686874586423,10.70103223399512
2022-03-16,11.318167018890382,12.061395550371868,10.574938487408895
2022-03-17,11.275832653045654,12.14847798713711,10.403187318954199
2022-03-18,11.236069202423096,12.17624199981447,10.295896405031721
2022-03-21,11.218244075775146,12.17125879725529,10.265229354295004
2022-03-22,11.194591856002807,12.161193205765354,10.22799050624026
2022-03-23,11.163740873336792,12.114667657298202,10.212814089375382
2022-03-24,11.141116619110107,12.07312326070169,10.209109977518525
2022-03-25,11.108209228515625,11.99816748482347,10.218250972207779
2022-03-28,11.0775297164917,11.960783242275003,10.194276190708397
2022-03-29,11.04839277267456,11.888878301564791,10.20790724378433
2022-03-30,11.019598722457886,11.774594926565467,10.264602518350305
2022-03-31,11.006058645248412,11.715199326449941,10.296917964046884
2022-04-01,10.985148668289185,11.625262562913727,10.345034773664642
2022-04-04,11.000574159622193,11.646952768392246,10.35419555085214
2022-04-05,10.999374389648438,11.644854249709635,10.35389452958724
2022-04-06,10.995946407318115,11.638530034294165,10.353362780342065
2022-04-07,11.001773738861084,11.667292052504665,10.336255425217503
2022-04-08,11.031253576278687,11.770207677671673,10.2922994748857
2022-04-11,11.066903638839722,11.851583612723841,10.282223664955604
2022-04-12,11.114037036895752,11.909159507027464,10.31891456676404
2022-04-13,11.178138399124146,11.99438919842133,10.361887599826963
2022-04-14,11.250111150741578,11.985367253264812,10.514855048218344
2022-04-18,11.301487350463868,11.952709368763346,10.65026533216439
2022-04-19,11.350591230392457,12.018099313403109,10.683083147381804
2022-04-20,11.404907083511352,12.073907466310427,10.735906700712277
2022-04-22,11.428602600097657,12.068102376858153,10.78910282333716
2022-04-25,11.437519073486328,12.06332744642566,10.811710700546996
2022-04-26,11.447554397583009,12.054849586558225,10.840259208607792
2022-04-27,11.469587469100953,12.011297803996953,10.927877134204952
2022-04-28,11.483372926712036,11.995723898133228,10.971021955290844
2022-04-29,11.485707139968872,11.995121901764954,10.97629237817279
2022-05-02,11.474532175064088,11.995420436914314,10.953643913213861
2022-05-03,11.475961208343506,11.99516566964555,10.956756747041462
2022-05-04,11.51682915687561,12.074833409088578,10.958824904662643
2022-05-05,11.561885356903076,12.124662752242202,10.99910796156395
2022-05-06,11.627143859863281,12.25922362830376,10.995064091422803
2022-05-09,11.646732664108276,12.307825531353192,10.98563979686336
2022-05-10,11.668657779693604,12.368856721707772,10.968458837679435
2022-05-11,11.71622700691223,12.527943047423292,10.904510966401169
2022-05-12,11.770385503768921,12.688025128979667,10.852745878558174
2022-05-13,11.820453977584839,12.857879148989046,10.783028806180631
2022-05-16,11.883080387115479,13.040869314625697,10.72529145960526
2022-05-17,11.947581815719605,13.162586435443112,10.732577195996098
2022-05-18,11.984145069122315,13.232742540529687,10.735547597714943
2022-05-19,12.028583669662476,13.330484542687858,10.726682796637094
2022-05-20,12.108647918701172,13.459421551763523,10.75787428563882
2022-05-23,12.222837877273559,13.665742439496059,10.779933315051059
2022-05-24,12.31948356628418,13.753349216959883,10.885617915608478
2022-05-25,12.425532102584839,13.84711647306844,11.003947732101238
2022-05-26,12.52950210571289,13.923076886799322,11.135927324626458
2022-05-27,12.601127624511719,13.883393743629863,11.318861505393574
2022-05-30,12.665632390975953,13.778830119601238,11.552434662350667
2022-05-31,12.726537084579467,13.652885883505235,11.8001882856537
2022-06-01,12.75248031616211,13.623705828832108,11.881254803492112
2022-06-02,12.774115896224975,13.586591305799782,11.961640486650168
2022-06-03,12.786928701400758,13.582318070006284,11.99153933279523
2022-06-06,12.81703486442566,13.538788618076705,12.095281110774614
2022-06-07,12.84941325187683,13.502933153835672,12.19589334991799
2022-06-08,12.857469367980958,13.501376066060004,12.213562669901911
2022-06-09,12.851456451416016,13.50426835907274,12.198644543759293
2022-06-10,12.828417444229126,13.512968794186172,12.14386609427208
2022-06-13,12.791063213348389,13.521033257984332,12.061093168712446
2022-06-14,12.769042110443115,13.522756658578187,12.015327562308043
2022-06-15,12.746655941009521,13.546650160508523,11.94666172151052
2022-06-17,12.676597547531127,13.673036536043336,11.680158559018919
2022-06-20,12.600641584396362,13.699828870448817,11.501454298343907
2022-06-21,12.487505197525024,13.62926325347626,11.345747141573788
2022-06-22,12.391179180145263,13.600872702319418,11.181485657971109
2022-06-23,12.275002670288085,13.524921998555286,11.025083342020885
2022-06-24,12.15297565460205,13.405811321553816,10.900139987650284
2022-06-27,12.098230743408203,13.329779891904058,10.866681594912349
2022-06-28,12.063544845581054,13.282566583259028,10.84452310790308
2022-06-29,12.022172689437866,13.226021145879793,10.81832423299594
2022-06-30,11.978501892089843,13.165687195221551,10.791316588958136
2022-07-01,11.952801036834718,13.120310380637163,10.785291693032272
2022-07-04,11.928980684280395,13.054950521117913,10.803010847442877
2022-07-05,11.88154911994934,12.956186485757046,10.806911754141636
2022-07-06,11.81907286643982,12.807576754988578,10.830568977891062
2022-07-07,11.776656007766723,12.664629994034396,10.88868202149905
2022-07-08,11.750119304656982,12.567663662476766,10.932574946837198
2022-07-11,11.7294331073761,12.49820661974734,10.96065959500486
2022-07-12,11.707702207565308,12.440389354081455,10.975015061049161
2022-07-13,11.679493856430053,12.345222357175789,11.013765355684317
2022-07-14,11.646270704269408,12.278050385758121,11.014491022780696
2022-07-15,11.659852600097656,12.282113255141782,11.03759194505353
2022-07-18,11.680329608917237,12.313183335740455,11.04747588209402
2022-07-19,11.72441806793213,12.372084142466917,11.076751993397341
2022-07-20,11.769969081878662,12.413912077160727,11.126026086596596
2022-07-21,11.822833490371703,12.394421362972437,11.25124561777097
2022-07-22,11.88635425567627,12.336022191187086,11.436686320165455
2022-07-25,11.943188810348511,12.549827419813736,11.336550200883286
2022-07-26,11.999187564849853,12.754044226408954,11.244330903290752
2022-07-27,12.067514371871948,12.956944746223437,11.178083997520458
2022-07-28,12.158616924285889,13.23174586551216,11.085487983059618
2022-07-29,12.276047086715698,13.697845756138314,10.854248417293082
2022-08-01,12.37091064453125,14.002725209413038,10.739096079649462
2022-08-02,12.492102003097534,14.271750516118376,10.712453490076692
2022-08-03,12.621233367919922,14.489698149922738,10.752768585917106
2022-08-04,12.740961980819701,14.71899412995188,10.762929831687522
2022-08-05,12.867794799804688,14.976373679184967,10.75921592042441
2022-08-08,13.034328365325928,15.361470774095647,10.70718595655621
2022-08-09,13.222383832931518,15.72954496596967,10.715222699893367
2022-08-10,13.407513999938965,16.018856866724274,10.796171133153656
2022-08-11,13.59055471420288,16.148061403157573,11.033048025248187
2022-08-12,13.820022439956665,16.47899060612634,11.16105427378699
2022-08-15,14.03637409210205,16.758748709805957,11.313999474398143
2022-08-16,14.248047971725464,17.025158818910782,11.470937124540146
2022-08-17,14.479176235198974,17.30417617153505,11.654176298862897
2022-08-18,14.730374574661255,17.56833284430002,11.892416305022488
2022-08-19,14.931729316711426,17.596998233021637,12.266460400401213
2022-08-22,15.121906805038453,17.69687108927607,12.546942520800835
2022-08-23,15.332037258148194,17.849120158045412,12.814954358250974
2022-08-24,15.540195417404174,17.96746169662517,13.11292913818318
2022-08-25,15.719474506378173,18.037609750694916,13.401339262061429
2022-08-26,15.869126510620116,18.180057152452004,13.55819586878823
2022-08-29,16.050153923034667,18.336391804147475,13.76391604192186
2022-08-30,16.175443172454834,18.28844861153745,14.062437733372217
2022-08-31,16.320843029022218,18.23686054355755,14.404825514486884
2022-09-01,16.474630212783815,18.189679649807182,14.75958077576045
2022-09-02,16.603592586517333,18.088807307631743,15.118377865402923
2022-09-05,16.69372692108154,18.062006544890302,15.325447297272783
2022-09-06,16.739505004882812,18.00528191083868,15.473728098926944
2022-09-08,16.780092477798462,17.9260272819821,15.634157673614821
2022-09-09,16.83839292526245,17.72397230979971,15.952813540725192
2022-09-12,16.832490825653075,17.73531735770745,15.929664293598698
2022-09-13,16.805033874511718,17.806724070938955,15.803343678084483
2022-09-14,16.782196140289308,17.839386933322167,15.72500534725645
2022-09-15,16.738573503494262,17.86047794211457,15.616669064873953
2022-09-16,16.670830059051514,17.849927108183273,15.491733009919754
2022-09-19,16.65902624130249,17.858965754958838,15.459086727646143
2022-09-20,16.62515459060669,17.865731344697156,15.384577836516225
2022-09-21,16.566905307769776,17.810800583642603,15.323010031896949
2022-09-22,16.523282718658447,17.72465795345768,15.321907483859215
2022-09-23,16.437576627731325,17.714068035632437,15.161085219830214
2022-09-26,16.32595353126526,17.685750440513566,14.966156622016953
2022-09-27,16.20252695083618,17.484848230289156,14.920205671383204
2022-09-28,16.12143979072571,17.488674023559977,14.75420555789144
2022-09-29,16.020850658416748,17.395220438997487,14.64648087783601
2022-09-30,15.916925716400147,17.170057316435518,14.663794116364777
2022-10-03,15.885106945037842,17.034257066730156,14.73595682334553
2022-10-04,15.834555721282959,16.836245049882173,14.832866392683744
2022-10-05,15.846103096008301,16.883518295772685,14.808687896243915
2022-10-06,15.893831539154053,17.097559759063934,14.690103319244173
2022-10-07,15.941046905517577,17.280722379284928,14.601371431750227
2022-10-10,15.986466026306152,17.415419796833937,14.557512255778368
2022-10-11,16.046768188476562,17.53085363573126,14.562682741221868
2022-10-13,16.119130516052245,17.723900203762568,14.514360828341921
2022-10-14,16.17968897819519,17.8462615796008,14.513116376789585
2022-10-17,16.2466628074646,17.955532091832122,14.537793523097076
2022-10-18,16.32210464477539,18.124706430063615,14.519502859487165
2022-10-19,16.43321418762207,18.406573365875147,14.459855009368994
2022-10-20,16.569214820861816,18.776916652165834,14.361512989557799
2022-10-21,16.717531967163087,19.24978939167965,14.185274542646527
2022-10-24,16.82812867164612,19.304342852424714,14.351914490867527
2022-10-25,16.936929082870485,19.26778822063193,14.606069945109038
2022-10-26,17.014936542510988,19.205005689021313,14.824867396000661
2022-10-27,17.109623670578003,19.090599022961364,15.12864831819464
2022-10-28,17.19327688217163,18.933297179222635,15.453256585120627
2022-10-31,17.19353356361389,18.932375067236002,15.45469205999178
2022-11-01,17.134001159667967,19.043772753630975,15.224229565704961
2022-11-03,17.097563314437867,19.11521442003567,15.079912208840065
2022-11-04,16.988506317138672,19.308624278216957,14.668388356060387
2022-11-07,16.82145676612854,19.50714213430119,14.135771397955892
2022-11-08,16.660309076309204,19.609262274820225,13.711355877798185
2022-11-09,16.497365045547486,19.701452337082188,13.293277754012784
2022-11-10,16.320821237564086,19.80042279739429,12.841219677733882
2022-11-11,16.14248127937317,19.74856081798601,12.536401740760326
2022-11-14,15.995703554153442,19.66724249296655,12.324164615340331
2022-11-16,15.835582160949707,19.5763929288323,12.094771393067115
2022-11-17,15.654675722122192,19.394938025911568,11.914413418332815
2022-11-18,15.430916690826416,19.069679788936227,11.792153592716604
2022-11-21,15.182266759872437,18.54479117525526,11.819742344489615
2022-11-22,14.854835700988769,17.747752341820398,11.96191906015714
2022-11-23,14.619466257095336,17.3405984081221,11.898334106068571
2022-11-24,14.42480936050415,16.91335473385245,11.93626398715585
2022-11-25,14.240487480163575,16.530501184046706,11.950473776280441
2022-11-28,14.063476800918579,16.003465146041222,12.123488455795936
2022-11-29,13.924475765228271,15.409499539820647,12.439451990635895
2022-11-30,13.89143762588501,15.273561761423997,12.509313490346022
2022-12-01,13.827741670608521,15.038611169191004,12.616872172026039
2022-12-02,13.770521402359009,14.762840437822524,12.778202366895494
2022-12-05,13.747679376602173,14.686581826366986,12.80877692683736
2022-12-06,13.754896116256713,14.701999569219256,12.80779266329417
2022-12-07,13.749019241333007,14.69021147286037,12.807827009805646
2022-12-08,13.739041471481324,14.68194991261336,12.796133030349287
2022-12-09,13.74715690612793,14.680708367075503,12.813605445180357
2022-12-12,13.710985279083252,14.682788204946247,12.739182353220256
2022-12-13,13.64039740562439,14.661613533701768,12.61918127754701
2022-12-14,13.533134317398071,14.83637842614839,12.229890208647753
2022-12-15,13.44126329421997,14.87648349488796,12.00604309355198
2022-12-16,13.36147050857544,14.908580191856963,11.814360825293917
2022-12-19,13.288684177398682,14.895876528243644,11.68149182655372
2022-12-20,13.281546258926392,14.898932673551663,11.664159844301121
2022-12-21,13.285115051269532,14.898989353504433,11.67124074903463
2022-12-22,13.277977085113525,14.892561884785426,11.663392285441624
2022-12-23,13.312568140029907,14.940741141970916,11.684395138088897
2022-12-26,13.328490924835204,14.965446335829455,11.691535513840954
2022-12-27,13.32107858657837,14.947776986193304,11.694380186963436
2022-12-28,13.270015764236451,14.782780976183457,11.757250552289445
2022-12-29,13.240091943740845,14.7109479710028,11.76923591647889
2023-01-02,13.15800700187683,14.57955810424371,11.736455899509952
2023-01-03,13.067960786819459,14.475161571439068,11.660760002199849
2023-01-04,12.996857070922852,14.330991803469985,11.662722338375719
2023-01-05,12.956500911712647,14.220191132002377,11.692810691422917
2023-01-06,12.927949619293212,14.155150603386279,11.700748635200146
2023-01-09,12.904889059066772,14.098371628523715,11.711406489609828
2023-01-10,12.909830713272095,14.108013614830405,11.711647811713785
2023-01-11,12.936185741424561,14.147693877309981,11.72467760553914
2023-01-12,13.022937917709351,14.1325750371422,11.913300798276502
2023-01-13,13.092394256591797,14.130753161228224,12.05403535195537
2023-01-16,13.147025918960571,14.076296429135887,12.217755408785255
2023-01-17,13.233228826522828,14.146709752938673,12.319747900106982
2023-01-18,13.288135290145874,14.19021993130018,12.386050648991569
2023-01-19,13.351826667785645,14.327692117899153,12.375961217672137
2023-01-20,13.417165184020996,14.51028098721253,12.324049380829463
2023-01-23,13.463011741638184,14.69099530009823,12.235028183178137
2023-01-24,13.508583879470825,14.836208623570046,12.180959135371603
2023-01-25,13.558823251724244,15.001833092192568,12.11581341125592
2023-01-26,13.598630285263061,15.091434033999477,12.105826536526646
2023-01-27,13.629377746582032,15.134747125019466,12.124008368144597
2023-01-30,13.70707015991211,15.144226742881933,12.269913576942287
2023-01-31,13.80947036743164,15.098528431624642,12.520412303238638
2023-02-01,13.882495737075805,15.056758041281775,12.708233432869836
2023-02-02,13.900065708160401,15.035640465237822,12.76449095108298
2023-02-03,13.928891515731811,14.999383314953196,12.858399716510426
2023-02-06,13.981326818466187,14.982629732602028,12.980023904330345
2023-02-07,14.023329925537109,14.959762475423403,13.086897375650814
2023-02-08,14.071921920776367,14.956568359623308,13.187275481929426
2023-02-09,14.10761079788208,14.955930672469407,13.259290923294753
2023-02-10,14.16663498878479,14.998262843135667,13.335007134433912
2023-02-13,14.242405462265015,14.97300611977616,13.51180480475387
2023-02-14,14.274800062179565,15.019713889756348,13.529886234602783
2023-02-15,14.320646619796753,15.046061313117145,13.59523192647636
2023-02-16,14.347001314163208,15.094260361725151,13.599742266601265
2023-02-17,14.34892315864563,15.097805124043758,13.6000411932475
2023-02-22,14.320646476745605,15.054783787493955,13.586509165997255
2023-02-23,14.319273757934571,15.051271434370728,13.587276081498414
2023-02-24,14.290722513198853,14.988890052185528,13.592554974212177
2023-02-27,14.287977170944213,14.98455202465386,13.591402317234566
2023-02-28,14.27754487991333,14.994020970678944,13.561068789147717
2023-03-01,14.265190982818604,15.000056604361356,13.530325361275851
2023-03-02,14.22593297958374,15.03040000989817,13.421465949269312
2023-03-03,14.225658464431763,15.0302866063775,13.421030322486027
2023-03-06,14.265190935134887,14.985303779572781,13.545078090696993
2023-03-07,14.273701381683349,14.964708958478875,13.582693804887823
2023-03-08,14.263818359375,14.967521853085785,13.560114865664215
2023-03-09,14.255307960510255,14.97301230085919,13.537603620161319
2023-03-10,14.225933122634888,14.982447067591671,13.469419177678105
2023-03-13,14.178164720535278,15.044381461339,13.311947979731556
2023-03-14,14.096903610229493,15.067154739739202,13.126652480719784
2023-03-15,14.00191593170166,15.083067678856544,12.920764184546776
2023-03-16,13.907477235794067,15.073261310081579,12.741693161506555
2023-03-17,13.818803691864014,15.006149641204916,12.631457742523112
2023-03-20,13.711187601089478,14.935670485540609,12.486704716638346
2023-03-21,13.62772994041443,14.848425306321577,12.407034574507282
2023-03-22,13.56101884841919,14.808489469704213,12.313548227134167
2023-03-23,13.458069705963135,14.692065436632676,12.224073975293594
2023-03-24,13.372690439224243,14.620722224144208,12.124658654304278
2023-03-27,13.291154718399047,14.479814158071264,12.102495278726831
2023-03-28,13.245857191085815,14.412351314205283,12.079363067966346
2023-03-29,13.207422733306885,14.33436037532196,12.08048509129181
2023-03-30,13.18902907371521,14.30583694403109,12.072221203399328
2023-03-31,13.127259445190429,14.163102138811704,12.091416751569154
2023-04-03,13.086903285980224,13.992696921106997,12.18110965085345
2023-04-04,13.06411714553833,13.917770077953515,12.210464213123144
2023-04-05,13.034742164611817,13.794243257288604,12.27524107193503
2023-04-06,12.998778581619263,13.646270384220053,12.351286779018473
2023-04-10,12.985875415802003,13.581424312090627,12.390326519513378
2023-04-11,13.026231479644775,13.791438318738852,12.261024640550698
2023-04-12,13.083608388900757,14.010069096602546,12.157147681198968
2023-04-13,13.15745735168457,14.219367453203423,12.095547250165717
2023-04-14,13.240914726257325,14.429778570092086,12.052050882422563
2023-04-17,13.328764724731446,14.66475082308122,11.992778626381671
2023-04-18,13.451205682754516,14.94200253072499,11.960408834784042
2023-04-19,13.536584949493408,15.076712494780953,11.996457404205863
2023-04-20,13.628827476501465,15.206167463927105,12.051487489075825
2023-04-24,13.749621248245239,15.338954367568023,12.160288128922454
2023-04-25,13.867669773101806,15.420612796888765,12.314726749314847
2023-04-26,13.965677404403687,15.461961810687033,12.469392998120341
2023-04-27,14.034584760665894,15.459624443462602,12.609545077869186
2023-04-28,14.111376857757568,15.494395633049495,12.728358082465641
2023-05-02,14.156559228897095,15.46593472948979,12.8471837283044
2023-05-03,14.213543367385864,15.379523204024578,13.04756353074715
2023-05-04,14.253109216690063,15.361797468685198,13.144420964694929
2023-05-05,14.329021215438843,15.376577740709667,13.281464690168018
2023-05-08,14.418508672714234,15.426014383462201,13.411002961966267
2023-05-09,14.520078802108765,15.40264218685389,13.63751541736364
2023-05-10,14.60579252243042,15.380201383001747,13.831383661859093
2023-05-11,14.68776731491089,15.571231487519762,13.804303142302016
2023-05-12,14.789884662628173,15.880528592737043,13.699240732519304
2023-05-15,14.868814420700073,16.033731614454286,13.703897226945859
2023-05-16,14.960123968124389,16.261877843486662,13.658370092762116
2023-05-17,15.0203857421875,16.375209753885954,13.665561730489046
2023-05-18,15.066618251800538,16.48567440784475,13.647562095756324
2023-05-19,15.135772371292115,16.58447462800485,13.687070114579381
2023-05-22,15.19534616470337,16.658632821303502,13.732059508103237
2023-05-23,15.260401821136474,16.789089009177935,13.731714633095013
2023-05-24,15.34084701538086,16.951097796714414,13.730596234047304
2023-05-25,15.424441385269166,17.06516318646358,13.783719584074753
2023-05-26,15.53670401573181,17.16950821753889,13.903899813924733
2023-05-29,15.629169845581055,17.26201084540017,13.99632884576194
2023-05-30,15.742046213150024,17.224727110013134,14.259365316286912
2023-05-31,15.849046421051025,17.097357668323742,14.600735173778306
2023-06-01,15.97089080810547,17.016256045472765,14.925525570738172
2023-06-02,16.06923222541809,17.0352746079911,15.103189842845083
2023-06-05,16.16077027320862,17.110637523035756,15.210903023381483
2023-06-06,16.267770433425902,17.247814392619762,15.287726474232041
2023-06-07,16.401984786987306,17.480345646466645,15.323623927507967
2023-06-09,16.551970958709717,18.00517846081263,15.098763456606804
2023-06-12,16.692988681793214,18.516997677493237,14.868979686093189
2023-06-13,16.850393104553223,18.90444747631813,14.79633873278832
2023-06-14,17.02886381149292,19.45575274614957,14.601974876836264
2023-06-15,17.203731727600097,19.77872753941636,14.628735915783835
2023-06-16,17.38219838142395,20.086762945263185,14.677633817584718
2023-06-19,17.587603187561037,20.449971578942904,14.72523479617917
2023-06-20,17.802589225769044,20.758527958074595,14.846650493463493
2023-06-21,18.04026851654053,21.221552381886035,14.858984651195023
2023-06-22,18.25239782333374,21.559762017408097,14.945033629259385
2023-06-23,18.42820644378662,21.685297860856448,15.171115026716794
2023-06-26,18.615597534179688,21.85514960260888,15.376045465750497
2023-06-27,18.798482513427736,21.94875041252778,15.648214614327694
2023-06-28,19.000200271606445,21.99569558056419,16.004704962648702
2023-06-29,19.21488094329834,21.95654462011008,16.4732172664866
2023-06-30,19.354159450531007,21.82181880626354,16.886500094798475
2023-07-03,19.504756927490234,21.66768714930445,17.34182670567602
2023-07-04,19.64869270324707,21.461913923580138,17.835471482914006
2023-07-05,19.773374176025392,21.228279326293297,18.318469025757487
2023-07-06,19.857539939880372,21.00843033744403,18.706649542316715
2023-07-07,19.893159103393554,20.935890361052405,18.850427845734703
2023-07-10,19.914035511016845,20.901443566055992,18.926627455977698
2023-07-11,19.923591136932373,20.877656017070173,18.969526256794573
2023-07-12,19.892947292327882,20.896929744964037,18.888964839691727
2023-07-13,19.900855255126952,20.88980877121116,18.911901739042744
2023-07-14,19.88141460418701,20.91510621533379,18.847722993040232
2023-07-17,19.834296131134032,20.920803500462462,18.7477887618056
2023-07-18,19.77696304321289,20.91412189068066,18.63980419574512
2023-07-19,19.68635025024414,20.698764875146633,18.673935625341645
2023-07-20,19.60990629196167,20.517362428488127,18.702450155435216
2023-07-21,19.594090461730957,20.49304380209451,18.695137121367406
2023-07-24,19.576297283172607,20.427259364037965,18.72533520230725
2023-07-25,19.589477062225342,20.48581491579506,18.693139208655623
2023-07-26,19.593101501464844,20.502983330193366,18.68321967273632
2023-07-27,19.539063358306883,20.35887771422769,18.719249002386075
2023-07-28,19.54664192199707,20.366193305567016,18.727090538427127
2023-07-31,19.580580520629884,20.498581570313775,18.662579470945992
2023-08-01,19.595408248901368,20.542147498666264,18.648668999136472
2023-08-02,19.6092472076416,20.57900818703126,18.639486228251943
2023-08-03,19.651093673706054,20.678668958625607,18.6235183887865
2023-08-04,19.667568588256835,20.691489465776,18.643647710737667
2023-08-07,19.688656425476076,20.713119956406015,18.664192894546137
2023-08-08,19.7239128112793,20.727319013716954,18.720506608841642
2023-08-09,19.76641845703125,20.75236417156693,18.78047274249557
2023-08-10,19.799368476867677,20.79550797950035,18.803228974235005
2023-08-11,19.849123191833495,20.806066841438664,18.892179542228327
2023-08-14,19.90349073410034,20.804198346094203,19.00278312210648
2023-08-15,19.970379447937013,20.78261919597066,19.158139699903366
2023-08-16,20.05077772140503,20.85056262353836,19.2509928192717
2023-08-17,20.126892280578613,20.872348873417344,19.38143568773988
2023-08-18,20.18752040863037,20.935793063850003,19.439247753410736
2023-08-21,20.220470714569093,20.985837433537817,19.455103995600368
2023-08-22,20.246066570281982,21.072598437239623,19.41953470332434
2023-08-23,20.327418518066406,21.48412018506307,19.17071685106974
2023-08-24,20.46010971069336,21.754141682610452,19.166077738776266
2023-08-25,20.57308406829834,21.947348897253335,19.198819239343344
2023-08-28,20.65389003753662,22.190862837283124,19.116917237790116
2023-08-29,20.753894996643066,22.4125166197424,19.09527337354373
2023-08-30,20.863731575012206,22.632686827633712,19.0947763223907
2023-08-31,20.937457656860353,22.743402762793753,19.131512550926953
2023-09-01,21.06510009765625,22.88444325308935,19.245756942223146
2023-09-04,21.174852085113525,22.9615927937225,19.38811137650455
2023-09-05,21.320557880401612,23.14950562288306,19.491610137920166
2023-09-06,21.463486862182616,23.328423096082528,19.598550628282705
2023-09-08,21.596709537506104,23.45783390726687,19.735585167745338
2023-09-11,21.73121223449707,23.536780284906037,19.925644184088107
2023-09-12,21.868552017211915,23.597325731936373,20.139778302487457
2023-09-13,21.98153963088989,23.579199907431796,20.383879354347986
2023-09-14,22.10085439682007,23.678534684104683,20.523174109535454
2023-09-15,22.22414836883545,23.730953623941918,20.717343113728983
2023-09-18,22.35301570892334,23.775281241598684,20.930750176247997
2023-09-19,22.491868591308595,23.735550597108684,21.248186585508506
2023-09-20,22.617747020721435,23.69958310029417,21.5359109411487
2023-09-21,22.669740295410158,23.7377832441338,21.601697346686514
2023-09-22,22.732679557800292,23.78825796837299,21.677101147227596
2023-09-25,22.81066951751709,23.82810213627875,21.79323689875543
2023-09-26,22.84932231903076,23.813229916433198,21.885414721628326
2023-09-27,22.92183885574341,23.887371074998754,21.956306636488065
2023-09-28,22.984436130523683,23.946928344143032,22.021943916904334
2023-09-29,23.076792335510255,23.92951143045157,22.22407324056894
2023-10-02,23.12775936126709,23.9096605894595,22.345858133074678
2023-10-03,23.185225582122804,23.7963723863806,22.574078777865008
2023-10-04,23.159570980072022,23.868853621344606,22.45028833879944
2023-10-05,23.132548141479493,23.915709189368506,22.34938709359048
2023-10-06,23.13631076812744,23.914456368311136,22.358165167943746
2023-10-09,23.190356540679932,24.026648925103306,22.35406415625656
2023-10-10,23.247822761535645,24.16528828316464,22.33035723990665
2023-10-11,23.31931343078613,24.245880085529407,22.392746776042856
2023-10-13,23.401750087738037,24.541649333929506,22.26185084154657
2023-10-16,23.497185039520264,24.8586953480091,22.13567473103143
2023-10-17,23.61827459335327,25.31406204238162,21.92248714432492
2023-10-18,23.765702629089354,25.850944345707394,21.680460912471315
2023-10-19,23.904237365722658,26.254818832682897,21.55365589876242
2023-10-20,24.044140243530272,26.52179847018427,21.566482016876275
2023-10-23,24.089292335510255,26.541146891755446,21.637437779265063
2023-10-24,24.145048236846925,26.5845736731481,21.70552280054575
2023-10-25,24.234326076507568,26.61043619883674,21.858215954178394
2023-10-26,24.274689292907716,26.633931509207855,21.915447076607578
2023-10-27,24.308553218841553,26.644411961016573,21.972694476666533
2023-10-30,24.32360420227051,26.64674219098743,22.00046621355359
2023-10-31,24.34481201171875,26.637776569263497,22.051847454174005
2023-11-01,24.38414888381958,26.623651561707007,22.144646205932155
2023-11-03,24.48403091430664,26.50244113809224,22.46562069052104
2023-11-06,24.579123783111573,26.34592144701816,22.812326119204986
2023-11-07,24.627354049682616,26.250872241416598,23.003835857948634
2023-11-08,24.600673389434814,26.29002904476906,22.911317734100567
2023-11-09,24.58938522338867,26.29609472103251,22.882675725744832
2023-11-10,24.57570285797119,26.305646940882525,22.845758775059856
2023-11-13,24.555521297454835,26.282884298876112,22.828158296033557
2023-11-14,24.538418292999268,26.25005181345156,22.826784772546976
2023-11-16,24.465901374816895,26.077661022793382,22.854141726840407
2023-11-17,24.403988552093505,25.789945631656224,23.018031472530787
2023-11-20,24.349258708953858,25.49786010341153,23.200657314496187
2023-11-21,24.29829149246216,25.227858904560808,23.36872408036351
2023-11-22,24.33892688751221,25.31718189579268,23.360671879231738
2023-11-23,24.36178855895996,25.380962870810265,23.34261424710966
2023-11-24,24.381705951690673,25.441516600566647,23.3218953028147
2023-11-27,24.407170009613036,25.49526820060322,23.319071818622852
2023-11-28,24.46036739349365,25.617012052489457,23.303722734497846
2023-11-29,24.51272668838501,25.67621946396446,23.349233912805555
2023-11-30,24.600887870788576,25.793120082602,23.40865565897515
2023-12-01,24.667519664764406,25.873431581748793,23.46160774778002
2023-12-04,24.692769241333007,25.888591958370974,23.49694652429504
2023-12-05,24.713357543945314,25.894297908321295,23.532417179569332
2023-12-06,24.709694385528564,25.901796317373975,23.517592453683154
2023-12-07,24.728841686248778,25.840355090169222,23.617328282328334
2023-12-08,24.76173801422119,25.8019045056218,23.721571522820582
2023-12-11,24.795485973358154,25.736920909522755,23.854051037193553
2023-12-12,24.7861008644104,25.74699309949629,23.82520862932451
2023-12-13,24.777372646331788,25.742748148114032,23.811997144549544
2023-12-14,24.816854190826415,25.768044323356087,23.865664058296744
2023-12-15,24.819500541687013,25.774459841421628,23.8645412419524
2023-12-18,24.836761283874512,25.82751194935914,23.846010618389887
2023-12-19,24.88159465789795,25.957093956666174,23.806095359129724
2023-12-20,24.92496156692505,26.08646230827478,23.76346082557532
2023-12-21,24.96832847595215,26.204543901138535,23.73211305076576
2023-12-22,25.020581912994384,26.359772590058018,23.68139123593075
2023-12-26,25.100917625427247,26.60095040932498,23.600884841529513
2023-12-27,25.16347999572754,26.798399950696115,23.52856004075896
2023-12-28,25.2349289894104,26.970089035971185,23.499768942849613
2024-01-02,25.30140104293823,27.18002181465291,23.42278027122355
2024-01-03,25.41834945678711,27.581699550052683,23.254999363521534
2024-01-04,25.55058298110962,27.8767769714187,23.22438899080054
2024-01-05,25.69170331954956,28.141073203345066,23.242333435754055
2024-01-08,25.866948699951173,28.252027490215813,23.481869909686534
2024-01-09,26.03330717086792,28.25818902854763,23.808425313188213
2024-01-10,26.14918918609619,28.28172712370085,24.01665124849153
2024-01-11,26.281067276000975,28.28786085468302,24.27427369731893
2024-01-12,26.42645330429077,28.216801698026412,24.63610491055513
2024-01-15,26.568995475769043,28.184780047525937,24.95321090401215
2024-01-16,26.66781539916992,28.143617419780114,25.19201337855973
2024-01-17,26.755971050262453,28.05427051021999,25.457671590304916
2024-01-18,26.823154354095458,27.97410810962951,25.672200598561407
2024-01-19,26.86865406036377,27.911390920515355,25.825917200212185
2024-01-22,26.91557569503784,27.846362177773738,25.984789212301944
2024-01-23,26.97884883880615,27.772567995251556,26.185129682360746
2024-01-24,27.019372081756593,27.70360321086426,26.335140952648928
2024-01-25,27.088687896728516,27.845145972906785,26.332229820550246
2024-01-26,27.181109046936037,28.100051447455584,26.26216664641649
2024-01-29,27.299479293823243,28.422724493558047,26.17623409408844
2024-01-30,27.389767932891846,28.646340770579858,26.133195095203835
2024-01-31,27.45375175476074,28.893385340213186,26.014118169308297
2024-02-01,27.55825901031494,29.27719234282983,25.83932567780005
2024-02-02,27.64037170410156,29.50390266072165,25.776840747481472
2024-02-05,27.73919086456299,29.736272715622782,25.742109013503196
2024-02-06,27.86324863433838,29.99344958875126,25.733047679925498
2024-02-07,28.021431255340577,30.29595028142894,25.746912229252214
2024-02-08,28.15615310668945,30.510005237628388,25.802300975750516
2024-02-09,28.26741418838501,30.628648240165006,25.906180136605016
2024-02-14,28.353081703186035,30.71037584461805,25.99578756175402
2024-02-15,28.502377414703368,30.89980549672254,26.104949332684196
2024-02-16,28.673356819152833,31.086371909270625,26.26034172903504
2024-02-19,28.857133197784425,31.236573411513312,26.477692984055537
2024-02-20,29.03202304840088,31.246569297583797,26.817476799217964
2024-02-21,29.20300235748291,31.211072413061903,27.194932301903915
2024-02-22,29.345899963378905,31.1288714222397,27.56292850451811
2024-02-23,29.4887975692749,30.869223467423637,28.108371671126164
2024-02-26,29.610011672973634,30.82870851816197,28.391314827785298
2024-02-27,29.704921436309814,30.821104542232177,28.58873833038745
2024-02-28,29.699945068359376,30.833075339882093,28.56681479683666
2024-02-29,29.69354658126831,30.85243992212657,28.53465324041005
2024-03-01,29.672929763793945,30.898218165025916,28.447641362561974
2024-03-04,29.61996536254883,30.953764588867173,28.286166136230484
2024-03-05,29.581930351257324,31.009868324693894,28.153992377820753
2024-03-06,29.568778324127198,31.012503067862866,28.12505358039153
2024-03-07,29.526122283935546,31.019537026534458,28.032707541336634
2024-03-08,29.330615520477295,31.45327100174827,27.20796003920632
2024-03-11,29.109870815277098,31.86783517700544,26.351906453548757
2024-03-12,28.950621604919434,31.999832560153212,25.901410649685655
2024-03-13,28.786751365661623,32.13085628699348,25.44264644432977
2024-03-14,28.570627784729005,32.1174288616158,25.023826707842208
2024-03-15,28.34419536590576,31.989620519152925,24.698770212658598
2024-03-18,28.11100902557373,31.772673545719552,24.449344505427906
2024-03-19,27.8842209815979,31.568341558223942,24.200100404971856
2024-03-20,27.677694892883302,31.272079772872544,24.08331001289406
2024-03-21,27.44699697494507,31.00745506061897,23.88653888927117
2024-03-22,27.239048957824707,30.708436217526167,23.769661698123247
2024-03-25,27.022569751739503,30.202974855822852,23.842164647656155
2024-03-26,26.796137428283693,29.61638549682833,23.975889359739057
2024-03-27,26.658216285705567,29.344175033682497,23.972257537728638
2024-03-28,26.559396743774414,29.095587075509634,24.023206412039194
2024-04-01,26.469463729858397,28.827464589175005,24.11146287054179
2024-04-02,26.417565441131593,28.629070157932198,24.20606072433099
2024-04-03,26.36282386779785,28.41526659892207,24.31038113667363
2024-04-04,26.261160373687744,27.9201033546948,24.60221739268069
2024-04-05,26.179758644104005,27.44482540593399,24.91469188227402
2024-04-08,26.248363780975343,27.63609239602002,24.860635165930663
2024-04-09,26.357847690582275,27.79020285581438,24.925492525350172
2024-04-10,26.456311988830567,28.09244750861378,24.820176469047354
2024-04-11,26.56010808944702,28.298177857043125,24.822038321850915
2024-04-12,26.656794929504393,28.420075546849244,24.893514312159542
2024-04-15,26.76307954788208,28.569980609008326,24.95617848675583
2024-04-16,26.87505168914795,28.71708772099231,25.033015657303586
2024-04-17,27.0069299697876,28.855331253915665,25.158528685659533
2024-04-18,27.11890172958374,29.004686492841614,25.233116966325866
2024-04-19,27.290592002868653,29.134695660912435,25.44648834482487
2024-04-22,27.484321212768556,29.405961398675398,25.562681026861714
2024-04-23,27.655656242370604,29.637731763761526,25.673580720979682
2024-04-24,27.832323169708253,29.738297909930306,25.9263484294862
2024-04-25,28.03387279510498,29.969452681666635,26.098292908543325
2024-04-26,28.22782506942749,30.31334111033639,26.14230902851859
2024-04-29,28.429739570617677,30.693900954208328,26.165578187027027
2024-04-30,28.592423343658446,31.023481406048084,26.161365281268807
2024-05-02,28.76806297302246,31.31505938735034,26.22106655869458
2024-05-03,28.93973617553711,31.447859808373536,26.431612542700684
2024-05-06,29.117443656921388,31.57586280641743,26.659024507425347
2024-05-07,29.295004177093507,31.76335659190699,26.826651762280022
2024-05-08,29.49266176223755,32.0002151441995,26.9851083802756
2024-05-09,29.675008487701415,32.29793519909755,27.052081776305283
2024-05-10,29.864230728149415,32.506005518985354,27.222455937313477
2024-05-13,30.06777572631836,32.62822721109262,27.507324241544097
2024-05-14,30.229556846618653,32.62959613229875,27.82951756093855
2024-05-15,30.290713596343995,32.51549836521588,28.06592882747211
2024-05-16,30.298835277557373,32.493713081263344,28.103957473851402
2024-05-17,30.281961822509764,32.5446869824332,28.01923666258633
2024-05-20,30.2432053565979,32.634679738937436,27.851730974258366
2024-05-21,30.167298126220704,32.74659881265792,27.587997439783482
2024-05-22,30.11330862045288,32.79911024266118,27.42750699824458
2024-05-23,30.05195837020874,32.86775981421144,27.236156926206043
2024-05-24,29.94778699874878,32.919110716847435,26.976463280650123
2024-05-27,29.837679290771483,32.89426629687457,26.7810922846684
2024-05-28,29.7394380569458,32.791426493210864,26.687449620680738
2024-05-29,29.64404010772705,32.68756783280741,26.60051238264669
2024-05-31,29.58246965408325,32.57463649927622,26.590302808890286
2024-06-03,29.532495498657227,32.49799811442236,26.566992882892094
2024-06-04,29.45581750869751,32.37968233891012,26.5319526784849
2024-06-05,29.36235418319702,32.19449025649215,26.530218109901885
2024-06-06,29.252105617523192,31.901686455216307,26.602524779830077
2024-06-07,29.071664237976073,31.472588056355058,26.670740419597088
2024-06-10,28.916019248962403,30.971721244571658,26.86031725335315
2024-06-11,28.76495180130005,30.32715680364294,27.20274679895716
2024-06-12,28.611235046386717,29.707366723392656,27.51510336938078
2024-06-13,28.537619400024415,29.637335318718815,27.437903481330014
2024-06-14,28.476126956939698,29.725403355005575,27.22685055887382
2024-06-17,28.442242527008055,29.78027845791102,27.10420659610509
2024-06-18,28.448835372924805,29.779785954935136,27.117884790914474
2024-06-19,28.459275722503662,29.778146731050537,27.140404713956787
2024-06-20,28.473005962371825,29.79355147019069,27.152460454552962
2024-06-21,28.508305644989015,29.82288492952864,27.19372636044939
2024-06-24,28.565752029418945,29.87472762445981,27.256776434378082
2024-06-25,28.606762409210205,29.923786903218527,27.289737915201883
2024-06-26,28.619989776611327,29.95210906816053,27.287870485062122
2024-06-27,28.65944986343384,30.059298531388315,27.259601195479362
2024-06-28,28.67257595062256,30.11369354720183,27.231458354043287
2024-07-01,28.716469383239748,30.301665318349624,27.13127344812987
2024-07-02,28.772058296203614,30.48755776808052,27.056558824326707
2024-07-03,28.799452209472655,30.557027885590987,27.041876533354323
2024-07-04,28.799577236175537,30.557297982375186,27.04185648997589
2024-07-05,28.862482929229735,30.617486066985744,27.107479791473725
2024-07-08,28.940121746063234,30.783482849322574,27.096760642803893
2024-07-09,29.011265087127686,30.92933036909209,27.093199805163284
2024-07-10,29.099544334411622,31.005060620271156,27.194028048552088
2024-07-11,29.21214942932129,31.066155631275503,27.358143227367076
2024-07-12,29.348295497894288,30.969644692666627,27.72694630312195
2024-07-15,29.493072986602783,30.84485027940099,28.141295693804576
2024-07-16,29.591161060333253,30.817880236830554,28.36444188383595
2024-07-17,29.6959189414978,30.768571245404836,28.623266637590767
2024-07-18,29.775566387176514,30.75074747676282,28.800385297590207
2024-07-19,29.854036712646483,30.744444093239288,28.963629332053678
2024-07-22,29.88777885437012,30.702814403640627,29.07274330509961
2024-07-23,29.903472900390625,30.66127607224509,29.14566972853616
2024-07-24,29.9285831451416,30.6037071704738,29.253459119809403
2024-07-25,29.927406215667723,30.605084221099915,29.24972821023553
2024-07-26,29.911319541931153,30.61086038572155,29.211778698140755
2024-07-29,29.842657947540282,30.639028511711498,29.046287383369066
2024-07-30,29.769680404663085,30.68019159813871,28.85916921118746
2024-07-31,29.7528094291687,30.68161020382408,28.82400865451332
2024-08-01,29.733976554870605,30.716430591609477,28.751522518131733
2024-08-02,29.66374578475952,30.901665642419538,28.425825927099503
2024-08-05,29.556241512298584,30.971920381310436,28.14056264328673
2024-08-06,29.473454761505128,30.93434808252382,28.012561440486436
2024-08-07,29.402831554412842,30.91782774138308,27.887835367442605
2024-08-08,29.344763565063477,30.839745092803362,27.849782037323592
2024-08-09,29.280417728424073,30.778950176896963,27.781885279951183
2024-08-12,29.23490505218506,30.668301217065036,27.801508887305083
2024-08-13,29.184291553497314,30.55430749523864,27.81427561175599
2024-08-14,29.15133399963379,30.438614326574985,27.86405367269259
2024-08-15,29.143879318237303,30.406231070888563,27.881527565586044
2024-08-16,29.136424446105956,30.369964796082076,27.902884096129835
2024-08-19,29.156826782226563,30.445764931774214,27.867888632678913
2024-08-20,29.190568733215333,30.53720350879875,27.843933957631915
2024-08-21,29.203516483306885,30.571809514022775,27.835223452590995
2024-08-22,29.222993755340575,30.623813079933832,27.822174430747317
2024-08-23,29.234759426116945,30.65052929395374,27.81898955828015
2024-08-26,29.38448667526245,31.23544153078875,27.53353181973615
2024-08-27,29.521851825714112,31.574280225641644,27.46942342578658
2024-08-28,29.65199480056763,31.972641523300148,27.33134807783511
2024-08-29,29.79360704421997,32.26404269674575,27.323171391694196
2024-08-30,29.980384063720702,32.456614737381194,27.50415339006021
2024-09-02,30.153408336639405,32.532790813480695,27.77402585979812
2024-09-03,30.283141613006592,32.56394012305206,28.00234310296112
2024-09-04,30.415239810943604,32.55329641933022,28.277183202556984
2024-09-05,30.514896965026857,32.54168918548467,28.488104744569043
2024-09-06,30.597630786895753,32.42953009403292,28.76573147975859
2024-09-09,30.66434335708618,32.39158528526947,28.937101428902892
2024-09-10,30.714658546447755,32.30578691249101,29.1235301804045
2024-09-11,30.737856769561766,32.27503836255234,29.200675176571192
2024-09-12,30.72135066986084,32.294690061155414,29.148011278566262
2024-09-13,30.69170732498169,32.32666138273867,29.056753267224707
2024-09-16,30.68499755859375,32.330140138248964,29.03985497893854
2024-09-17,30.67731351852417,32.33639379753506,29.01823323951328
2024-09-18,30.642740058898926,32.39899712183261,28.886482995965245
2024-09-19,30.608441066741943,32.445985551367,28.770896582116883
2024-09-20,30.583019638061522,32.48234295657873,28.683696319544318
2024-09-23,30.464385318756104,32.30375772036458,28.625012917147625
2024-09-24,30.373190021514894,32.175460716933024,28.570919326096767
2024-09-25,30.27029323577881,31.919970130766316,28.6206163407913
2024-09-26,30.146009731292725,31.701067482753427,28.590951979832024
2024-09-27,30.014463043212892,31.428768369163528,28.600157717262256
2024-09-30,29.893811225891113,31.190537233227897,28.59708521855433
2024-10-01,29.830862522125244,30.997787532495916,28.663937511754572
2024-10-02,29.788089656829833,30.812689962555936,28.76348935110373
2024-10-03,29.77356309890747,30.73767483441798,28.80945136339696
2024-10-04,29.785264873504637,30.78163566832111,28.788894078688166
2024-10-07,29.801809120178223,30.86625576824773,28.737362472108718
2024-10-08,29.812703800201415,30.89545218891719,28.72995541148564
2024-10-09,29.809879302978516,30.889825168654617,28.729933437302414
2024-10-10,29.84135389328003,30.95090145511844,28.731806331441618
2024-10-11,29.878477573394775,31.00612495249563,28.750830194293922
2024-10-14,29.898653316497803,31.051850053202646,28.74545657979296
2024-10-15,29.913179874420166,31.073354105307942,28.75300564353239
2024-10-16,29.955952739715578,31.063310321538136,28.84859515789302
2024-10-17,29.982584857940672,31.04532151004763,28.919848205833716
2024-10-18,30.005585384368896,31.021645227569323,28.98952554116847
2024-10-21,29.99025182723999,31.043105819958022,28.93739783452196
2024-10-22,29.96321620941162,31.075411981372707,28.851020437450533
2024-10-23,29.907126903533936,31.139279690613037,28.674974116454834
2024-10-24,29.893003749847413,31.162535499628422,28.623472000066403
2024-10-25,29.89461784362793,31.16020551274134,28.629030174514522
2024-10-28,29.897846031188966,31.1547843066484,28.640907755729533
2024-10-29,29.85910835266113,31.17062722669313,28.54758947862913
2024-10-30,29.793334770202637,31.15382840032725,28.432841140078025
2024-10-31,29.711420822143555,31.059841488852854,28.363000155434257
2024-11-01,29.613769435882567,30.9926081718533,28.234930699911835
2024-11-04,29.497959899902344,30.784599096069712,28.211320703734977
2024-11-05,29.40878267288208,30.695598655304988,28.12196669045917
2024-11-06,29.335342407226562,30.63853794577512,28.032146868678005
2024-11-07,29.248989486694335,30.48658782496532,28.01139114842335
2024-11-08,29.190883064270018,30.312394990416024,28.069371138124012
2024-11-11,29.131969738006593,30.090649814551735,28.17328966146145
2024-11-12,29.113004398345947,29.99615938672413,28.229849409967763
2024-11-13,29.099688243865966,29.931158559726967,28.268217928004965
2024-11-14,29.113407707214357,30.000961423505704,28.22585399092301
2024-11-18,29.168689727783203,30.31589610405857,28.021483351507836
2024-11-19,29.231234645843507,30.52526501119729,27.937204280489723
2024-11-21,29.303868103027344,30.73286035246992,27.87487585358477
2024-11-22,29.455591011047364,31.248035562981737,27.66314645911299
2024-11-25,29.587944889068602,31.606835479091743,27.56905429904546
2024-11-26,29.70819311141968,31.9022455533536,27.51414066948576
2024-11-27,29.82521343231201,32.13509958204047,27.515327282583552
2024-11-28,29.929321098327637,32.281548829084244,27.57709336757103
2024-11-29,30.05239419937134,32.442234812799754,27.662553585942923
2024-12-02,30.183134269714355,32.61188255352695,27.754385985901763
2024-12-03,30.34776964187622,32.76682332364712,27.92871596010532
2024-12-04,30.4990891456604,32.84853856553898,28.149639725781817
2024-12-05,30.67058401107788,32.923097476677576,28.418070545478187
2024-12-06,30.817060661315917,32.8659749591467,28.768146363485137
2024-12-09,30.999854183197023,32.88330886433507,29.116399502058975
2024-12-10,31.161664485931396,32.94702955600741,29.37629941585539
2024-12-11,31.33679141998291,33.01884098249441,29.654741857471404
2024-12-12,31.45518293380737,33.011549985552314,29.898815882062433
2024-12-13,31.565522766113283,32.91621529041691,30.214830241809658
2024-12-16,31.653412437438966,32.811664348575604,30.49516052630233
2024-12-17,31.718878650665282,32.82783734538281,30.60991995594775
2024-12-18,31.75895013809204,32.73309049296789,30.784809783216186
2024-12-19,31.78828897476196,32.642790709796515,30.933787239727405
2024-12-20,31.743690395355223,32.681712230143624,30.805668560566826
2024-12-23,31.709195804595947,32.71473233664062,30.70365927255127
2024-12-26,31.68834457397461,32.72212079761109,30.654568350338128
2024-12-27,31.668350887298583,32.73514698772606,30.6015547868711
2024-12-30,31.687584400177002,32.728084944688426,30.64708385566558
2025-01-02,31.719573402404784,32.76136728683615,30.67777951797342
2025-01-03,31.724486064910888,32.764741002362825,30.68423112745895
2025-01-06,31.7078706741333,32.74842319260697,30.66731815565963
2025-01-07,31.734883499145507,32.799735795670784,30.670031202620233
2025-01-08,31.73309192657471,32.796249879581794,30.669933973567623
2025-01-09,31.762884521484374,32.83175367397715,30.694015368991604
2025-01-10,31.75627746582031,32.81236777691718,30.700187154723444
2025-01-13,31.749280738830567,32.7881585872252,30.710402890435937
2025-01-14,31.71525287628174,32.654917286175085,30.775588466388395
2025-01-15,31.730994033813477,32.71246823896757,30.74951982865939
2025-01-16,31.74635019302368,32.752878157490876,30.739822228556484
2025-01-17,31.774953365325928,32.82383186513848,30.726074865513375
2025-01-20,31.79237298965454,32.87758743684264,30.707158542466445
2025-01-21,31.851764011383057,32.95508104009604,30.748446982670075
2025-01-22,31.908301258087157,32.98250424746418,30.834098268710132
2025-01-23,31.966519260406493,32.93667991236445,30.99635860844854
2025-01-24,32.016041374206544,32.85571515874927,31.176367589663815
2025-01-27,32.07746000289917,32.829296389660584,31.325623616137765
2025-01-28,32.14149236679077,32.7315040751244,31.551480658457148
2025-01-29,32.172419452667235,32.6871059063271,31.657732999007372
2025-01-30,32.19942617416382,32.73947225645326,31.659380091874375
2025-01-31,32.25648880004883,32.812481762525714,31.700495837571946
2025-02-03,32.31268053054809,32.78738103186313,31.83798002923306
2025-02-04,32.31921491622925,32.79192951077492,31.84650032168358
2025-02-05,32.32705545425415,32.7790879834083,31.8750229251
2025-02-06,32.324877452850345,32.782019847832586,31.867735057868106
2025-02-07,32.3091962814331,32.80676625669984,31.811626306166364
2025-02-10,32.2987419128418,32.806270030948944,31.791213794734652
2025-02-11,32.29917736053467,32.805918857666846,31.7924358634025
2025-02-12,32.255182552337644,32.84019346222037,31.670171642454918
2025-02-13,32.22338447570801,32.86927898968832,31.577489961727697
2025-02-14,32.233838844299314,32.89880700212886,31.56887068646977
2025-02-17,32.25039138793945,32.95701526026638,31.543767515612526
2025-02-18,32.29656410217285,33.171238618458936,31.421889585886767
2025-02-19,32.35536880493164,33.37980118220011,31.330936427663175
2025-02-20,32.42811279296875,33.571626843174634,31.28459874276286
2025-02-21,32.504341793060306,33.70702874610924,31.301654840011373
2025-02-24,32.545287418365476,33.78681007374062,31.303764762990333
2025-02-25,32.581005573272705,33.83950846386889,31.32250268267652
2025-02-26,32.626742649078366,33.8852788263324,31.368206471824333
2025-02-27,32.59276647567749,33.893331135683304,31.292201815671678
2025-02-28,32.51610231399536,33.93218965513477,31.10001497285595
2025-03-05,32.39065151214599,34.15200105871273,30.629301965579256
2025-03-06,32.26563606262207,34.362898881245165,30.168373243998982
2025-03-07,32.168499088287355,34.466136741473825,29.870861435100885
2025-03-10,32.073975563049316,34.54126789431072,29.606683231787912
2025-03-11,31.965948486328124,34.65082268688169,29.281074285774558
2025-03-12,31.847031688690187,34.71406687594029,28.979996501440084
2025-03-13,31.742924976348878,34.722468353183984,28.76338159951377
2025-03-14,31.708948612213135,34.71045481412205,28.707442410304218
2025-03-17,31.701979160308838,34.704792492883264,28.69916582773441
2025-03-18,31.64753007888794,34.61980804751521,28.675252110260676
2025-03-19,31.58175563812256,34.50279763040028,28.66071364584484
2025-03-20,31.489410209655762,34.279795359420646,28.699025059890875
2025-03-21,31.417973136901857,34.06221243226849,28.773733841535226
2025-03-24,31.341744804382323,33.81040636167411,28.87308324709053
2025-03-25,31.28293972015381,33.5915114653273,28.974367974980318
2025-03-26,31.25114154815674,33.463491724337544,29.038791371975933
2025-03-27,31.23894500732422,33.411606931622245,29.066283083026196
2025-03-28,31.216294288635254,33.31721599092855,29.115372586341955
2025-03-31,31.240251731872558,33.38420353665113,29.096299927093987
2025-04-01,31.299927711486816,33.516297243345505,29.083558179628128
2025-04-02,31.41231050491333,33.61328166464979,29.211339345176864
2025-04-03,31.48810386657715,33.56286553924236,29.413342193911937
2025-04-04,31.484619045257567,33.568920831121225,29.40031725939391
2025-04-07,31.421893692016603,33.736744148077854,29.107043235955352
2025-04-08,31.33041944503784,34.04125452657279,28.619584363502884
2025-04-09,31.29557228088379,34.1101855313479,28.480959030419676
2025-04-10,31.15574731826782,34.473486164712675,27.838008471822967
2025-04-11,30.99675636291504,34.64858158997624,27.344931135853837
2025-04-14,30.803788948059083,34.73998719175208,26.867590704366087
2025-04-15,30.577716445922853,34.84424752770505,26.311185364140655
2025-04-16,30.352950763702392,34.880127054275526,25.825774473129258
2025-04-17,30.15139856338501,34.807207948927605,25.49558917784241
2025-04-22,29.92857789993286,34.62623302326866,25.230922776597065
2025-04-23,29.692312145233153,34.42310907273592,24.96151521773039
2025-04-24,29.43716526031494,34.133208150826675,24.74112236980321
2025-04-25,29.170789909362792,33.719828895236695,24.62175092348889
2025-04-28,28.88686180114746,33.17914633039369,24.594577271901233
2025-04-29,28.620529651641846,32.58935428651269,24.651705016771004
2025-04-30,28.34051580429077,31.970293814057253,24.710737794524288
2025-05-02,28.091005420684816,31.16121114126586,25.020799700103773
2025-05-05,27.794519233703614,30.17778440761613,25.411254059791098
2025-05-06,27.572175693511962,29.29090245563394,25.853448931389984
2025-05-07,27.419242572784423,28.672380831364844,26.166104314204002
2025-05-08,27.344732666015624,28.384771636767912,26.304693695263335
2025-05-09,27.330549907684325,28.34745364536774,26.31364617000091
2025-05-12,27.29277105331421,28.076244751587705,26.50929735504071
2025-05-13,27.366585540771485,28.364816824636378,26.368354256906592
2025-05-14,27.403573036193848,28.510132994028265,26.29701307835943
2025-05-15,27.444002437591553,28.642605246816004,26.245399628367103
2025-05-16,27.522925472259523,28.805242871264895,26.24060807325415
2025-05-19,27.600063133239747,28.93611868301693,26.264007583462565
2025-05-20,27.65630521774292,29.074043027702448,26.23856740778339
2025-05-21,27.69335346221924,29.14359977497287,26.243107149465608
2025-05-22,27.727277183532713,29.169588522995646,26.28496584406978
2025-05-23,27.770574474334715,29.193773997275038,26.347374951394393
2025-05-26,27.805391120910645,29.208494400547224,26.402287841274067
2025-05-27,27.85583028793335,29.230299049117537,26.481361526749165
2025-05-28,27.894664096832276,29.244512579635174,26.54481561402938
2025-05-29,27.950459671020507,29.193076467665037,26.707842874375977
2025-05-30,27.95447702407837,29.191536885387524,26.717417162769213
2025-06-02,28.01786079406738,29.049278466650414,26.98644312148435
2025-06-03,28.05979413986206,28.962748876509625,27.156839403214494
2025-06-04,28.057313632965087,28.972248233396254,27.14237903253392
2025-06-05,28.036545848846437,29.028421274199193,27.04467042349368
2025-06-06,28.021105003356933,29.05086233049285,26.991347676221014
2025-06-09,27.94964246749878,29.102147944979272,26.797136990018288
2025-06-10,27.89721794128418,29.003656985692558,26.7907788968758
2025-06-11,27.90059518814087,29.014997660087065,26.786192716194673
2025-06-12,27.93794479370117,29.173540251322336,26.702349336080005
2025-06-13,28.004464530944823,29.502213162132936,26.50671589975671
2025-06-16,28.05805559158325,29.706986732288094,26.40912445087841
2025-06-17,28.139410400390624,30.053736275408795,26.225084525372452
2025-06-18,28.23545503616333,30.37279077554054,26.09811929678612
2025-06-20,28.346108627319335,30.648204842533815,26.044012412104856
2025-06-23,28.41593294143677,30.762165911649042,26.069699971224495
2025-06-24,28.461252403259277,30.803987911196845,26.118516895321708
2025-06-25,28.48894844055176,30.82917446465024,26.14872241645328
2025-06-26,28.532603454589843,30.871592509497617,26.19361439968207
2025-06-27,28.573244094848633,30.893306628685554,26.25318156101171
2025-06-30,28.63687801361084,30.91223415669992,26.36152187052176
2025-07-01,28.69753532409668,30.93729961284188,26.45777103535148
2025-07-02,28.783520793914796,31.00278866342955,26.564252924400044
2025-07-03,28.91272888183594,30.988907853185427,26.83654991048645
2025-07-04,29.03963785171509,30.92516808683157,27.15410761659861
2025-07-07,29.149533843994142,30.85188281765672,27.447184870331565
2025-07-08,29.30357208251953,30.638385718012916,27.968758447026143
2025-07-09,29.407950115203857,30.497258477072403,28.31864175333531
2025-07-10,29.462668228149415,30.478973996670238,28.446362459628592
2025-07-11,29.50313205718994,30.539361533325422,28.46690258105446
2025-07-14,29.487958335876463,30.507511289450736,28.46840538230219
2025-07-15,29.47600326538086,30.494579569841232,28.45742696092049
2025-07-16,29.423124694824217,30.370515549726072,28.475733839922363
2025-07-17,29.356911373138427,30.239432077550322,28.47439066872653
2025-07-18,29.272765159606934,30.144793800838954,28.400736518374913
2025-07-21,29.229082679748537,30.15423995614259,28.303925403354484
2025-07-22,29.228162956237792,30.154947094366413,28.30137881810917
2025-07-23,29.264028549194336,30.160032217131977,28.368024881256694
2025-07-24,29.28609972000122,30.16927810640353,28.40292133359891
2025-07-25,29.32150545120239,30.161767666542243,28.48124323586254
2025-07-28,29.350933742523193,30.163621078045495,28.53824640700089
2025-07-29,29.394616222381593,30.21254204314944,28.576690401613746
2025-07-30,29.427723121643066,30.310256546058852,28.54518969722728
2025-07-31,29.449794197082518,30.36917932689018,28.530409067274856
2025-08-01,29.453932571411134,30.375741507906806,28.53212363491546
2025-08-04,29.458530616760253,30.381873783443915,28.53518745007659
2025-08-05,29.448874473571777,30.35640078557188,28.541348161571676
2025-08-06,29.45025396347046,30.359613321869073,28.540894605071845
2025-08-07,29.463588428497314,30.39281636445115,28.534360492543478
2025-08-08,29.36702718734741,30.44733666625722,28.286717708437603
2025-08-11,29.298974418640135,30.48096924625751,28.116979591022762
2025-08-12,29.2460955619812,30.504564753597386,27.987626370365014
2025-08-13,29.189998054504393,30.54672630905379,27.833269799954998
2025-08-14,29.130681800842286,30.629571844634928,27.631791757049644
2025-08-15,29.09297685623169,30.69324565363809,27.49270805882529
2025-08-18,29.06124963760376,30.730156202315943,27.392343072891574
2025-08-19,29.001013851165773,30.787799911338663,27.214227790992883
2025-08-20,28.91962652206421,30.773285696692252,27.065967347436168
2025-08-21,28.84375705718994,30.742936510110194,26.944577604269686
2025-08-22,28.806109809875487,30.687816293889014,26.92440332586196
2025-08-25,28.775087547302245,30.632638089975057,26.917537004629434
2025-08-26,28.714407634735107,30.50453844985028,26.924276819619934
2025-08-27,28.649369335174562,30.311960273055227,26.986778397293897
2025-08-28,28.603005599975585,30.15294430311617,27.053066896835002
2025-08-29,28.58440809249878,30.091226967785115,27.077589217212445
2025-09-01,28.57140130996704,30.046359451734055,27.096443168200025
2025-09-02,28.559021091461183,29.99732501216145,27.120717170760916
2025-09-03,28.53210515975952,29.89471883865357,27.16949148086547
2025-09-04,28.496912574768068,29.740211190179814,27.253613959356322
2025-09-05,28.531581306457518,29.764121834345634,27.299040778569402
2025-09-08,28.563156509399413,29.79779192825724,27.328521090541585
2025-09-09,28.602339267730713,29.85471374566955,27.349964789791876
2025-09-10,28.678431510925293,29.98921692140344,27.367646100447146
2025-09-11,28.766813659667967,30.053429788425856,27.48019753091008
2025-09-12,28.84578056335449,30.060244697994683,27.6313164287143
2025-09-15,28.92870750427246,30.102829764415812,27.754585244129107
2025-09-16,29.030110549926757,30.073427141268162,27.986793958585352
2025-09-17,29.132171630859375,30.05794901953395,28.2063942421848
2025-09-18,29.216436195373536,29.937037092678445,28.495835298068627
2025-09-19,29.24418067932129,29.91507866504561,28.57328269359697
2025-09-22,29.278038501739502,29.9281298898889,28.627947113590103
2025-09-23,29.347164726257326,29.9963077249171,28.698021727597553
2025-09-24,29.439333152770995,30.278311174695876,28.600355130846115
2025-09-25,29.50657844543457,30.437985586385118,28.575171304484023
2025-09-26,29.560656833648682,30.55279469198782,28.568518975309544
2025-09-29,29.590752601623535,30.588042263682475,28.593462939564596
2025-09-30,29.596865844726562,30.592424456238003,28.60130723321512
2025-10-01,29.611913776397706,30.591938438892118,28.631889113903295
2025-10-02,29.612854290008546,30.591296738839596,28.634411841177496
2025-10-03,29.632134437561035,30.55419404123975,28.71007483388232
2025-10-06,29.632604789733886,30.553062636056723,28.71214694341105
2025-10-07,29.62696180343628,30.56221896340331,28.69170464346925
2025-10-08,29.58652057647705,30.58793096914932,28.58511018380478
2025-10-09,29.53103141784668,30.6620709163947,28.39999191929866
2025-10-10,29.47272071838379,30.758267148445185,28.187174288322396
2025-10-13,29.41535053253174,30.78093451503771,28.04976655002577
2025-10-14,29.344343185424805,30.802294007208012,27.886392363641598
2025-10-15,29.251704502105714,30.81099503812062,27.692413966090808
2025-10-16,29.15953607559204,30.858512986012638,27.460559165171443
2025-10-17,29.096993350982665,30.877992834555045,27.315993867410285
2025-10-20,29.020813274383546,30.85809023198675,27.18353631678034
2025-10-21,28.908424377441406,30.76791348967221,27.048935265210602
2025-10-22,28.778166103363038,30.47316394982989,27.083168256896187
2025-10-23,28.67612257003784,30.18703098083689,27.16521415923879
2025-10-24,28.562793064117432,29.878493316013703,27.24709281222116
2025-10-27,28.477678489685058,29.635227220336994,27.320129759033122
2025-10-28,28.408552169799805,29.44580764875739,27.371296690842218
2025-10-29,28.34459857940674,29.24374395063597,27.445453208177508
2025-10-30,28.28863916397095,29.089569170645028,27.48770915729687
2025-10-31,28.229858303070067,28.929077733855245,27.53063887228489
2025-11-03,28.200702953338624,28.82867648366928,27.572729423007967
2025-11-04,28.173428535461426,28.694324012537713,27.65253305838514
2025-11-05,28.18283348083496,28.757378638132906,27.608288323537018
2025-11-06,28.2204532623291,28.938799147057274,27.50210737760093
2025-11-07,28.325788593292238,29.48708213935523,27.164495047229245
2025-11-10,28.425951194763183,29.922632171997495,26.92927021752887
2025-11-11,28.575489807128907,30.521459975175386,26.629519639082428
2025-11-12,28.69775390625,30.788028139135665,26.607479673364335
2025-11-13,28.840709114074706,31.031610502197537,26.649807725951874
2025-11-14,28.980372428894043,31.288128180634235,26.67261667715385
2025-11-17,29.127559661865234,31.539725038177394,26.715394285553074
2025-11-18,29.291205501556398,31.754543589985108,26.827867413127688
2025-11-19,29.430868721008302,31.920170335992644,26.94156710602396
2025-11-21,29.54278745651245,32.03698051408153,27.048594398943376
2025-11-24,29.669754123687746,32.10488996348866,27.234618283886835
2025-11-25,29.776970291137694,32.129815915017495,27.42412466725789
2025-11-26,29.88230562210083,32.1249585214252,27.63965272277646
2025-11-27,29.99422435760498,32.11028517716172,27.87816353804824
2025-11-28,30.083571434020996,32.00702693890404,28.16011592913795
2025-12-01,30.182323265075684,31.83467200183134,28.52997452832003
2025-12-02,30.274961948394775,31.673279615144164,28.876644281645387
2025-12-03,30.371832942962648,31.475115717961344,29.26855016796395
2025-12-04,30.450364208221437,31.351919362682295,29.54880905376058
2025-12-05,30.467293167114256,31.27503466043731,29.659551673791203
2025-12-08,30.44284029006958,31.30418797478758,29.581492605351578
2025-12-09,30.41932792663574,31.306921470633185,29.531734382638298
2025-12-10,30.360076713562012,31.176768825606896,29.54338460151713
2025-12-11,30.315873622894287,31.20982210420746,29.421925141581113
2025-12-12,30.273551273345948,31.199093630378208,29.348008916313688
2025-12-15,30.226526546478272,31.144797078784134,29.30825601417241
2025-12-16,30.125893688201906,31.156814278580992,29.09497309782282
2025-12-17,30.036076545715332,31.04933705772684,29.022816033703823
2025-12-18,29.94578914642334,30.969056762628938,28.922521530217743
2025-12-19,29.87243061065674,30.8989577227866,28.845903498526877
2025-12-22,29.804715061187743,30.806520223075413,28.802909899300072
2025-12-23,29.757090759277343,30.738269299336757,28.77591221921793
2025-12-26,29.716668605804443,30.667720723303734,28.765616488305152
2025-12-29,29.683775424957275,30.567989999071376,28.799560850843175
2025-12-30,29.683933067321778,30.568309786171618,28.79955634847194
