Data,Trend,Upper_Level,Lower_Level,Mid_Level,Count_Up,Count_Dn,Signal
2021-07-05,1.0,8.23,8.0,8.115,1,0,1
2021-07-06,1.0,8.23,7.81,8.02,1,1,0
2021-07-07,1.0,8.23,7.73,7.98,1,2,0
2021-07-08,1.0,8.23,7.69,7.960000000000001,1,3,0
2021-07-12,1.0,8.23,7.69,7.960000000000001,1,4,0
2021-07-13,1.0,8.23,7.69,7.960000000000001,1,5,0
2021-07-14,1.0,8.23,7.69,7.960000000000001,1,6,0
2021-07-15,1.0,8.23,7.59,7.91,1,7,0
2021-07-16,1.0,8.23,7.5,7.865,1,8,0
2021-07-19,1.0,8.23,7.3,7.765000000000001,1,9,0
2021-07-20,1.0,8.23,7.3,7.765000000000001,1,10,0
2021-07-21,1.0,8.23,7.3,7.765000000000001,1,11,0
2021-07-22,1.0,8.23,7.3,7.765000000000001,1,12,0
2021-07-23,1.0,8.23,7.3,7.765000000000001,1,13,0
2021-07-26,1.0,8.23,7.3,7.765000000000001,1,14,0
2021-07-27,1.0,8.23,7.3,7.765000000000001,1,15,0
2021-07-28,1.0,8.23,7.3,7.765000000000001,2,15,0
2021-07-29,1.0,8.23,7.3,7.765000000000001,3,15,0
2021-07-30,1.0,8.23,7.3,7.765000000000001,3,16,0
2021-08-02,1.0,8.23,7.3,7.765000000000001,3,17,0
2021-08-03,1.0,8.23,7.28,7.755000000000001,3,18,0
2021-08-04,1.0,8.23,7.28,7.755000000000001,3,19,0
2021-08-05,1.0,8.23,7.28,7.755000000000001,4,19,0
2021-08-06,1.0,8.23,7.28,7.755000000000001,5,19,0
2021-08-09,1.0,8.23,7.28,7.755000000000001,6,19,0
2021-08-10,1.0,8.23,7.28,7.755000000000001,7,19,0
2021-08-11,1.0,8.23,7.28,7.755000000000001,8,19,0
2021-08-12,1.0,8.23,7.28,7.755000000000001,9,19,0
2021-08-13,1.0,8.35,7.28,7.8149999999999995,10,19,0
2021-08-16,1.0,8.35,7.28,7.8149999999999995,11,19,0
2021-08-17,1.0,8.35,7.28,7.8149999999999995,12,19,0
2021-08-18,1.0,8.35,7.28,7.8149999999999995,13,19,0
2021-08-19,1.0,8.35,7.28,7.8149999999999995,14,19,0
2021-08-20,1.0,8.35,7.28,7.8149999999999995,15,19,0
2021-08-23,1.0,8.35,7.28,7.8149999999999995,16,19,0
2021-08-24,1.0,8.35,7.28,7.8149999999999995,17,19,0
2021-08-25,1.0,8.35,7.28,7.8149999999999995,18,19,0
2021-08-26,1.0,8.35,7.28,7.8149999999999995,19,19,0
2021-08-27,1.0,8.52,7.28,7.9,20,19,0
2021-08-30,1.0,8.58,7.28,7.93,21,19,0
2021-08-31,1.0,8.58,7.28,7.93,22,19,0
2021-09-01,1.0,8.58,7.28,7.93,23,19,0
2021-09-02,1.0,8.58,7.28,7.93,24,19,0
2021-09-03,1.0,8.58,7.28,7.93,24,20,0
2021-09-06,1.0,8.58,7.28,7.93,24,21,0
2021-09-08,1.0,8.58,7.28,7.93,24,22,0
2021-09-09,-1.0,7.74,7.22,7.48,1,0,-1
2021-09-10,-1.0,7.81,7.22,7.515,2,0,0
2021-09-13,-1.0,7.89,7.22,7.555,3,0,0
2021-09-14,-1.0,7.89,7.22,7.555,4,0,0
2021-09-15,-1.0,7.91,7.22,7.5649999999999995,5,0,0
2021-09-16,-1.0,7.91,7.22,7.5649999999999995,6,0,0
2021-09-17,-1.0,7.91,7.22,7.5649999999999995,6,1,0
2021-09-20,-1.0,7.91,7.11,7.51,6,2,0
2021-09-21,-1.0,7.91,7.11,7.51,7,2,0
2021-09-22,-1.0,7.91,7.11,7.51,8,2,0
2021-09-23,-1.0,8.06,7.11,7.585000000000001,9,2,0
2021-09-24,-1.0,8.09,7.11,7.6,10,2,0
2021-09-27,-1.0,8.21,7.11,7.66,11,2,0
2021-09-28,-1.0,8.34,7.11,7.725,12,2,0
2021-09-29,-1.0,8.34,7.11,7.725,13,2,0
2021-09-30,-1.0,8.34,7.11,7.725,14,2,0
2021-10-01,-1.0,8.37,7.11,7.74,15,2,0
2021-10-04,1.0,8.61,8.29,8.45,1,0,1
2021-10-05,1.0,8.81,8.29,8.55,2,0,0
2021-10-06,1.0,8.81,8.29,8.55,3,0,0
2021-10-07,1.0,8.81,8.29,8.55,3,0,0
2021-10-08,1.0,8.85,8.29,8.57,4,0,0
2021-10-11,1.0,8.92,8.29,8.605,5,0,0
2021-10-13,1.0,8.92,8.29,8.605,6,0,0
2021-10-14,1.0,9.03,8.29,8.66,7,0,0
2021-10-15,1.0,9.03,8.29,8.66,8,0,0
2021-10-18,1.0,9.03,8.29,8.66,9,0,0
2021-10-19,1.0,9.03,8.29,8.66,9,1,0
2021-10-20,1.0,9.03,8.29,8.66,9,2,0
2021-10-21,1.0,9.03,8.05,8.54,9,3,0
2021-10-22,1.0,9.03,7.7,8.365,9,4,0
2021-10-25,1.0,9.03,7.7,8.365,10,4,0
2021-10-26,1.0,9.03,7.7,8.365,11,4,0
2021-10-27,1.0,9.03,7.7,8.365,12,4,0
2021-10-28,1.0,9.03,7.7,8.365,13,4,0
2021-10-29,1.0,9.03,7.7,8.365,13,5,0
2021-11-01,1.0,9.03,7.7,8.365,14,5,0
2021-11-03,1.0,9.03,7.7,8.365,14,6,0
2021-11-04,1.0,9.03,7.7,8.365,14,7,0
2021-11-05,1.0,9.03,7.7,8.365,14,8,0
2021-11-08,-1.0,7.97,7.69,7.83,0,1,-1
2021-11-09,-1.0,8.06,7.69,7.875,1,1,0
2021-11-10,-1.0,8.06,7.69,7.875,2,1,0
2021-11-11,-1.0,8.06,7.69,7.875,3,1,0
2021-11-12,-1.0,8.12,7.69,7.904999999999999,4,1,0
2021-11-16,-1.0,8.24,7.69,7.965,5,1,0
2021-11-17,-1.0,8.24,7.69,7.965,5,2,0
2021-11-18,-1.0,8.24,7.69,7.965,5,3,0
2021-11-19,-1.0,8.24,7.69,7.965,5,4,0
2021-11-22,-1.0,8.24,7.69,7.965,5,5,0
2021-11-23,-1.0,8.38,7.69,8.035,6,5,0
2021-11-24,-1.0,8.5,7.69,8.095,7,5,0
2021-11-25,-1.0,8.9,7.69,8.295,8,5,0
2021-11-26,-1.0,8.9,7.69,8.295,9,5,0
2021-11-29,-1.0,8.91,7.69,8.3,10,5,0
2021-11-30,-1.0,8.91,7.69,8.3,11,5,0
2021-12-01,1.0,9.17,8.81,8.99,0,1,1
2021-12-02,1.0,9.51,8.75,9.129999999999999,1,1,0
2021-12-03,1.0,9.66,8.75,9.205,2,1,0
2021-12-06,1.0,9.77,8.75,9.26,3,1,0
2021-12-07,1.0,9.87,8.75,9.309999999999999,4,1,0
2021-12-08,1.0,10.04,8.75,9.395,5,1,0
2021-12-09,1.0,10.04,8.75,9.395,6,1,0
2021-12-10,1.0,10.05,8.75,9.4,7,1,0
2021-12-13,1.0,10.05,8.75,9.4,8,1,0
2021-12-14,1.0,10.05,8.75,9.4,9,1,0
2021-12-15,1.0,10.05,8.75,9.4,10,1,0
2021-12-16,1.0,10.05,8.75,9.4,11,1,0
2021-12-17,1.0,10.05,8.75,9.4,12,1,0
2021-12-20,1.0,10.05,8.75,9.4,12,1,0
2021-12-21,1.0,10.05,8.75,9.4,13,1,0
2021-12-22,1.0,10.05,8.75,9.4,13,1,0
2021-12-23,1.0,10.05,8.75,9.4,14,1,0
2021-12-27,1.0,10.05,8.75,9.4,15,1,0
2021-12-28,1.0,10.05,8.75,9.4,16,1,0
2021-12-29,1.0,10.05,8.75,9.4,17,1,0
2021-12-30,1.0,10.05,8.75,9.4,18,1,0
2022-01-03,1.0,10.05,8.75,9.4,19,1,0
2022-01-04,1.0,10.05,8.75,9.4,20,1,0
2022-01-05,1.0,10.05,8.75,9.4,20,2,0
2022-01-06,1.0,10.05,8.75,9.4,20,3,0
2022-01-07,1.0,10.05,8.75,9.4,21,3,0
2022-01-10,1.0,10.05,8.75,9.4,21,4,0
2022-01-11,1.0,10.05,8.75,9.4,22,4,0
2022-01-12,1.0,10.05,8.75,9.4,23,4,0
2022-01-13,1.0,10.22,8.75,9.485,24,4,0
2022-01-14,1.0,10.55,8.75,9.65,25,4,0
2022-01-17,1.0,10.62,8.75,9.684999999999999,26,4,0
2022-01-18,1.0,10.67,8.75,9.71,27,4,0
2022-01-19,1.0,10.75,8.75,9.75,28,4,0
2022-01-20,1.0,10.75,8.75,9.75,29,4,0
2022-01-21,1.0,10.75,8.75,9.75,30,4,0
2022-01-24,1.0,10.76,8.75,9.754999999999999,31,4,0
2022-01-25,1.0,11.09,8.75,9.92,32,4,0
2022-01-26,1.0,11.44,8.75,10.094999999999999,33,4,0
2022-01-27,1.0,11.56,8.75,10.155000000000001,34,4,0
2022-01-28,1.0,11.56,8.75,10.155000000000001,35,4,0
2022-01-31,1.0,11.56,8.75,10.155000000000001,36,4,0
2022-02-01,1.0,11.56,8.75,10.155000000000001,37,4,0
2022-02-02,1.0,11.56,8.75,10.155000000000001,38,4,0
2022-02-03,1.0,11.56,8.75,10.155000000000001,39,4,0
2022-02-04,1.0,11.56,8.75,10.155000000000001,40,4,0
2022-02-07,1.0,11.56,8.75,10.155000000000001,41,4,0
2022-02-08,1.0,11.56,8.75,10.155000000000001,42,4,0
2022-02-09,1.0,11.56,8.75,10.155000000000001,43,4,0
2022-02-10,1.0,11.56,8.75,10.155000000000001,44,4,0
2022-02-11,1.0,11.56,8.75,10.155000000000001,45,4,0
2022-02-14,1.0,11.56,8.75,10.155000000000001,46,4,0
2022-02-15,1.0,11.56,8.75,10.155000000000001,47,4,0
2022-02-16,1.0,11.56,8.75,10.155000000000001,48,4,0
2022-02-17,1.0,11.56,8.75,10.155000000000001,49,4,0
2022-02-18,1.0,11.56,8.75,10.155000000000001,50,4,0
2022-02-21,1.0,11.56,8.75,10.155000000000001,51,4,0
2022-02-22,1.0,11.58,8.75,10.165,52,4,0
2022-02-23,1.0,11.58,8.75,10.165,53,4,0
2022-02-24,1.0,11.78,8.75,10.265,54,4,0
2022-02-25,1.0,11.78,8.75,10.265,55,4,0
2022-03-02,1.0,11.78,8.75,10.265,56,4,0
2022-03-03,1.0,11.78,8.75,10.265,57,4,0
2022-03-04,1.0,11.78,8.75,10.265,58,4,0
2022-03-07,1.0,11.78,8.75,10.265,59,4,0
2022-03-08,1.0,11.78,8.75,10.265,60,4,0
2022-03-09,1.0,11.78,8.75,10.265,61,4,0
2022-03-10,1.0,11.78,8.75,10.265,62,4,0
2022-03-11,1.0,11.78,8.75,10.265,63,4,0
2022-03-14,1.0,11.78,8.75,10.265,64,4,0
2022-03-15,-1.0,10.53,10.17,10.35,1,0,-1
2022-03-16,-1.0,10.53,10.14,10.335,1,1,0
2022-03-17,-1.0,10.53,9.85,10.19,1,2,0
2022-03-18,-1.0,10.53,9.85,10.19,2,2,0
2022-03-21,-1.0,10.71,9.85,10.280000000000001,3,2,0
2022-03-22,-1.0,10.71,9.85,10.280000000000001,4,2,0
2022-03-23,-1.0,10.84,9.85,10.344999999999999,5,2,0
2022-03-24,-1.0,10.88,9.85,10.365,6,2,0
2022-03-25,-1.0,10.88,9.85,10.365,7,2,0
2022-03-28,-1.0,10.88,9.85,10.365,8,2,0
2022-03-29,-1.0,10.94,9.85,10.395,9,2,0
2022-03-30,-1.0,11.01,9.85,10.43,10,2,0
2022-03-31,-1.0,11.21,9.85,10.530000000000001,11,2,0
2022-04-01,-1.0,11.28,9.85,10.565,12,2,0
2022-04-04,-1.0,11.28,9.85,10.565,13,2,0
2022-04-05,-1.0,11.28,9.85,10.565,14,2,0
2022-04-06,-1.0,11.28,9.85,10.565,15,2,0
2022-04-07,-1.0,11.37,9.85,10.61,16,2,0
2022-04-08,-1.0,11.49,9.85,10.67,17,2,0
2022-04-11,-1.0,11.49,9.85,10.67,18,2,0
2022-04-12,-1.0,11.58,9.85,10.715,19,2,0
2022-04-13,-1.0,11.62,9.85,10.735,20,2,0
2022-04-14,1.0,11.69,11.36,11.524999999999999,0,1,1
2022-04-18,1.0,11.69,11.11,11.399999999999999,0,2,0
2022-04-19,1.0,11.69,11.11,11.399999999999999,1,2,0
2022-04-20,1.0,11.69,11.11,11.399999999999999,2,2,0
2022-04-22,1.0,11.69,11.06,11.375,2,3,0
2022-04-25,1.0,11.69,10.77,11.23,2,4,0
2022-04-26,1.0,11.69,10.77,11.23,2,5,0
2022-04-27,1.0,11.69,10.77,11.23,2,6,0
2022-04-28,1.0,11.69,10.77,11.23,2,7,0
2022-04-29,1.0,11.69,10.77,11.23,2,8,0
2022-05-02,1.0,11.69,10.69,11.19,2,9,0
2022-05-03,1.0,11.69,10.69,11.19,2,10,0
2022-05-04,1.0,11.73,10.69,11.21,3,10,0
2022-05-05,1.0,11.85,10.69,11.27,4,10,0
2022-05-06,1.0,12.08,10.69,11.385,5,10,0
2022-05-09,1.0,12.08,10.69,11.385,6,10,0
2022-05-10,1.0,12.08,10.69,11.385,7,10,0
2022-05-11,1.0,12.36,10.69,11.524999999999999,8,10,0
2022-05-12,1.0,12.43,10.69,11.559999999999999,9,10,0
2022-05-13,1.0,12.56,10.69,11.625,10,10,0
2022-05-16,1.0,12.72,10.69,11.705,11,10,0
2022-05-17,1.0,12.81,10.69,11.75,12,10,0
2022-05-18,1.0,12.81,10.69,11.75,13,10,0
2022-05-19,1.0,12.81,10.69,11.75,14,10,0
2022-05-20,1.0,12.81,10.69,11.75,15,10,0
2022-05-23,1.0,13.24,10.69,11.965,16,10,0
2022-05-24,1.0,13.24,10.69,11.965,17,10,0
2022-05-25,1.0,13.24,10.69,11.965,18,10,0
2022-05-26,1.0,13.24,10.69,11.965,19,10,0
2022-05-27,1.0,13.24,10.69,11.965,20,10,0
2022-05-30,1.0,13.24,10.69,11.965,21,10,0
2022-05-31,1.0,13.24,10.69,11.965,22,10,0
2022-06-01,1.0,13.24,10.69,11.965,23,10,0
2022-06-02,1.0,13.24,10.69,11.965,24,10,0
2022-06-03,1.0,13.24,10.69,11.965,25,10,0
2022-06-06,1.0,13.24,10.69,11.965,26,10,0
2022-06-07,1.0,13.24,10.69,11.965,27,10,0
2022-06-08,1.0,13.24,10.69,11.965,28,10,0
2022-06-09,1.0,13.24,10.69,11.965,29,10,0
2022-06-10,1.0,13.24,10.69,11.965,30,10,0
2022-06-13,1.0,13.24,10.69,11.965,30,11,0
2022-06-14,1.0,13.24,10.69,11.965,31,11,0
2022-06-15,1.0,13.24,10.69,11.965,31,12,0
2022-06-17,-1.0,11.54,10.6,11.07,1,0,-1
2022-06-20,-1.0,11.54,10.51,11.024999999999999,2,0,0
2022-06-21,-1.0,11.54,10.51,11.024999999999999,2,1,0
2022-06-22,-1.0,11.54,10.51,11.024999999999999,2,2,0
2022-06-23,-1.0,11.54,10.51,11.024999999999999,2,3,0
2022-06-24,-1.0,11.54,10.51,11.024999999999999,2,4,0
2022-06-27,-1.0,11.54,10.51,11.024999999999999,3,4,0
2022-06-28,-1.0,11.69,10.51,11.1,4,4,0
2022-06-29,-1.0,11.69,10.51,11.1,5,4,0
2022-06-30,-1.0,11.69,10.51,11.1,6,4,0
2022-07-01,-1.0,11.7,10.51,11.105,7,4,0
2022-07-04,-1.0,11.87,10.51,11.19,8,4,0
2022-07-05,-1.0,11.87,10.51,11.19,9,4,0
2022-07-06,-1.0,11.87,10.51,11.19,10,4,0
2022-07-07,-1.0,11.87,10.51,11.19,11,4,0
2022-07-08,-1.0,11.87,10.51,11.19,12,4,0
2022-07-11,-1.0,11.87,10.51,11.19,13,4,0
2022-07-12,-1.0,11.87,10.51,11.19,14,4,0
2022-07-13,-1.0,11.87,10.51,11.19,15,4,0
2022-07-14,-1.0,11.87,10.51,11.19,15,5,0
2022-07-15,-1.0,11.87,10.51,11.19,16,5,0
2022-07-18,-1.0,11.87,10.51,11.19,17,5,0
2022-07-19,-1.0,11.87,10.51,11.19,18,5,0
2022-07-20,-1.0,11.87,10.51,11.19,19,5,0
2022-07-21,-1.0,11.87,10.51,11.19,20,5,0
2022-07-22,-1.0,11.95,10.51,11.23,21,5,0
2022-07-25,1.0,12.47,12.01,12.24,1,0,1
2022-07-26,1.0,12.82,12.01,12.415,2,0,0
2022-07-27,1.0,12.82,12.01,12.415,3,0,0
2022-07-28,1.0,13.23,12.01,12.620000000000001,4,0,0
2022-07-29,1.0,14.06,12.01,13.035,5,0,0
2022-08-01,1.0,14.06,12.01,13.035,6,0,0
2022-08-02,1.0,14.06,12.01,13.035,7,0,0
2022-08-03,1.0,14.06,12.01,13.035,8,0,0
2022-08-04,1.0,14.06,12.01,13.035,9,0,0
2022-08-05,1.0,14.22,12.01,13.115,10,0,0
2022-08-08,1.0,14.91,12.01,13.46,11,0,0
2022-08-09,1.0,15.19,12.01,13.6,12,0,0
2022-08-10,1.0,15.27,12.01,13.64,13,0,0
2022-08-11,1.0,15.35,12.01,13.68,14,0,0
2022-08-12,1.0,15.82,12.01,13.915,15,0,0
2022-08-15,1.0,16.02,12.01,14.015,16,0,0
2022-08-16,1.0,16.02,12.01,14.015,17,0,0
2022-08-17,1.0,16.31,12.01,14.16,18,0,0
2022-08-18,1.0,16.73,12.01,14.370000000000001,19,0,0
2022-08-19,1.0,16.73,12.01,14.370000000000001,20,0,0
2022-08-22,1.0,16.73,12.01,14.370000000000001,21,0,0
2022-08-23,1.0,16.73,12.01,14.370000000000001,22,0,0
2022-08-24,1.0,16.96,12.01,14.485,23,0,0
2022-08-25,1.0,17.08,12.01,14.544999999999998,24,0,0
2022-08-26,1.0,17.08,12.01,14.544999999999998,25,0,0
2022-08-29,1.0,17.43,12.01,14.719999999999999,26,0,0
2022-08-30,1.0,17.43,12.01,14.719999999999999,27,0,0
2022-08-31,1.0,17.43,12.01,14.719999999999999,28,0,0
2022-09-01,1.0,17.43,12.01,14.719999999999999,29,0,0
2022-09-02,1.0,17.43,12.01,14.719999999999999,30,0,0
2022-09-05,1.0,17.43,12.01,14.719999999999999,31,0,0
2022-09-06,1.0,17.43,12.01,14.719999999999999,32,0,0
2022-09-08,1.0,17.43,12.01,14.719999999999999,33,0,0
2022-09-09,1.0,17.43,12.01,14.719999999999999,34,0,0
2022-09-12,1.0,17.43,12.01,14.719999999999999,35,0,0
2022-09-13,1.0,17.43,12.01,14.719999999999999,36,0,0
2022-09-14,1.0,17.43,12.01,14.719999999999999,37,0,0
2022-09-15,1.0,17.43,12.01,14.719999999999999,38,0,0
2022-09-16,1.0,17.43,12.01,14.719999999999999,39,0,0
2022-09-19,1.0,17.43,12.01,14.719999999999999,40,0,0
2022-09-20,1.0,17.43,12.01,14.719999999999999,41,0,0
2022-09-21,1.0,17.43,12.01,14.719999999999999,42,0,0
2022-09-22,1.0,17.43,12.01,14.719999999999999,43,0,0
2022-09-23,1.0,17.43,12.01,14.719999999999999,44,0,0
2022-09-26,-1.0,14.95,14.52,14.735,0,1,-1
2022-09-27,-1.0,15.01,14.52,14.765,0,2,0
2022-09-28,-1.0,15.01,14.2,14.605,0,3,0
2022-09-29,-1.0,15.01,14.2,14.605,0,4,0
2022-09-30,-1.0,15.15,14.2,14.675,1,4,0
2022-10-03,-1.0,16.22,14.2,15.209999999999999,2,4,0
2022-10-04,-1.0,16.39,14.2,15.295,3,4,0
2022-10-05,-1.0,16.39,14.2,15.295,4,4,0
2022-10-06,-1.0,16.79,14.2,15.495,5,4,0
2022-10-07,-1.0,17.06,14.2,15.629999999999999,6,4,0
2022-10-10,-1.0,17.06,14.2,15.629999999999999,7,4,0
2022-10-11,-1.0,17.06,14.2,15.629999999999999,8,4,0
2022-10-13,-1.0,17.14,14.2,15.67,9,4,0
2022-10-14,-1.0,17.14,14.2,15.67,10,4,0
2022-10-17,-1.0,17.14,14.2,15.67,11,4,0
2022-10-18,-1.0,17.14,14.2,15.67,12,4,0
2022-10-19,1.0,17.67,16.91,17.29,1,0,1
2022-10-20,1.0,18.16,16.91,17.535,2,0,0
2022-10-21,1.0,19.08,16.91,17.994999999999997,3,0,0
2022-10-24,1.0,19.08,16.91,17.994999999999997,3,1,0
2022-10-25,1.0,19.08,16.5,17.79,3,2,0
2022-10-26,1.0,19.08,15.85,17.465,3,3,0
2022-10-27,1.0,19.08,15.85,17.465,3,4,0
2022-10-28,1.0,19.08,15.83,17.455,3,5,0
2022-10-31,1.0,19.08,14.49,16.785,3,6,0
2022-11-01,1.0,19.08,14.49,16.785,3,7,0
2022-11-03,1.0,19.08,14.49,16.785,3,8,0
2022-11-04,-1.0,15.36,14.0,14.68,0,1,-1
2022-11-07,-1.0,15.36,13.45,14.405,0,2,0
2022-11-08,-1.0,15.36,13.29,14.325,0,3,0
2022-11-09,-1.0,15.36,13.24,14.3,0,4,0
2022-11-10,-1.0,15.36,12.73,14.045,0,5,0
2022-11-11,-1.0,15.36,12.73,14.045,0,6,0
2022-11-14,-1.0,15.36,12.73,14.045,0,7,0
2022-11-16,-1.0,15.36,12.73,14.045,0,8,0
2022-11-17,-1.0,15.36,12.73,14.045,0,9,0
2022-11-18,-1.0,15.36,12.73,14.045,0,10,0
2022-11-21,-1.0,15.36,12.73,14.045,0,11,0
2022-11-22,-1.0,15.36,12.62,13.989999999999998,0,12,0
2022-11-23,-1.0,15.36,12.62,13.989999999999998,0,13,0
2022-11-24,-1.0,15.36,12.62,13.989999999999998,0,14,0
2022-11-25,-1.0,15.36,12.62,13.989999999999998,0,15,0
2022-11-28,-1.0,15.36,12.62,13.989999999999998,0,16,0
2022-11-29,-1.0,15.36,12.62,13.989999999999998,1,16,0
2022-11-30,-1.0,15.36,12.62,13.989999999999998,2,16,0
2022-12-01,-1.0,15.36,12.62,13.989999999999998,3,16,0
2022-12-02,-1.0,15.36,12.62,13.989999999999998,4,16,0
2022-12-05,-1.0,15.36,12.62,13.989999999999998,5,16,0
2022-12-06,-1.0,15.36,12.62,13.989999999999998,6,16,0
2022-12-07,-1.0,15.36,12.62,13.989999999999998,7,16,0
2022-12-08,-1.0,15.36,12.62,13.989999999999998,8,16,0
2022-12-09,-1.0,15.36,12.62,13.989999999999998,8,17,0
2022-12-12,-1.0,15.36,12.62,13.989999999999998,8,18,0
2022-12-13,-1.0,15.36,12.62,13.989999999999998,8,19,0
2022-12-14,-1.0,15.36,11.75,13.555,8,20,0
2022-12-15,-1.0,15.36,11.75,13.555,8,21,0
2022-12-16,-1.0,15.36,11.75,13.555,8,22,0
2022-12-19,-1.0,15.36,11.75,13.555,8,23,0
2022-12-20,-1.0,15.36,11.75,13.555,8,24,0
2022-12-21,-1.0,15.36,11.75,13.555,8,25,0
2022-12-22,-1.0,15.36,11.75,13.555,9,25,0
2022-12-23,-1.0,15.36,11.75,13.555,10,25,0
2022-12-26,-1.0,15.36,11.75,13.555,11,25,0
2022-12-27,-1.0,15.36,11.75,13.555,12,25,0
2022-12-28,-1.0,15.36,11.75,13.555,13,25,0
2022-12-29,-1.0,15.36,11.75,13.555,14,25,0
2023-01-02,-1.0,15.36,11.75,13.555,14,26,0
2023-01-03,-1.0,15.36,11.75,13.555,14,27,0
2023-01-04,-1.0,15.36,11.75,13.555,14,28,0
2023-01-05,-1.0,15.36,11.75,13.555,14,29,0
2023-01-06,-1.0,15.36,11.75,13.555,14,30,0
2023-01-09,-1.0,15.36,11.75,13.555,14,31,0
2023-01-10,-1.0,15.36,11.75,13.555,15,31,0
2023-01-11,-1.0,15.36,11.75,13.555,16,31,0
2023-01-12,-1.0,15.36,11.75,13.555,17,31,0
2023-01-13,-1.0,15.36,11.75,13.555,18,31,0
2023-01-16,-1.0,15.36,11.75,13.555,19,31,0
2023-01-17,-1.0,15.36,11.75,13.555,20,31,0
2023-01-18,-1.0,15.36,11.75,13.555,21,31,0
2023-01-19,-1.0,15.36,11.75,13.555,22,31,0
2023-01-20,1.0,15.05,14.38,14.715,1,0,1
2023-01-23,1.0,15.62,14.38,15.0,2,0,0
2023-01-24,1.0,15.62,14.38,15.0,3,0,0
2023-01-25,1.0,15.62,14.38,15.0,4,0,0
2023-01-26,1.0,15.62,14.38,15.0,4,1,0
2023-01-27,1.0,15.62,14.38,15.0,4,2,0
2023-01-30,1.0,15.62,14.38,15.0,4,3,0
2023-01-31,1.0,15.62,14.38,15.0,4,4,0
2023-02-01,1.0,15.62,14.38,15.0,4,5,0
2023-02-02,1.0,15.62,13.82,14.719999999999999,4,6,0
2023-02-03,1.0,15.62,13.82,14.719999999999999,4,7,0
2023-02-06,1.0,15.62,13.82,14.719999999999999,4,8,0
2023-02-07,1.0,15.62,13.82,14.719999999999999,4,9,0
2023-02-08,1.0,15.62,13.82,14.719999999999999,5,9,0
2023-02-09,1.0,15.62,13.82,14.719999999999999,5,10,0
2023-02-10,1.0,15.62,13.82,14.719999999999999,6,10,0
2023-02-13,1.0,15.62,13.82,14.719999999999999,7,10,0
2023-02-14,1.0,15.62,13.82,14.719999999999999,8,10,0
2023-02-15,1.0,15.62,13.82,14.719999999999999,9,10,0
2023-02-16,1.0,15.62,13.82,14.719999999999999,10,10,0
2023-02-17,1.0,15.62,13.82,14.719999999999999,11,10,0
2023-02-22,1.0,15.62,13.82,14.719999999999999,11,11,0
2023-02-23,1.0,15.62,13.82,14.719999999999999,12,11,0
2023-02-24,1.0,15.62,13.82,14.719999999999999,12,12,0
2023-02-27,1.0,15.62,13.82,14.719999999999999,13,12,0
2023-02-28,1.0,15.62,13.82,14.719999999999999,13,13,0
2023-03-01,1.0,15.62,13.69,14.655,13,14,0
2023-03-02,1.0,15.62,13.69,14.655,13,15,0
2023-03-03,1.0,15.62,13.69,14.655,13,16,0
2023-03-06,1.0,15.62,13.69,14.655,14,16,0
2023-03-07,1.0,15.62,13.69,14.655,14,17,0
2023-03-08,1.0,15.62,13.69,14.655,14,18,0
2023-03-09,1.0,15.62,13.69,14.655,14,19,0
2023-03-10,1.0,15.62,13.69,14.655,14,20,0
2023-03-13,-1.0,14.07,13.64,13.855,0,1,-1
2023-03-14,-1.0,14.07,13.35,13.71,0,2,0
2023-03-15,-1.0,14.07,12.9,13.485,0,3,0
2023-03-16,-1.0,14.07,12.9,13.485,0,4,0
2023-03-17,-1.0,14.07,12.9,13.485,0,5,0
2023-03-20,-1.0,14.07,12.9,13.485,0,6,0
2023-03-21,-1.0,14.07,12.9,13.485,0,7,0
2023-03-22,-1.0,14.07,12.9,13.485,0,8,0
2023-03-23,-1.0,14.07,12.78,13.425,0,9,0
2023-03-24,-1.0,14.07,12.72,13.395,0,10,0
2023-03-27,-1.0,14.07,12.72,13.395,0,11,0
2023-03-28,-1.0,14.07,12.72,13.395,0,12,0
2023-03-29,-1.0,14.07,12.72,13.395,1,12,0
2023-03-30,-1.0,14.07,12.72,13.395,2,12,0
2023-03-31,-1.0,14.07,12.72,13.395,2,13,0
2023-04-03,-1.0,14.07,12.72,13.395,3,13,0
2023-04-04,-1.0,14.07,12.72,13.395,4,13,0
2023-04-05,-1.0,14.07,12.72,13.395,5,13,0
2023-04-06,-1.0,14.07,12.72,13.395,6,13,0
2023-04-10,-1.0,14.07,12.72,13.395,7,13,0
2023-04-11,-1.0,14.54,12.72,13.629999999999999,8,13,0
2023-04-12,-1.0,14.8,12.72,13.760000000000002,9,13,0
2023-04-13,-1.0,14.8,12.72,13.760000000000002,10,13,0
2023-04-14,1.0,14.94,14.55,14.745000000000001,1,0,1
2023-04-17,1.0,15.16,14.55,14.855,2,0,0
2023-04-18,1.0,15.63,14.55,15.09,3,0,0
2023-04-19,1.0,15.63,14.55,15.09,3,1,0
2023-04-20,1.0,15.63,14.55,15.09,4,1,0
2023-04-24,1.0,15.63,14.55,15.09,5,1,0
2023-04-25,1.0,15.63,14.55,15.09,6,1,0
2023-04-26,1.0,15.63,14.55,15.09,7,1,0
2023-04-27,1.0,15.63,14.55,15.09,7,2,0
2023-04-28,1.0,15.63,14.55,15.09,7,3,0
2023-05-02,1.0,15.63,14.37,15.0,7,4,0
2023-05-03,1.0,15.63,14.23,14.93,7,5,0
2023-05-04,1.0,15.63,14.23,14.93,7,6,0
2023-05-05,1.0,15.63,14.23,14.93,8,6,0
2023-05-08,1.0,15.63,14.23,14.93,9,6,0
2023-05-09,1.0,15.74,14.23,14.985,10,6,0
2023-05-10,1.0,15.75,14.23,14.99,11,6,0
2023-05-11,1.0,16.17,14.23,15.200000000000001,12,6,0
2023-05-12,1.0,16.97,14.23,15.6,13,6,0
2023-05-15,1.0,16.97,14.23,15.6,14,6,0
2023-05-16,1.0,17.16,14.23,15.695,15,6,0
2023-05-17,1.0,17.16,14.23,15.695,16,6,0
2023-05-18,1.0,17.16,14.23,15.695,17,6,0
2023-05-19,1.0,17.16,14.23,15.695,18,6,0
2023-05-22,1.0,17.16,14.23,15.695,19,6,0
2023-05-23,1.0,17.16,14.23,15.695,20,6,0
2023-05-24,1.0,17.16,14.23,15.695,21,6,0
2023-05-25,1.0,17.16,14.23,15.695,22,6,0
2023-05-26,1.0,17.16,14.23,15.695,23,6,0
2023-05-29,1.0,17.16,14.23,15.695,24,6,0
2023-05-30,1.0,17.16,14.23,15.695,25,6,0
2023-05-31,1.0,17.16,14.23,15.695,26,6,0
2023-06-01,1.0,17.16,14.23,15.695,27,6,0
2023-06-02,1.0,17.52,14.23,15.875,28,6,0
2023-06-05,1.0,17.52,14.23,15.875,29,6,0
2023-06-06,1.0,17.93,14.23,16.08,30,6,0
2023-06-07,1.0,18.45,14.23,16.34,31,6,0
2023-06-09,1.0,19.29,14.23,16.759999999999998,32,6,0
2023-06-12,1.0,19.67,14.23,16.950000000000003,33,6,0
2023-06-13,1.0,19.71,14.23,16.97,34,6,0
2023-06-14,1.0,20.29,14.23,17.259999999999998,35,6,0
2023-06-15,1.0,20.79,14.23,17.509999999999998,36,6,0
2023-06-16,1.0,20.79,14.23,17.509999999999998,37,6,0
2023-06-19,1.0,20.79,14.23,17.509999999999998,38,6,0
2023-06-20,1.0,20.79,14.23,17.509999999999998,39,6,0
2023-06-21,1.0,21.57,14.23,17.9,40,6,0
2023-06-22,1.0,21.57,14.23,17.9,41,6,0
2023-06-23,1.0,21.57,14.23,17.9,42,6,0
2023-06-26,1.0,21.57,14.23,17.9,43,6,0
2023-06-27,1.0,21.57,14.23,17.9,44,6,0
2023-06-28,1.0,21.57,14.23,17.9,45,6,0
2023-06-29,1.0,21.57,14.23,17.9,46,6,0
2023-06-30,1.0,21.57,14.23,17.9,47,6,0
2023-07-03,1.0,21.57,14.23,17.9,48,6,0
2023-07-04,1.0,21.57,14.23,17.9,49,6,0
2023-07-05,1.0,21.57,14.23,17.9,50,6,0
2023-07-06,1.0,21.57,14.23,17.9,51,6,0
2023-07-07,1.0,21.57,14.23,17.9,52,6,0
2023-07-10,1.0,21.57,14.23,17.9,53,6,0
2023-07-11,1.0,21.57,14.23,17.9,54,6,0
2023-07-12,1.0,21.57,14.23,17.9,55,6,0
2023-07-13,1.0,21.57,14.23,17.9,56,6,0
2023-07-14,1.0,21.57,14.23,17.9,57,6,0
2023-07-17,1.0,21.57,14.23,17.9,58,6,0
2023-07-18,1.0,21.57,14.23,17.9,59,6,0
2023-07-19,1.0,21.57,14.23,17.9,60,6,0
2023-07-20,1.0,21.57,14.23,17.9,61,6,0
2023-07-21,1.0,21.57,14.23,17.9,62,6,0
2023-07-24,1.0,21.57,14.23,17.9,63,6,0
2023-07-25,1.0,21.57,14.23,17.9,64,6,0
2023-07-26,1.0,21.57,14.23,17.9,65,6,0
2023-07-27,1.0,21.57,14.23,17.9,66,6,0
2023-07-28,1.0,21.57,14.23,17.9,67,6,0
2023-07-31,1.0,21.57,14.23,17.9,68,6,0
2023-08-01,1.0,21.57,14.23,17.9,69,6,0
2023-08-02,1.0,21.57,14.23,17.9,70,6,0
2023-08-03,1.0,21.57,14.23,17.9,71,6,0
2023-08-04,1.0,21.57,14.23,17.9,72,6,0
2023-08-07,1.0,21.57,14.23,17.9,73,6,0
2023-08-08,1.0,21.57,14.23,17.9,74,6,0
2023-08-09,1.0,21.57,14.23,17.9,75,6,0
2023-08-10,1.0,21.57,14.23,17.9,76,6,0
2023-08-11,1.0,21.57,14.23,17.9,77,6,0
2023-08-14,1.0,21.57,14.23,17.9,78,6,0
2023-08-15,1.0,21.67,14.23,17.950000000000003,79,6,0
2023-08-16,1.0,21.67,14.23,17.950000000000003,80,6,0
2023-08-17,1.0,21.7,14.23,17.965,81,6,0
2023-08-18,1.0,21.7,14.23,17.965,82,6,0
2023-08-21,1.0,21.7,14.23,17.965,83,6,0
2023-08-22,1.0,21.7,14.23,17.965,84,6,0
2023-08-23,1.0,22.52,14.23,18.375,85,6,0
2023-08-24,1.0,22.85,14.23,18.54,86,6,0
2023-08-25,1.0,22.85,14.23,18.54,87,6,0
2023-08-28,1.0,22.85,14.23,18.54,88,6,0
2023-08-29,1.0,22.85,14.23,18.54,89,6,0
2023-08-30,1.0,22.85,14.23,18.54,90,6,0
2023-08-31,1.0,22.9,14.23,18.564999999999998,91,6,0
2023-09-01,1.0,22.9,14.23,18.564999999999998,92,6,0
2023-09-04,1.0,22.9,14.23,18.564999999999998,93,6,0
2023-09-05,1.0,23.39,14.23,18.810000000000002,94,6,0
2023-09-06,1.0,23.61,14.23,18.92,95,6,0
2023-09-08,1.0,23.61,14.23,18.92,96,6,0
2023-09-11,1.0,23.61,14.23,18.92,97,6,0
2023-09-12,1.0,23.61,14.23,18.92,98,6,0
2023-09-13,1.0,23.61,14.23,18.92,99,6,0
2023-09-14,1.0,23.75,14.23,18.990000000000002,100,6,0
2023-09-15,1.0,23.75,14.23,18.990000000000002,101,6,0
2023-09-18,1.0,24.24,14.23,19.235,102,6,0
2023-09-19,1.0,24.24,14.23,19.235,103,6,0
2023-09-20,1.0,24.24,14.23,19.235,104,6,0
2023-09-21,1.0,24.24,14.23,19.235,105,6,0
2023-09-22,1.0,24.24,14.23,19.235,106,6,0
2023-09-25,1.0,24.24,14.23,19.235,107,6,0
2023-09-26,1.0,24.24,14.23,19.235,108,6,0
2023-09-27,1.0,24.24,14.23,19.235,109,6,0
2023-09-28,1.0,24.24,14.23,19.235,110,6,0
2023-09-29,1.0,24.24,14.23,19.235,111,6,0
2023-10-02,1.0,24.28,14.23,19.255000000000003,112,6,0
2023-10-03,1.0,24.28,14.23,19.255000000000003,113,6,0
2023-10-04,1.0,24.28,14.23,19.255000000000003,114,6,0
2023-10-05,1.0,24.28,14.23,19.255000000000003,115,6,0
2023-10-06,1.0,24.28,14.23,19.255000000000003,116,6,0
2023-10-09,1.0,24.5,14.23,19.365000000000002,117,6,0
2023-10-10,1.0,24.68,14.23,19.455,118,6,0
2023-10-11,1.0,24.68,14.23,19.455,119,6,0
2023-10-13,1.0,25.39,14.23,19.810000000000002,120,6,0
2023-10-16,1.0,25.7,14.23,19.965,121,6,0
2023-10-17,1.0,26.31,14.23,20.27,122,6,0
2023-10-18,1.0,26.97,14.23,20.6,123,6,0
2023-10-19,1.0,26.97,14.23,20.6,124,6,0
2023-10-20,1.0,27.14,14.23,20.685000000000002,125,6,0
2023-10-23,1.0,27.14,14.23,20.685000000000002,126,6,0
2023-10-24,1.0,27.14,14.23,20.685000000000002,127,6,0
2023-10-25,1.0,27.14,14.23,20.685000000000002,128,6,0
2023-10-26,1.0,27.14,14.23,20.685000000000002,129,6,0
2023-10-27,1.0,27.14,14.23,20.685000000000002,130,6,0
2023-10-30,1.0,27.14,14.23,20.685000000000002,131,6,0
2023-10-31,1.0,27.14,14.23,20.685000000000002,132,6,0
2023-11-01,1.0,27.14,14.23,20.685000000000002,133,6,0
2023-11-03,1.0,27.14,14.23,20.685000000000002,134,6,0
2023-11-06,1.0,27.14,14.23,20.685000000000002,135,6,0
2023-11-07,1.0,27.14,14.23,20.685000000000002,136,6,0
2023-11-08,1.0,27.14,14.23,20.685000000000002,137,6,0
2023-11-09,1.0,27.14,14.23,20.685000000000002,138,6,0
2023-11-10,1.0,27.14,14.23,20.685000000000002,139,6,0
2023-11-13,1.0,27.14,14.23,20.685000000000002,140,6,0
2023-11-14,1.0,27.14,14.23,20.685000000000002,141,6,0
2023-11-16,1.0,27.14,14.23,20.685000000000002,142,6,0
2023-11-17,1.0,27.14,14.23,20.685000000000002,143,6,0
2023-11-20,1.0,27.14,14.23,20.685000000000002,144,6,0
2023-11-21,1.0,27.14,14.23,20.685000000000002,145,6,0
2023-11-22,1.0,27.14,14.23,20.685000000000002,146,6,0
2023-11-23,1.0,27.14,14.23,20.685000000000002,147,6,0
2023-11-24,1.0,27.14,14.23,20.685000000000002,148,6,0
2023-11-27,1.0,27.14,14.23,20.685000000000002,149,6,0
2023-11-28,1.0,27.14,14.23,20.685000000000002,150,6,0
2023-11-29,1.0,27.14,14.23,20.685000000000002,151,6,0
2023-11-30,1.0,27.14,14.23,20.685000000000002,152,6,0
2023-12-01,1.0,27.14,14.23,20.685000000000002,153,6,0
2023-12-04,1.0,27.14,14.23,20.685000000000002,154,6,0
2023-12-05,1.0,27.14,14.23,20.685000000000002,155,6,0
2023-12-06,1.0,27.14,14.23,20.685000000000002,156,6,0
2023-12-07,1.0,27.14,14.23,20.685000000000002,157,6,0
2023-12-08,1.0,27.14,14.23,20.685000000000002,158,6,0
2023-12-11,1.0,27.14,14.23,20.685000000000002,159,6,0
2023-12-12,1.0,27.14,14.23,20.685000000000002,160,6,0
2023-12-13,1.0,27.14,14.23,20.685000000000002,161,6,0
2023-12-14,1.0,27.14,14.23,20.685000000000002,162,6,0
2023-12-15,1.0,27.14,14.23,20.685000000000002,163,6,0
2023-12-18,1.0,27.14,14.23,20.685000000000002,164,6,0
2023-12-19,1.0,27.14,14.23,20.685000000000002,165,6,0
2023-12-20,1.0,27.14,14.23,20.685000000000002,166,6,0
2023-12-21,1.0,27.14,14.23,20.685000000000002,167,6,0
2023-12-22,1.0,27.14,14.23,20.685000000000002,168,6,0
2023-12-26,1.0,27.14,14.23,20.685000000000002,169,6,0
2023-12-27,1.0,27.14,14.23,20.685000000000002,170,6,0
2023-12-28,1.0,27.14,14.23,20.685000000000002,171,6,0
2024-01-02,1.0,27.43,14.23,20.83,172,6,0
2024-01-03,1.0,28.32,14.23,21.275,173,6,0
2024-01-04,1.0,28.48,14.23,21.355,174,6,0
2024-01-05,1.0,28.48,14.23,21.355,175,6,0
2024-01-08,1.0,28.48,14.23,21.355,176,6,0
2024-01-09,1.0,28.48,14.23,21.355,177,6,0
2024-01-10,1.0,28.48,14.23,21.355,178,6,0
2024-01-11,1.0,28.48,14.23,21.355,179,6,0
2024-01-12,1.0,28.48,14.23,21.355,180,6,0
2024-01-15,1.0,28.48,14.23,21.355,181,6,0
2024-01-16,1.0,28.48,14.23,21.355,182,6,0
2024-01-17,1.0,28.48,14.23,21.355,183,6,0
2024-01-18,1.0,28.48,14.23,21.355,184,6,0
2024-01-19,1.0,28.48,14.23,21.355,185,6,0
2024-01-22,1.0,28.48,14.23,21.355,186,6,0
2024-01-23,1.0,28.48,14.23,21.355,187,6,0
2024-01-24,1.0,28.48,14.23,21.355,188,6,0
2024-01-25,1.0,28.48,14.23,21.355,189,6,0
2024-01-26,1.0,29.02,14.23,21.625,190,6,0
2024-01-29,1.0,29.38,14.23,21.805,191,6,0
2024-01-30,1.0,29.49,14.23,21.86,192,6,0
2024-01-31,1.0,29.85,14.23,22.04,193,6,0
2024-02-01,1.0,30.31,14.23,22.27,194,6,0
2024-02-02,1.0,30.31,14.23,22.27,195,6,0
2024-02-05,1.0,30.31,14.23,22.27,196,6,0
2024-02-06,1.0,30.65,14.23,22.439999999999998,197,6,0
2024-02-07,1.0,30.65,14.23,22.439999999999998,198,6,0
2024-02-08,1.0,30.73,14.23,22.48,199,6,0
2024-02-09,1.0,30.73,14.23,22.48,200,6,0
2024-02-14,1.0,30.73,14.23,22.48,201,6,0
2024-02-15,1.0,30.73,14.23,22.48,202,6,0
2024-02-16,1.0,31.04,14.23,22.634999999999998,203,6,0
2024-02-19,1.0,31.08,14.23,22.655,204,6,0
2024-02-20,1.0,31.08,14.23,22.655,205,6,0
2024-02-21,1.0,31.08,14.23,22.655,206,6,0
2024-02-22,1.0,31.08,14.23,22.655,207,6,0
2024-02-23,1.0,31.08,14.23,22.655,208,6,0
2024-02-26,1.0,31.08,14.23,22.655,209,6,0
2024-02-27,1.0,31.08,14.23,22.655,210,6,0
2024-02-28,1.0,31.08,14.23,22.655,211,6,0
2024-02-29,1.0,31.08,14.23,22.655,212,6,0
2024-03-01,1.0,31.08,14.23,22.655,213,6,0
2024-03-04,1.0,31.08,14.23,22.655,214,6,0
2024-03-05,1.0,31.08,14.23,22.655,215,6,0
2024-03-06,1.0,31.08,14.23,22.655,216,6,0
2024-03-07,1.0,31.08,14.23,22.655,217,6,0
2024-03-08,-1.0,26.82,25.41,26.115000000000002,1,0,-1
2024-03-11,-1.0,27.32,25.41,26.365000000000002,1,1,0
2024-03-12,-1.0,27.32,25.41,26.365000000000002,2,1,0
2024-03-13,-1.0,27.32,25.41,26.365000000000002,2,2,0
2024-03-14,-1.0,27.32,25.41,26.365000000000002,2,3,0
2024-03-15,-1.0,27.32,25.41,26.365000000000002,2,4,0
2024-03-18,-1.0,27.32,25.41,26.365000000000002,2,5,0
2024-03-19,-1.0,27.32,25.41,26.365000000000002,2,6,0
2024-03-20,-1.0,27.32,25.41,26.365000000000002,3,6,0
2024-03-21,-1.0,27.32,25.41,26.365000000000002,3,7,0
2024-03-22,-1.0,27.32,25.41,26.365000000000002,3,8,0
2024-03-25,-1.0,27.32,25.41,26.365000000000002,4,8,0
2024-03-26,-1.0,27.32,25.41,26.365000000000002,4,9,0
2024-03-27,-1.0,27.32,25.41,26.365000000000002,5,9,0
2024-03-28,-1.0,27.32,25.41,26.365000000000002,6,9,0
2024-04-01,-1.0,27.32,25.41,26.365000000000002,7,9,0
2024-04-02,-1.0,27.98,25.41,26.695,8,9,0
2024-04-03,-1.0,28.24,25.41,26.825,9,9,0
2024-04-04,-1.0,28.58,25.41,26.994999999999997,10,9,0
2024-04-05,-1.0,28.58,25.41,26.994999999999997,11,9,0
2024-04-08,-1.0,28.58,25.41,26.994999999999997,12,9,0
2024-04-09,-1.0,28.58,25.41,26.994999999999997,13,9,0
2024-04-10,-1.0,28.76,25.41,27.085,14,9,0
2024-04-11,-1.0,28.78,25.41,27.095,15,9,0
2024-04-12,-1.0,28.99,25.41,27.2,16,9,0
2024-04-15,-1.0,28.99,25.41,27.2,17,9,0
2024-04-16,-1.0,28.99,25.41,27.2,18,9,0
2024-04-17,-1.0,28.99,25.41,27.2,19,9,0
2024-04-18,-1.0,29.38,25.41,27.395,20,9,0
2024-04-19,1.0,29.73,28.84,29.285,1,0,1
2024-04-22,1.0,30.1,28.84,29.47,2,0,0
2024-04-23,1.0,30.13,28.84,29.485,3,0,0
2024-04-24,1.0,30.39,28.84,29.615000000000002,4,0,0
2024-04-25,1.0,30.75,28.84,29.795,5,0,0
2024-04-26,1.0,31.07,28.84,29.955,6,0,0
2024-04-29,1.0,31.53,28.84,30.185000000000002,7,0,0
2024-04-30,1.0,31.57,28.84,30.205,8,0,0
2024-05-02,1.0,31.7,28.84,30.27,9,0,0
2024-05-03,1.0,31.75,28.84,30.295,10,0,0
2024-05-06,1.0,31.75,28.84,30.295,11,0,0
2024-05-07,1.0,31.75,28.84,30.295,12,0,0
2024-05-08,1.0,32.25,28.84,30.545,13,0,0
2024-05-09,1.0,32.65,28.84,30.744999999999997,14,0,0
2024-05-10,1.0,32.84,28.84,30.840000000000003,15,0,0
2024-05-13,1.0,32.84,28.84,30.840000000000003,16,0,0
2024-05-14,1.0,32.84,28.84,30.840000000000003,17,0,0
2024-05-15,1.0,32.84,28.84,30.840000000000003,17,1,0
2024-05-16,1.0,32.84,28.84,30.840000000000003,17,2,0
2024-05-17,1.0,32.84,28.49,30.665,17,3,0
2024-05-20,1.0,32.84,28.49,30.665,17,4,0
2024-05-21,1.0,32.84,28.49,30.665,17,5,0
2024-05-22,1.0,32.84,28.41,30.625,17,6,0
2024-05-23,1.0,32.84,28.41,30.625,17,7,0
2024-05-24,1.0,32.84,28.41,30.625,17,8,0
2024-05-27,1.0,32.84,28.41,30.625,17,9,0
2024-05-28,1.0,32.84,28.41,30.625,17,10,0
2024-05-29,1.0,32.84,28.41,30.625,17,11,0
2024-05-31,1.0,32.84,28.41,30.625,17,12,0
2024-06-03,1.0,32.84,28.41,30.625,17,13,0
2024-06-04,1.0,32.84,28.41,30.625,17,14,0
2024-06-05,1.0,32.84,28.41,30.625,17,15,0
2024-06-06,1.0,32.84,28.41,30.625,17,16,0
2024-06-07,1.0,32.84,28.41,30.625,17,17,0
2024-06-10,1.0,32.84,28.41,30.625,17,18,0
2024-06-11,1.0,32.84,28.41,30.625,17,19,0
2024-06-12,1.0,32.84,28.41,30.625,17,20,0
2024-06-13,-1.0,28.97,27.9,28.435,0,1,-1
2024-06-14,-1.0,28.97,27.34,28.155,0,2,0
2024-06-17,-1.0,28.97,27.34,28.155,0,3,0
2024-06-18,-1.0,28.97,27.34,28.155,1,3,0
2024-06-19,-1.0,28.97,27.34,28.155,2,3,0
2024-06-20,-1.0,29.53,27.34,28.435000000000002,3,3,0
2024-06-21,-1.0,29.59,27.34,28.465,4,3,0
2024-06-24,-1.0,29.67,27.34,28.505000000000003,5,3,0
2024-06-25,-1.0,29.72,27.34,28.53,6,3,0
2024-06-26,-1.0,29.72,27.34,28.53,7,3,0
2024-06-27,1.0,30.39,29.88,30.134999999999998,1,0,1
2024-06-28,1.0,30.56,29.88,30.22,2,0,0
2024-07-01,1.0,31.03,29.88,30.455,3,0,0
2024-07-02,1.0,31.3,29.88,30.59,4,0,0
2024-07-03,1.0,31.3,29.88,30.59,4,1,0
2024-07-04,1.0,31.3,29.72,30.509999999999998,4,2,0
2024-07-05,1.0,31.3,29.71,30.505000000000003,4,3,0
2024-07-08,1.0,31.3,29.71,30.505000000000003,5,3,0
2024-07-09,1.0,31.3,29.71,30.505000000000003,6,3,0
2024-07-10,1.0,31.3,29.71,30.505000000000003,6,4,0
2024-07-11,1.0,31.3,29.71,30.505000000000003,7,4,0
2024-07-12,1.0,31.3,29.71,30.505000000000003,8,4,0
2024-07-15,1.0,31.3,29.71,30.505000000000003,9,4,0
2024-07-16,1.0,31.3,29.71,30.505000000000003,10,4,0
2024-07-17,1.0,31.3,29.71,30.505000000000003,11,4,0
2024-07-18,1.0,31.3,29.71,30.505000000000003,12,4,0
2024-07-19,1.0,31.3,29.71,30.505000000000003,13,4,0
2024-07-22,1.0,31.3,29.71,30.505000000000003,13,5,0
2024-07-23,1.0,31.3,29.71,30.505000000000003,13,6,0
2024-07-24,1.0,31.3,29.71,30.505000000000003,13,7,0
2024-07-25,1.0,31.3,29.71,30.505000000000003,13,8,0
2024-07-26,1.0,31.3,29.71,30.505000000000003,13,9,0
2024-07-29,1.0,31.3,29.16,30.23,13,10,0
2024-07-30,1.0,31.3,29.13,30.215,13,11,0
2024-07-31,1.0,31.3,29.13,30.215,13,12,0
2024-08-01,1.0,31.3,29.13,30.215,13,13,0
2024-08-02,-1.0,29.46,28.6,29.03,0,1,-1
2024-08-05,-1.0,29.46,27.7,28.58,0,1,0
2024-08-06,-1.0,29.46,27.7,28.58,1,1,0
2024-08-07,-1.0,29.46,27.7,28.58,2,1,0
2024-08-08,-1.0,29.58,27.7,28.64,3,1,0
2024-08-09,-1.0,29.58,27.7,28.64,4,1,0
2024-08-12,-1.0,30.27,27.7,28.985,5,1,0
2024-08-13,-1.0,30.27,27.7,28.985,6,1,0
2024-08-14,-1.0,30.42,27.7,29.060000000000002,7,1,0
2024-08-15,-1.0,30.87,27.7,29.285,8,1,0
2024-08-16,1.0,31.04,30.45,30.744999999999997,1,0,1
2024-08-19,1.0,31.05,30.45,30.75,2,0,0
2024-08-20,1.0,31.05,30.33,30.689999999999998,2,1,0
2024-08-21,1.0,31.05,30.33,30.689999999999998,2,2,0
2024-08-22,1.0,31.05,30.3,30.675,2,3,0
2024-08-23,1.0,31.05,30.3,30.675,2,4,0
2024-08-26,1.0,32.56,30.3,31.43,3,4,0
2024-08-27,1.0,32.56,30.3,31.43,4,4,0
2024-08-28,1.0,32.76,30.3,31.53,5,4,0
2024-08-29,1.0,32.76,30.3,31.53,6,4,0
2024-08-30,1.0,32.76,30.3,31.53,7,4,0
2024-09-02,1.0,32.76,30.3,31.53,8,4,0
2024-09-03,1.0,32.76,30.3,31.53,9,4,0
2024-09-04,1.0,32.76,30.3,31.53,10,4,0
2024-09-05,1.0,32.76,30.3,31.53,10,5,0
2024-09-06,1.0,32.76,30.3,31.53,10,6,0
2024-09-09,1.0,32.76,30.3,31.53,10,7,0
2024-09-10,1.0,32.76,30.3,31.53,10,8,0
2024-09-11,1.0,32.76,30.3,31.53,10,9,0
2024-09-12,1.0,32.76,30.21,31.485,10,10,0
2024-09-13,1.0,32.76,30.07,31.415,10,11,0
2024-09-16,1.0,32.76,30.07,31.415,10,12,0
2024-09-17,1.0,32.76,30.07,31.415,10,13,0
2024-09-18,1.0,32.76,29.71,31.235,10,14,0
2024-09-19,1.0,32.76,29.71,31.235,10,15,0
2024-09-20,1.0,32.76,29.65,31.205,10,16,0
2024-09-23,1.0,32.76,29.65,31.205,10,17,0
2024-09-24,1.0,32.76,29.65,31.205,10,18,0
2024-09-25,1.0,32.76,29.65,31.205,10,19,0
2024-09-26,-1.0,30.35,29.57,29.96,0,1,-1
2024-09-27,-1.0,30.35,29.53,29.94,0,2,0
2024-09-30,-1.0,30.35,29.52,29.935000000000002,0,3,0
2024-10-01,-1.0,30.84,29.45,30.145,1,3,0
2024-10-02,-1.0,31.18,29.45,30.314999999999998,2,3,0
2024-10-03,-1.0,31.27,29.45,30.36,3,3,0
2024-10-04,-1.0,31.4,29.45,30.424999999999997,4,3,0
2024-10-07,-1.0,31.55,29.45,30.5,5,3,0
2024-10-08,-1.0,31.55,29.45,30.5,6,3,0
2024-10-09,-1.0,31.55,29.45,30.5,7,3,0
2024-10-10,-1.0,31.55,29.45,30.5,8,3,0
2024-10-11,-1.0,31.55,29.45,30.5,9,3,0
2024-10-14,-1.0,31.55,29.45,30.5,10,3,0
2024-10-15,-1.0,31.55,29.45,30.5,11,3,0
2024-10-16,-1.0,31.55,29.45,30.5,12,3,0
2024-10-17,-1.0,31.55,29.45,30.5,12,4,0
2024-10-18,-1.0,31.55,29.45,30.5,12,5,0
2024-10-21,-1.0,31.55,29.45,30.5,12,6,0
2024-10-22,-1.0,31.55,29.45,30.5,12,7,0
2024-10-23,-1.0,31.55,29.24,30.395,12,8,0
2024-10-24,-1.0,31.55,29.23,30.39,12,9,0
2024-10-25,-1.0,31.55,29.23,30.39,12,10,0
2024-10-28,-1.0,31.55,29.05,30.3,12,11,0
2024-10-29,-1.0,31.55,29.05,30.3,12,12,0
2024-10-30,-1.0,31.55,29.05,30.3,12,13,0
2024-10-31,-1.0,31.55,29.05,30.3,12,14,0
2024-11-01,-1.0,31.55,29.01,30.28,12,15,0
2024-11-04,-1.0,31.55,29.01,30.28,12,16,0
2024-11-05,-1.0,31.55,28.79,30.17,12,17,0
2024-11-06,-1.0,31.55,28.79,30.17,12,18,0
2024-11-07,-1.0,31.55,28.79,30.17,12,19,0
2024-11-08,-1.0,31.55,28.79,30.17,12,20,0
2024-11-11,-1.0,31.55,28.79,30.17,12,21,0
2024-11-12,-1.0,31.55,28.79,30.17,13,21,0
2024-11-13,-1.0,31.55,28.79,30.17,14,21,0
2024-11-14,-1.0,31.55,28.79,30.17,15,21,0
2024-11-18,-1.0,31.55,28.79,30.17,16,21,0
2024-11-19,1.0,31.48,30.95,31.215,0,1,1
2024-11-21,1.0,31.48,30.86,31.17,0,2,0
2024-11-22,1.0,32.74,30.86,31.8,1,2,0
2024-11-25,1.0,32.76,30.86,31.81,2,2,0
2024-11-26,1.0,32.76,30.86,31.81,3,2,0
2024-11-27,1.0,32.76,30.86,31.81,4,2,0
2024-11-28,1.0,32.76,30.86,31.81,4,3,0
2024-11-29,1.0,32.76,30.86,31.81,5,3,0
2024-12-02,1.0,32.76,30.86,31.81,6,3,0
2024-12-03,1.0,32.76,30.86,31.81,7,3,0
2024-12-04,1.0,32.76,30.86,31.81,8,3,0
2024-12-05,1.0,32.76,30.86,31.81,9,3,0
2024-12-06,1.0,32.76,30.86,31.81,10,3,0
2024-12-09,1.0,33.02,30.86,31.94,11,3,0
2024-12-10,1.0,33.23,30.86,32.045,12,3,0
2024-12-11,1.0,33.5,30.86,32.18,13,3,0
2024-12-12,1.0,33.5,30.86,32.18,14,3,0
2024-12-13,1.0,33.5,30.86,32.18,15,3,0
2024-12-16,1.0,33.5,30.86,32.18,16,3,0
2024-12-17,1.0,33.5,30.86,32.18,17,3,0
2024-12-18,1.0,33.5,30.86,32.18,17,4,0
2024-12-19,1.0,33.5,30.86,32.18,17,5,0
2024-12-20,1.0,33.5,30.86,32.18,17,6,0
2024-12-23,1.0,33.5,30.86,32.18,17,7,0
2024-12-26,1.0,33.5,30.86,32.18,17,8,0
2024-12-27,1.0,33.5,30.86,32.18,17,9,0
2024-12-30,1.0,33.5,30.86,32.18,17,10,0
2025-01-02,1.0,33.5,30.86,32.18,18,10,0
2025-01-03,1.0,33.5,30.86,32.18,18,11,0
2025-01-06,1.0,33.5,30.86,32.18,18,12,0
2025-01-07,1.0,33.5,30.86,32.18,19,12,0
2025-01-08,1.0,33.5,30.86,32.18,20,12,0
2025-01-09,1.0,33.5,30.86,32.18,21,12,0
2025-01-10,1.0,33.5,30.86,32.18,22,12,0
2025-01-13,1.0,33.5,30.86,32.18,23,12,0
2025-01-14,1.0,33.5,30.86,32.18,24,12,0
2025-01-15,1.0,33.5,30.86,32.18,25,12,0
2025-01-16,1.0,33.5,30.86,32.18,26,12,0
2025-01-17,1.0,33.5,30.86,32.18,27,12,0
2025-01-20,1.0,33.5,30.86,32.18,28,12,0
2025-01-21,1.0,33.5,30.86,32.18,29,12,0
2025-01-22,1.0,33.5,30.86,32.18,30,12,0
2025-01-23,1.0,33.5,30.86,32.18,31,12,0
2025-01-24,1.0,33.5,30.86,32.18,32,12,0
2025-01-27,1.0,33.5,30.86,32.18,33,12,0
2025-01-28,1.0,33.5,30.86,32.18,34,12,0
2025-01-29,1.0,33.5,30.86,32.18,35,12,0
2025-01-30,1.0,33.5,30.86,32.18,36,12,0
2025-01-31,1.0,33.92,30.86,32.39,37,12,0
2025-02-03,1.0,33.92,30.86,32.39,38,12,0
2025-02-04,1.0,33.92,30.86,32.39,39,12,0
2025-02-05,1.0,33.92,30.86,32.39,40,12,0
2025-02-06,1.0,33.92,30.86,32.39,41,12,0
2025-02-07,1.0,33.92,30.86,32.39,41,13,0
2025-02-10,1.0,33.92,30.86,32.39,42,13,0
2025-02-11,1.0,33.92,30.86,32.39,43,13,0
2025-02-12,1.0,33.92,30.86,32.39,43,14,0
2025-02-13,-1.0,32.12,31.84,31.979999999999997,1,0,-1
2025-02-14,-1.0,33.22,31.84,32.53,2,0,0
2025-02-17,-1.0,33.52,31.84,32.68,3,0,0
2025-02-18,1.0,33.98,33.34,33.66,1,0,1
2025-02-19,1.0,34.18,33.34,33.760000000000005,2,0,0
2025-02-20,1.0,34.18,33.34,33.760000000000005,3,0,0
2025-02-21,1.0,34.18,33.34,33.760000000000005,4,0,0
2025-02-24,1.0,34.18,33.34,33.760000000000005,4,1,0
2025-02-25,1.0,34.18,33.34,33.760000000000005,4,2,0
2025-02-26,1.0,34.18,33.34,33.760000000000005,4,3,0
2025-02-27,-1.0,32.48,31.37,31.924999999999997,1,0,-1
2025-02-28,-1.0,32.48,31.37,31.924999999999997,1,1,0
2025-03-05,-1.0,32.48,30.54,31.509999999999998,1,2,0
2025-03-06,-1.0,32.48,30.08,31.279999999999998,1,3,0
2025-03-07,-1.0,32.48,30.08,31.279999999999998,1,4,0
2025-03-10,-1.0,32.48,30.06,31.269999999999996,1,5,0
2025-03-11,-1.0,32.48,29.98,31.229999999999997,1,6,0
2025-03-12,-1.0,32.48,29.98,31.229999999999997,1,7,0
2025-03-13,-1.0,32.48,29.98,31.229999999999997,1,8,0
2025-03-14,-1.0,32.48,29.98,31.229999999999997,2,8,0
2025-03-17,-1.0,32.48,29.98,31.229999999999997,3,8,0
2025-03-18,-1.0,32.48,29.98,31.229999999999997,4,8,0
2025-03-19,-1.0,32.48,29.98,31.229999999999997,5,8,0
2025-03-20,-1.0,32.48,29.98,31.229999999999997,6,8,0
2025-03-21,-1.0,32.74,29.98,31.36,7,8,0
2025-03-24,-1.0,32.74,29.98,31.36,8,8,0
2025-03-25,-1.0,33.17,29.98,31.575000000000003,9,8,0
2025-03-26,-1.0,33.27,29.98,31.625,10,8,0
2025-03-27,-1.0,33.57,29.98,31.775,11,8,0
2025-03-28,-1.0,33.57,29.98,31.775,12,8,0
2025-03-31,-1.0,33.57,29.98,31.775,13,8,0
2025-04-01,-1.0,33.57,29.98,31.775,14,8,0
2025-04-02,-1.0,33.57,29.98,31.775,15,8,0
2025-04-03,-1.0,33.57,29.98,31.775,16,8,0
2025-04-04,-1.0,33.57,29.89,31.73,16,9,0
2025-04-07,-1.0,33.57,29.27,31.42,16,10,0
2025-04-08,-1.0,33.57,28.18,30.875,16,11,0
2025-04-09,-1.0,33.57,27.44,30.505000000000003,16,12,0
2025-04-10,-1.0,33.57,27.44,30.505000000000003,16,13,0
2025-04-11,-1.0,33.57,27.21,30.39,16,14,0
2025-04-14,-1.0,33.57,27.21,30.39,16,15,0
2025-04-15,-1.0,33.57,27.21,30.39,16,16,0
2025-04-16,-1.0,33.57,27.21,30.39,16,17,0
2025-04-17,-1.0,33.57,27.21,30.39,16,18,0
2025-04-22,-1.0,33.57,27.21,30.39,16,19,0
2025-04-23,-1.0,33.57,27.21,30.39,16,20,0
2025-04-24,-1.0,33.57,27.21,30.39,16,21,0
2025-04-25,-1.0,33.57,27.21,30.39,16,22,0
2025-04-28,-1.0,33.57,27.21,30.39,16,23,0
2025-04-29,-1.0,33.57,27.21,30.39,16,24,0
2025-04-30,-1.0,33.57,27.12,30.345,16,25,0
2025-05-02,-1.0,33.57,27.12,30.345,16,26,0
2025-05-05,-1.0,33.57,26.85,30.21,16,27,0
2025-05-06,-1.0,33.57,26.85,30.21,16,28,0
2025-05-07,-1.0,33.57,26.85,30.21,16,29,0
2025-05-08,-1.0,33.57,26.85,30.21,16,30,0
2025-05-09,-1.0,33.57,26.85,30.21,16,31,0
2025-05-12,-1.0,33.57,26.85,30.21,16,32,0
2025-05-13,-1.0,33.57,26.85,30.21,16,33,0
2025-05-14,-1.0,33.57,26.85,30.21,16,34,0
2025-05-15,-1.0,33.57,26.85,30.21,16,35,0
2025-05-16,-1.0,33.57,26.85,30.21,16,36,0
2025-05-19,-1.0,33.57,26.85,30.21,16,37,0
2025-05-20,-1.0,33.57,26.85,30.21,16,38,0
2025-05-21,-1.0,33.57,26.85,30.21,16,39,0
2025-05-22,-1.0,33.57,26.85,30.21,16,40,0
2025-05-23,-1.0,33.57,26.85,30.21,16,41,0
2025-05-26,-1.0,33.57,26.85,30.21,16,42,0
2025-05-27,-1.0,33.57,26.85,30.21,16,43,0
2025-05-28,-1.0,33.57,26.85,30.21,16,44,0
2025-05-29,-1.0,33.57,26.85,30.21,16,45,0
2025-05-30,-1.0,33.57,26.85,30.21,16,46,0
2025-06-02,-1.0,33.57,26.85,30.21,16,47,0
2025-06-03,-1.0,33.57,26.85,30.21,16,48,0
2025-06-04,-1.0,33.57,26.85,30.21,16,49,0
2025-06-05,-1.0,33.57,26.85,30.21,16,50,0
2025-06-06,-1.0,33.57,26.85,30.21,16,51,0
2025-06-09,-1.0,33.57,26.84,30.205,16,52,0
2025-06-10,-1.0,33.57,26.84,30.205,16,53,0
2025-06-11,-1.0,33.57,26.84,30.205,16,54,0
2025-06-12,1.0,29.67,28.57,29.12,1,0,1
2025-06-13,1.0,30.84,28.57,29.705,2,0,0
2025-06-16,1.0,30.84,28.57,29.705,3,0,0
2025-06-17,1.0,30.84,28.57,29.705,4,0,0
2025-06-18,1.0,30.88,28.57,29.725,5,0,0
2025-06-20,1.0,30.88,28.57,29.725,6,0,0
2025-06-23,1.0,31.0,28.57,29.785,6,1,0
2025-06-24,1.0,31.0,28.57,29.785,6,2,0
2025-06-25,1.0,31.0,28.57,29.785,6,3,0
2025-06-26,1.0,31.0,28.57,29.785,6,4,0
2025-06-27,1.0,31.0,28.57,29.785,6,5,0
2025-06-30,1.0,31.0,28.57,29.785,6,6,0
2025-07-01,1.0,31.0,28.57,29.785,6,7,0
2025-07-02,1.0,31.0,28.57,29.785,7,7,0
2025-07-03,1.0,31.0,28.57,29.785,8,7,0
2025-07-04,1.0,31.0,28.57,29.785,9,7,0
2025-07-07,1.0,31.0,28.57,29.785,10,7,0
2025-07-08,1.0,31.0,28.57,29.785,11,7,0
2025-07-09,1.0,31.0,28.57,29.785,12,7,0
2025-07-10,1.0,31.0,28.57,29.785,13,7,0
2025-07-11,1.0,31.0,28.57,29.785,14,7,0
2025-07-14,1.0,31.0,28.57,29.785,15,7,0
2025-07-15,1.0,31.0,28.57,29.785,15,8,0
2025-07-16,1.0,31.0,28.57,29.785,15,9,0
2025-07-17,1.0,31.0,28.57,29.785,15,10,0
2025-07-18,1.0,31.0,28.45,29.725,15,11,0
2025-07-21,1.0,31.0,28.45,29.725,15,12,0
2025-07-22,1.0,31.0,28.45,29.725,15,13,0
2025-07-23,1.0,31.0,28.45,29.725,16,13,0
2025-07-24,1.0,31.0,28.45,29.725,16,14,0
2025-07-25,1.0,31.0,28.45,29.725,17,14,0
2025-07-28,1.0,31.0,28.45,29.725,18,14,0
2025-07-29,1.0,31.0,28.45,29.725,19,14,0
2025-07-30,1.0,31.0,28.45,29.725,20,14,0
2025-07-31,1.0,31.0,28.45,29.725,21,14,0
2025-08-01,1.0,31.0,28.45,29.725,22,14,0
2025-08-04,1.0,31.0,28.45,29.725,23,14,0
2025-08-05,1.0,31.0,28.45,29.725,24,14,0
2025-08-06,1.0,31.0,28.45,29.725,25,14,0
2025-08-07,1.0,31.0,28.45,29.725,26,14,0
2025-08-08,-1.0,29.8,28.39,29.095,0,1,-1
2025-08-11,-1.0,29.8,28.39,29.095,0,2,0
2025-08-12,-1.0,29.8,28.39,29.095,0,3,0
2025-08-13,-1.0,29.8,28.28,29.04,0,4,0
2025-08-14,-1.0,29.8,27.91,28.855,0,5,0
2025-08-15,-1.0,29.8,27.65,28.725,0,6,0
2025-08-18,-1.0,29.8,27.65,28.725,0,7,0
2025-08-19,-1.0,29.8,27.65,28.725,0,8,0
2025-08-20,-1.0,29.8,27.65,28.725,0,9,0
2025-08-21,-1.0,29.8,27.65,28.725,0,10,0
2025-08-22,-1.0,29.8,27.65,28.725,1,10,0
2025-08-25,-1.0,29.8,27.65,28.725,2,10,0
2025-08-26,-1.0,29.8,27.65,28.725,3,10,0
2025-08-27,-1.0,29.8,27.65,28.725,4,10,0
2025-08-28,-1.0,29.8,27.65,28.725,5,10,0
2025-08-29,-1.0,29.8,27.65,28.725,6,10,0
2025-09-01,-1.0,29.8,27.65,28.725,7,10,0
2025-09-02,-1.0,29.83,27.65,28.74,8,10,0
2025-09-03,-1.0,29.83,27.65,28.74,9,10,0
2025-09-04,-1.0,29.83,27.65,28.74,10,10,0
2025-09-05,-1.0,29.83,27.65,28.74,11,10,0
2025-09-08,-1.0,29.83,27.65,28.74,12,10,0
2025-09-09,-1.0,29.83,27.65,28.74,13,10,0
2025-09-10,-1.0,29.92,27.65,28.785,14,10,0
2025-09-11,-1.0,29.92,27.65,28.785,15,10,0
2025-09-12,-1.0,30.07,27.65,28.86,16,10,0
2025-09-15,-1.0,30.07,27.65,28.86,17,10,0
2025-09-16,-1.0,30.07,27.65,28.86,18,10,0
2025-09-17,-1.0,30.16,27.65,28.905,19,10,0
2025-09-18,1.0,30.19,29.59,29.89,0,1,1
2025-09-19,1.0,30.19,29.33,29.759999999999998,0,2,0
2025-09-22,1.0,30.19,29.26,29.725,1,2,0
2025-09-23,1.0,30.44,29.26,29.85,2,2,0
2025-09-24,1.0,30.96,29.26,30.11,3,2,0
2025-09-25,1.0,31.12,29.26,30.19,4,2,0
2025-09-26,1.0,31.12,29.26,30.19,5,2,0
2025-09-29,1.0,31.12,29.26,30.19,5,3,0
2025-09-30,1.0,31.12,29.26,30.19,5,4,0
2025-10-01,1.0,31.12,29.26,30.19,5,5,0
2025-10-02,1.0,31.12,29.26,30.19,5,6,0
2025-10-03,1.0,31.12,29.26,30.19,5,7,0
2025-10-06,1.0,31.12,29.13,30.125,5,8,0
2025-10-07,1.0,31.12,28.79,29.955,5,9,0
2025-10-08,1.0,31.12,28.79,29.955,5,10,0
2025-10-09,-1.0,29.26,28.64,28.950000000000003,0,1,-1
2025-10-10,-1.0,29.26,28.34,28.8,0,2,0
2025-10-13,-1.0,29.26,28.34,28.8,0,3,0
2025-10-14,-1.0,29.26,28.34,28.8,0,4,0
2025-10-15,-1.0,29.26,28.15,28.705,0,5,0
2025-10-16,-1.0,29.26,27.9,28.58,0,6,0
2025-10-17,-1.0,29.26,27.81,28.535,0,7,0
2025-10-20,-1.0,29.26,27.81,28.535,0,8,0
2025-10-21,-1.0,29.26,27.81,28.535,0,9,0
2025-10-22,-1.0,29.26,27.81,28.535,0,10,0
2025-10-23,-1.0,29.26,27.81,28.535,1,10,0
2025-10-24,-1.0,29.26,27.81,28.535,1,11,0
2025-10-27,-1.0,29.26,27.81,28.535,1,12,0
2025-10-28,-1.0,29.26,27.81,28.535,1,13,0
2025-10-29,-1.0,29.26,27.81,28.535,1,14,0
2025-10-30,-1.0,29.26,27.81,28.535,1,15,0
2025-10-31,-1.0,29.26,27.81,28.535,1,16,0
2025-11-03,-1.0,29.26,27.81,28.535,2,16,0
2025-11-04,-1.0,29.26,27.81,28.535,3,16,0
2025-11-05,-1.0,29.36,27.81,28.585,4,16,0
2025-11-06,-1.0,29.68,27.81,28.744999999999997,5,16,0
2025-11-07,-1.0,30.53,27.81,29.17,6,16,0
2025-11-10,1.0,30.88,30.29,30.585,1,0,1
2025-11-11,1.0,31.73,30.29,31.009999999999998,2,0,0
2025-11-12,1.0,31.73,30.29,31.009999999999998,2,1,0
2025-11-13,1.0,31.73,30.29,31.009999999999998,2,2,0
2025-11-14,1.0,31.73,30.29,31.009999999999998,3,2,0
2025-11-17,1.0,31.73,30.29,31.009999999999998,4,2,0
2025-11-18,1.0,31.73,30.29,31.009999999999998,5,2,0
2025-11-19,1.0,31.73,30.29,31.009999999999998,6,2,0
2025-11-21,1.0,31.73,30.29,31.009999999999998,6,3,0
2025-11-24,1.0,31.73,30.29,31.009999999999998,6,4,0
2025-11-25,1.0,31.73,30.29,31.009999999999998,6,5,0
2025-11-26,1.0,31.73,30.29,31.009999999999998,6,6,0
2025-11-27,1.0,31.73,30.29,31.009999999999998,6,7,0
2025-11-28,1.0,31.73,29.69,30.71,6,8,0
2025-12-01,1.0,31.73,29.69,30.71,6,9,0
2025-12-02,1.0,31.73,29.69,30.71,6,10,0
2025-12-03,1.0,31.73,29.69,30.71,6,11,0
2025-12-04,1.0,31.73,29.69,30.71,7,11,0
2025-12-05,1.0,31.73,29.69,30.71,7,12,0
2025-12-08,1.0,31.73,29.69,30.71,7,13,0
2025-12-09,1.0,31.73,29.69,30.71,7,14,0
2025-12-10,1.0,31.73,29.69,30.71,7,15,0
2025-12-11,1.0,31.73,29.65,30.689999999999998,7,16,0
2025-12-12,1.0,31.73,29.65,30.689999999999998,7,17,0
2025-12-15,1.0,31.73,29.65,30.689999999999998,7,18,0
2025-12-16,1.0,31.73,29.04,30.384999999999998,7,19,0
2025-12-17,1.0,31.73,29.04,30.384999999999998,7,20,0
2025-12-18,1.0,31.73,29.04,30.384999999999998,7,21,0
2025-12-19,1.0,31.73,29.04,30.384999999999998,7,22,0
2025-12-22,1.0,31.73,29.04,30.384999999999998,7,23,0
2025-12-23,1.0,31.73,29.04,30.384999999999998,7,24,0
2025-12-26,1.0,31.73,29.04,30.384999999999998,7,25,0
2025-12-29,1.0,31.73,29.04,30.384999999999998,7,26,0
2025-12-30,1.0,31.73,29.04,30.384999999999998,7,27,0
2026-01-02,1.0,31.73,29.04,30.384999999999998,7,28,0
2026-01-05,-1.0,30.01,28.99,29.5,0,1,-1
2026-01-06,-1.0,30.01,28.89,29.450000000000003,0,2,0
2026-01-07,-1.0,30.01,28.8,29.405,0,3,0
2026-01-08,-1.0,30.01,28.8,29.405,1,3,0
2026-01-09,-1.0,30.01,28.8,29.405,2,3,0
2026-01-12,-1.0,30.01,28.8,29.405,3,3,0
2026-01-13,-1.0,30.54,28.8,29.67,4,3,0
2026-01-14,1.0,31.73,30.43,31.08,1,0,1
2026-01-15,1.0,31.73,30.43,31.08,1,1,0
2026-01-16,1.0,31.73,30.43,31.08,2,1,0
2026-01-19,1.0,31.73,30.43,31.08,3,1,0
2026-01-20,1.0,31.73,30.43,31.08,4,1,0
2026-01-21,1.0,32.72,30.43,31.575,5,1,0
2026-01-22,1.0,33.29,30.43,31.86,6,1,0
2026-01-23,1.0,34.6,30.43,32.515,7,1,0
2026-01-26,1.0,34.82,30.43,32.625,8,1,0
2026-01-27,1.0,35.55,30.43,32.989999999999995,9,1,0
2026-01-28,1.0,36.51,30.43,33.47,10,1,0
2026-01-29,1.0,37.63,30.43,34.03,11,1,0
2026-01-30,1.0,37.63,30.43,34.03,12,1,0
2026-02-02,1.0,37.63,30.43,34.03,13,1,0
2026-02-03,1.0,37.63,30.43,34.03,14,1,0
2026-02-04,1.0,37.63,30.43,34.03,15,1,0
2026-02-05,1.0,37.63,30.43,34.03,16,1,0
2026-02-06,1.0,37.63,30.43,34.03,17,1,0
2026-02-09,1.0,37.63,30.43,34.03,18,1,0
2026-02-10,1.0,37.63,30.43,34.03,19,1,0
2026-02-11,1.0,37.63,30.43,34.03,20,1,0
2026-02-12,1.0,37.63,30.43,34.03,21,1,0
2026-02-13,1.0,37.63,30.43,34.03,22,1,0
2026-02-18,1.0,37.63,30.43,34.03,23,1,0
2026-02-19,1.0,37.63,30.43,34.03,24,1,0
2026-02-20,1.0,37.63,30.43,34.03,25,1,0
2026-02-23,1.0,38.28,30.43,34.355000000000004,26,1,0
2026-02-24,1.0,38.68,30.43,34.555,27,1,0
2026-02-25,1.0,38.98,30.43,34.705,28,1,0
2026-02-26,1.0,38.98,30.43,34.705,29,1,0
2026-02-27,1.0,39.27,30.43,34.85,30,1,0
2026-03-02,1.0,40.5,30.43,35.465,31,1,0
2026-03-03,1.0,40.96,30.43,35.695,32,1,0
2026-03-04,1.0,40.96,30.43,35.695,33,1,0
2026-03-05,1.0,40.96,30.43,35.695,34,1,0
2026-03-06,1.0,42.05,30.43,36.239999999999995,35,1,0
2026-03-09,1.0,43.17,30.43,36.8,36,1,0
2026-03-10,1.0,43.17,30.43,36.8,37,1,0
2026-03-11,1.0,43.77,30.43,37.1,38,1,0
2026-03-12,1.0,44.95,30.43,37.69,39,1,0
2026-03-13,1.0,44.95,30.43,37.69,40,1,0
2026-03-16,1.0,44.95,30.43,37.69,41,1,0
2026-03-17,1.0,46.09,30.43,38.260000000000005,42,1,0
2026-03-18,1.0,46.09,30.43,38.260000000000005,43,1,0
2026-03-19,1.0,46.94,30.43,38.685,44,1,0
2026-03-20,1.0,46.94,30.43,38.685,45,1,0
2026-03-23,1.0,46.94,30.43,38.685,46,1,0
2026-03-24,1.0,46.94,30.43,38.685,47,1,0
2026-03-25,1.0,46.94,30.43,38.685,48,1,0
2026-03-26,1.0,47.27,30.43,38.85,49,1,0
2026-03-27,1.0,48.22,30.43,39.325,50,1,0
2026-03-30,1.0,49.44,30.43,39.935,51,1,0
2026-03-31,1.0,49.44,30.43,39.935,52,1,0
2026-04-01,1.0,49.44,30.43,39.935,53,1,0
2026-04-02,1.0,49.44,30.43,39.935,54,1,0
2026-04-06,1.0,49.44,30.43,39.935,55,1,0
2026-04-07,1.0,49.44,30.43,39.935,56,1,0
2026-04-08,1.0,49.44,30.43,39.935,57,1,0
2026-04-09,1.0,49.44,30.43,39.935,58,1,0
2026-04-10,1.0,49.44,30.43,39.935,59,1,0
2026-04-13,1.0,49.44,30.43,39.935,60,1,0
2026-04-14,1.0,49.44,30.43,39.935,61,1,0
2026-04-15,1.0,49.44,30.43,39.935,62,1,0
2026-04-16,1.0,49.44,30.43,39.935,63,1,0
2026-04-17,1.0,49.44,30.43,39.935,64,1,0
2026-04-20,1.0,49.44,30.43,39.935,65,1,0
2026-04-22,1.0,49.44,30.43,39.935,66,1,0
2026-04-23,1.0,49.44,30.43,39.935,67,1,0
2026-04-24,1.0,49.44,30.43,39.935,68,1,0
2026-04-27,1.0,49.44,30.43,39.935,69,1,0
2026-04-28,1.0,49.44,30.43,39.935,70,1,0
2026-04-29,1.0,49.44,30.43,39.935,71,1,0
2026-04-30,1.0,49.44,30.43,39.935,72,1,0
2026-05-04,1.0,49.44,30.43,39.935,73,1,0
2026-05-05,1.0,49.44,30.43,39.935,74,1,0
2026-05-06,1.0,49.44,30.43,39.935,75,1,0
2026-05-07,1.0,49.44,30.43,39.935,76,1,0
2026-05-08,1.0,49.44,30.43,39.935,77,1,0
2026-05-11,1.0,49.44,30.43,39.935,78,1,0
2026-05-12,1.0,49.44,30.43,39.935,79,1,0
2026-05-13,1.0,49.44,30.43,39.935,80,1,0
2026-05-14,1.0,49.44,30.43,39.935,81,1,0
2026-05-15,1.0,49.44,30.43,39.935,82,1,0
2026-05-18,1.0,49.44,30.43,39.935,83,1,0
2026-05-19,1.0,49.44,30.43,39.935,84,1,0
2026-05-20,1.0,49.44,30.43,39.935,85,1,0
2026-05-21,1.0,49.44,30.43,39.935,86,1,0
2026-05-22,-1.0,44.14,43.27,43.705,1,0,-1
2026-05-25,-1.0,44.14,42.39,43.265,1,1,0
2026-05-26,-1.0,44.14,42.39,43.265,1,2,0
2026-05-27,-1.0,44.14,41.58,42.86,1,3,0
2026-05-28,-1.0,44.14,41.58,42.86,1,4,0
2026-05-29,-1.0,44.14,41.25,42.695,1,5,0
2026-06-01,-1.0,44.14,41.25,42.695,1,6,0
2026-06-02,-1.0,44.14,41.25,42.695,1,7,0
2026-06-03,-1.0,44.14,41.25,42.695,1,8,0
2026-06-05,-1.0,44.14,40.65,42.394999999999996,1,9,0
2026-06-08,-1.0,44.14,40.65,42.394999999999996,1,10,0
2026-06-09,-1.0,44.14,40.65,42.394999999999996,1,11,0
2026-06-10,-1.0,44.14,40.65,42.394999999999996,1,12,0
2026-06-11,-1.0,44.14,40.65,42.394999999999996,1,13,0
2026-06-12,-1.0,44.14,40.65,42.394999999999996,1,14,0
2026-06-15,-1.0,44.14,39.06,41.6,1,15,0
2026-06-16,-1.0,44.14,38.2,41.17,1,16,0
2026-06-17,-1.0,44.14,38.2,41.17,1,17,0
2026-06-18,-1.0,44.14,37.41,40.775,1,18,0
2026-06-19,-1.0,44.14,37.41,40.775,1,19,0
2026-06-22,-1.0,44.14,37.41,40.775,1,20,0
2026-06-23,-1.0,44.14,37.41,40.775,1,21,0
2026-06-24,-1.0,44.14,37.41,40.775,1,22,0
2026-06-25,-1.0,44.14,37.41,40.775,1,23,0
2026-06-26,-1.0,44.14,37.41,40.775,1,24,0
2026-06-29,-1.0,44.14,37.41,40.775,1,25,0
2026-06-30,-1.0,44.14,37.41,40.775,1,26,0
2026-07-01,-1.0,44.14,37.4,40.769999999999996,1,27,0
2026-07-02,-1.0,44.14,37.4,40.769999999999996,1,28,0
2026-07-03,-1.0,44.14,37.4,40.769999999999996,1,29,0
