Date,MA_35
2020-01-02,
2020-01-03,
2020-01-06,
2020-01-07,
2020-01-08,
2020-01-09,
2020-01-10,
2020-01-13,
2020-01-14,
2020-01-15,
2020-01-16,
2020-01-17,
2020-01-20,
2020-01-21,
2020-01-22,
2020-01-23,
2020-01-24,
2020-01-27,
2020-01-28,
2020-01-29,
2020-01-30,
2020-01-31,
2020-02-03,
2020-02-04,
2020-02-05,
2020-02-06,
2020-02-07,
2020-02-10,
2020-02-11,
2020-02-12,
2020-02-13,
2020-02-14,
2020-02-17,
2020-02-18,
2020-02-19,8.237689099993025
2020-02-20,8.231480053492955
2020-02-21,8.221052088056291
2020-02-26,8.184434822627477
2020-02-27,8.14152889251709
2020-02-28,8.100453935350691
2020-03-02,8.069647680010114
2020-03-03,8.036055387769427
2020-03-04,8.008672033037458
2020-03-05,7.97117919921875
2020-03-06,7.917686176300049
2020-03-09,7.810461262294225
2020-03-10,7.71262948172433
2020-03-11,7.599991662161691
2020-03-12,7.464507838657924
2020-03-13,7.353939574105399
2020-03-16,7.222117403575353
2020-03-17,7.092364924294608
2020-03-18,6.959109933035714
2020-03-19,6.827049051012311
2020-03-20,6.692918464115688
2020-03-23,6.554091399056571
2020-03-24,6.433095223563058
2020-03-25,6.322765806743077
2020-03-26,6.209411532538278
2020-03-27,6.089291048049927
2020-03-30,5.963518721716745
2020-03-31,5.844592196600778
2020-04-01,5.726541369301932
2020-04-02,5.61533636365618
2020-04-03,5.497603920527867
2020-04-06,5.386558096749442
2020-04-07,5.282915360586983
2020-04-08,5.187073680332729
2020-04-09,5.084147330692836
2020-04-13,4.975728389195034
2020-04-14,4.870732348305839
2020-04-15,4.769159289768764
2020-04-16,4.685656016213553
2020-04-17,4.612660312652588
2020-04-20,4.537913336072649
2020-04-22,4.460061808994838
2020-04-23,4.387623310089111
2020-04-24,4.300537940434047
2020-04-27,4.230169105529785
2020-04-28,4.185750756944929
2020-04-29,4.202865368979317
2020-04-30,4.206765910557338
2020-05-04,4.2189451081412175
2020-05-05,4.261452960968017
2020-05-06,4.276418249947684
2020-05-07,4.311045449120658
2020-05-08,4.35466775894165
2020-05-11,4.409275218418666
2020-05-12,4.456479631151471
2020-05-13,4.500977570669992
2020-05-14,4.547943156106132
2020-05-15,4.5789882251194545
2020-05-18,4.612580578667777
2020-05-19,4.646730143683297
2020-05-20,4.694491761071341
2020-05-21,4.740740946360996
2020-05-22,4.777995021002633
2020-05-25,4.819229221343994
2020-05-26,4.8523439543587825
2020-05-27,4.888881574358259
2020-05-28,4.920722661699568
2020-05-29,4.952086108071463
2020-06-01,4.976046507699149
2020-06-02,5.0125046048845565
2020-06-03,5.048644229343959
2020-06-04,5.0860574994768415
2020-06-05,5.1315902301243375
2020-06-08,5.185799707685198
2020-06-09,5.230297688075474
2020-06-10,5.273681177411761
2020-06-12,5.3043282645089285
2020-06-15,5.334179278782436
2020-06-16,5.377323954445975
2020-06-17,5.417045715876988
2020-06-18,5.451672921861921
2020-06-19,5.477702971867153
2020-06-22,5.500787775857108
2020-06-23,5.534778159005302
2020-06-24,5.559136608668736
2020-06-25,5.592490141732352
2020-06-26,5.619555050986154
2020-06-29,5.644868687220982
2020-06-30,5.67193363734654
2020-07-01,5.700351810455322
2020-07-02,5.735934257507324
2020-07-03,5.772392272949219
2020-07-06,5.815059348515102
2020-07-07,5.84443278993879
2020-07-08,5.876035049983433
2020-07-09,5.898642240251814
2020-07-10,5.9250703539167136
2020-07-13,5.952851717812674
2020-07-14,5.980075836181641
2020-07-15,6.009290068490165
2020-07-16,6.031499249594552
2020-07-17,6.05514132635934
2020-07-20,6.074246038709368
2020-07-21,6.098445306505476
2020-07-22,6.1115797315325056
2020-07-23,6.120339693341936
2020-07-24,6.130691732679095
2020-07-27,6.139451762608119
2020-07-28,6.141604614257813
2020-07-29,6.153150694710868
2020-07-30,6.164457934243338
2020-07-31,6.177197905949184
2020-08-03,6.18595769064767
2020-08-04,6.189224883488246
2020-08-05,6.203079468863351
2020-08-06,6.21597877229963
2020-08-07,6.226490020751953
2020-08-10,6.246394457135882
2020-08-11,6.257781328473772
2020-08-12,6.277526528494699
2020-08-13,6.288435799734933
2020-08-14,6.303006689889091
2020-08-17,6.310492965153285
2020-08-18,6.322198227473668
2020-08-19,6.331594984872001
2020-08-20,6.336931991577148
2020-08-21,6.341552570887974
2020-08-24,6.345217963627406
2020-08-25,6.350316170283726
2020-08-26,6.34689678464617
2020-08-27,6.3469799041748045
2020-08-28,6.347222341809954
2020-08-31,6.345076506478446
2020-09-01,6.344841371263777
2020-09-02,6.340546403612409
2020-09-03,6.341823727743966
2020-09-04,6.343260179247175
2020-09-08,6.339442798069546
2020-09-09,6.334351852961949
2020-09-10,6.326952362060547
2020-09-11,6.32145962033953
2020-09-14,6.3131011281694684
2020-09-15,6.300921671731132
2020-09-16,6.2924040521894185
2020-09-17,6.284284360068185
2020-09-18,6.2749706132071355
2020-09-21,6.264622061593192
2020-09-22,6.256661673954555
2020-09-23,6.244322967529297
2020-09-24,6.222192941393171
2020-09-25,6.197595255715506
2020-09-28,6.172440242767334
2020-09-29,6.139484024047851
2020-09-30,6.1118612970624655
2020-10-01,6.082964951651437
2020-10-02,6.052556106022426
2020-10-05,6.031540611812047
2020-10-06,6.010286263057163
2020-10-07,5.984574059077672
2020-10-08,5.9650709969656805
2020-10-09,5.941746875217983
2020-10-13,5.922403049468994
2020-10-14,5.898521723066057
2020-10-15,5.873685182843889
2020-10-16,5.850679588317871
2020-10-19,5.829743685041155
2020-10-20,5.810957023075649
2020-10-21,5.797185475485666
2020-10-22,5.781025832039969
2020-10-23,5.763274097442627
2020-10-26,5.7423381396702355
2020-10-27,5.7181384495326455
2020-10-28,5.68956048148019
2020-10-29,5.66217656816755
2020-10-30,5.636862400599888
2020-11-03,5.619110638754709
2020-11-04,5.603508186340332
2020-11-05,5.5893385750906805
2020-11-06,5.573576927185059
2020-11-09,5.56927832194737
2020-11-10,5.580661760057722
2020-11-11,5.596423407963344
2020-11-12,5.605259486607143
2020-11-13,5.62436455317906
2020-11-16,5.647370229448591
2020-11-17,5.675709342956543
2020-11-18,5.7069142614092145
2020-11-19,5.742815780639648
2020-11-23,5.786518628256662
2020-11-24,5.837226608821324
2020-11-25,5.894780499594552
2020-11-26,5.940871361323765
2020-11-27,5.9852109772818425
2020-11-30,6.025888824462891
2020-12-01,6.066964708055768
2020-12-02,6.115602942875453
2020-12-03,6.167425319126674
2020-12-04,6.227606214795794
2020-12-07,6.285319341932024
2020-12-08,6.343669291904995
2020-12-09,6.402735737391881
2020-12-10,6.463553442273821
2020-12-11,6.522540269579206
2020-12-14,6.576511968885149
2020-12-15,6.634463964189802
2020-12-16,6.697669805799212
2020-12-17,6.76421902520316
2020-12-18,6.839285932268415
2020-12-21,6.900820064544678
2020-12-22,6.967210033961705
2020-12-23,7.033281707763672
2020-12-28,7.100627027239118
2020-12-29,7.16733546938215
2020-12-30,7.235715566362654
2021-01-04,7.2938267026628765
2021-01-05,7.349231284005302
2021-01-06,7.406705624716622
2021-01-07,7.479065949576242
2021-01-08,7.546650041852678
2021-01-11,7.606910501207624
2021-01-12,7.6621559143066404
2021-01-13,7.706734398433141
2021-01-14,7.751551737104143
2021-01-15,7.775592177254813
2021-01-18,7.790318965911865
2021-01-19,7.809742409842355
2021-01-20,7.828767830984933
2021-01-21,7.845086765289307
2021-01-22,7.86252008165632
2021-01-26,7.873664651598249
2021-01-27,7.8855257306780135
2021-01-28,7.894441441127232
2021-01-29,7.887754685538155
2021-02-01,7.8919737134661
2021-02-02,7.907894543239048
2021-02-03,7.923815359388079
2021-02-04,7.931775801522392
2021-02-05,7.9418855394635886
2021-02-08,7.945786190032959
2021-02-09,7.943318407876151
2021-02-10,7.940213871002197
2021-02-11,7.938940157209124
2021-02-12,7.941646671295166
2021-02-17,7.962104988098145
2021-02-18,7.977946254185268
2021-02-19,7.973010785239083
2021-02-22,7.921188340868269
2021-02-23,7.887674944741385
2021-02-24,7.856310844421387
2021-02-25,7.810777173723493
2021-02-26,7.748685823168073
2021-03-01,7.684206281389509
2021-03-02,7.612482765742711
2021-03-03,7.533435671670096
2021-03-04,7.464657511029925
2021-03-05,7.399063532693045
2021-03-08,7.334982013702392
2021-03-09,7.272412954057966
2021-03-10,7.2264016832624165
2021-03-11,7.188350800105503
2021-03-12,7.144409275054931
2021-03-15,7.108109760284424
2021-03-16,7.07411869594029
2021-03-17,7.050157805851527
2021-03-18,7.02022658756801
2021-03-19,6.9931611061096195
2021-03-22,6.959408909933908
2021-03-23,6.928442777906145
2021-03-24,6.890949167524066
2021-03-25,6.8474852561950685
2021-03-26,6.803862054007394
2021-03-29,6.764139516013009
2021-03-30,6.7242577961512975
2021-03-31,6.692336450304304
2021-04-01,6.663280895778111
2021-04-05,6.6333497047424315
2021-04-06,6.601030363355364
2021-04-07,6.565686021532331
2021-04-08,6.518799073355538
2021-04-09,6.474061461857387
2021-04-12,6.44667752129691
2021-04-13,6.464986487797328
2021-04-14,6.467295006343297
2021-04-15,6.463052994864327
2021-04-16,6.467291150774274
2021-04-19,6.490035370418004
2021-04-20,6.510905047825404
2021-04-22,6.530949265616281
2021-04-23,6.557197189331054
2021-04-26,6.575986494336809
2021-04-27,6.587827273777553
2021-04-28,6.616848768506731
2021-04-29,6.639336599622454
2021-04-30,6.6558540889195035
2021-05-03,6.6632457596915105
2021-05-04,6.6671493666512625
2021-05-05,6.6749666350228445
2021-05-06,6.683013888767787
2021-05-07,6.691933740888323
2021-05-10,6.7101734842572895
2021-05-11,6.726066044398716
2021-05-12,6.742735058920724
2021-05-13,6.766863673073905
2021-05-14,6.801612077440534
2021-05-17,6.836297784532819
2021-05-18,6.866363048553467
2021-05-19,6.8918372290475025
2021-05-20,6.915501144954137
2021-05-21,6.9371803283691404
2021-05-24,6.964151668548584
2021-05-25,6.985403265271868
2021-05-26,7.008871269226074
2021-05-27,7.031017317090716
2021-05-28,7.06443817956107
2021-05-31,7.097269644056047
2021-06-01,7.131646524156843
2021-06-02,7.170159012930734
2021-06-04,7.210830334254673
2021-06-07,7.253617695399693
2021-06-08,7.300601523263114
2021-06-09,7.336641693115235
2021-06-10,7.376631464276995
2021-06-11,7.416621249062675
2021-06-14,7.458256735120501
2021-06-15,7.501455593109131
2021-06-16,7.551154831477574
2021-06-17,7.585631561279297
2021-06-18,7.624304785047259
2021-06-21,7.668161828177316
2021-06-22,7.7148165566580635
2021-06-23,7.767560318538121
2021-06-24,7.815449333190918
2021-06-25,7.861528056008475
2021-06-28,7.899954468863351
2021-06-29,7.93681742804391
2021-06-30,7.9720347813197545
2021-07-01,8.007252080099923
2021-07-02,8.041728809901647
2021-07-05,8.062711116245815
2021-07-06,8.071021706717355
2021-07-07,8.08500988824027
2021-07-08,8.096035848345075
2021-07-12,8.110846887316022
2021-07-13,8.12689208984375
2021-07-14,8.13742436000279
2021-07-15,8.147627517155238
2021-07-16,8.152482209886823
2021-07-19,8.155197647639683
2021-07-20,8.151906299591065
2021-07-21,8.152646800449917
2021-07-22,8.149437727246966
2021-07-23,8.140139661516463
2021-07-26,8.131664453233991
2021-07-27,8.122284167153495
2021-07-28,8.114467293875558
2021-07-29,8.107473155430386
2021-07-30,8.092909063611712
2021-08-02,8.075135816846576
2021-08-03,8.059501961299352
2021-08-04,8.036873980930872
2021-08-05,8.030373546055385
2021-08-06,8.03251291002546
2021-08-09,8.031443187168666
2021-08-10,8.025930241176061
2021-08-11,8.022392054966518
2021-08-12,8.020746312822615
2021-08-13,8.018277713230678
2021-08-16,8.01449271610805
2021-08-17,8.011118371146067
2021-08-18,8.004581887381418
2021-08-19,7.994680486406598
2021-08-20,7.987474959237235
2021-08-23,7.982943671090262
2021-08-24,7.986010115487235
2021-08-25,8.000093746185303
2021-08-26,8.0089581489563
2021-08-27,8.031148856026785
2021-08-30,8.049708271026612
2021-08-31,8.057191453661238
2021-09-01,8.06525936126709
2021-09-02,8.074345942905971
2021-09-03,8.084369904654366
2021-09-06,8.099147592272077
2021-09-08,8.098054953983851
2021-09-09,8.098538671221052
2021-09-10,8.098121098109655
2021-09-13,8.10677946635655
2021-09-14,8.10637971333095
2021-09-15,8.112536334991455
2021-09-16,8.112079742976597
2021-09-17,8.100599902016777
2021-09-20,8.094084221976145
2021-09-21,8.096565110342842
2021-09-22,8.101005322592599
2021-09-23,8.118766948154994
2021-09-24,8.12001895904541
2021-09-27,8.123034313746862
2021-09-28,8.1261260168893
2021-09-29,8.132226099286761
2021-09-30,8.133722169058663
2021-10-01,8.138393238612585
2021-10-04,8.147894832066127
2021-10-05,8.168731035505022
2021-10-06,8.182767650059292
2021-10-07,8.198547962733677
2021-10-08,8.220169639587402
2021-10-11,8.243883759634835
2021-10-13,8.266638864789691
2021-10-14,8.284947531563896
2021-10-15,8.301251002720424
2021-10-18,8.318339129856655
2021-10-19,8.314154270717076
2021-10-20,8.315897914341518
2021-10-21,8.31816474369594
2021-10-22,8.31938533782959
2021-10-25,8.340658269609724
2021-10-26,8.3618440083095
2021-10-27,8.381286130632674
2021-10-28,8.41607266834804
2021-10-29,8.43045801435198
2021-11-01,8.45364898954119
2021-11-03,8.45905441556658
2021-11-04,8.460100596291678
2021-11-05,8.45591572352818
2021-11-08,8.456090082441058
2021-11-09,8.470998546055386
2021-11-10,8.486517361232213
2021-11-11,8.497328158787319
2021-11-12,8.50726717540196
2021-11-16,8.511016096387591
2021-11-17,8.508226244790213
2021-11-18,8.502995204925536
2021-11-19,8.495497376578195
2021-11-22,8.486517333984375
2021-11-23,8.491486849103655
2021-11-24,8.494712666102819
2021-11-25,8.50194890158517
2021-11-26,8.49366637638637
2021-11-29,8.50090263911656
2021-11-30,8.508138983590262
2021-12-01,8.512323869977678
2021-12-02,8.53445554460798
2021-12-03,8.557802200317383
2021-12-06,8.581986100333078
2021-12-07,8.611470603942871
2021-12-08,8.642164884294782
2021-12-09,8.684826169695173
2021-12-10,8.726741218566895
2021-12-13,8.776047652108328
2021-12-14,8.824280221121652
2021-12-15,8.858059447152273
2021-12-16,8.898099408830916
2021-12-17,8.9318938936506
2021-12-20,8.955205426897322
2021-12-21,8.994689178466796
2021-12-22,9.026370429992676
2021-12-23,9.069742802211216
2021-12-27,9.124639306749616
2021-12-28,9.181137439182827
2021-12-29,9.232931096213205
2021-12-30,9.279309667859758
2022-01-03,9.333787277766637
2022-01-04,9.389167853764125
2022-01-05,9.428773294176374
2022-01-06,9.465741661616734
2022-01-07,9.509998989105224
2022-01-10,9.552940109797886
2022-01-11,9.607846314566476
2022-01-12,9.669104412623815
2022-01-13,9.723684310913086
2022-01-14,9.784361812046596
2022-01-17,9.834631020682199
2022-01-18,9.896297591073173
2022-01-19,9.947776630946569
2022-01-20,10.001856940133232
2022-01-21,10.054944883074079
2022-01-24,10.090105138506209
2022-01-25,10.131533513750348
2022-01-26,10.180307333809989
2022-01-27,10.224575914655412
2022-01-28,10.255818666730608
2022-01-31,10.285788100106375
2022-02-01,10.318597766331264
2022-02-02,10.348469243730818
2022-02-03,10.377361352103097
2022-02-04,10.40997507912772
2022-02-07,10.434068189348494
2022-02-08,10.461883027212961
2022-02-09,10.499002075195312
2022-02-10,10.540528351919992
2022-02-11,10.595374434334891
2022-02-14,10.641112136840821
2022-02-15,10.677643612452917
2022-02-16,10.718288503374373
2022-02-17,10.760010719299316
2022-02-18,10.804573113577707
2022-02-21,10.851192283630372
2022-02-22,10.89565680367606
2022-02-23,10.955889402117048
2022-02-24,11.008189010620118
2022-02-25,11.065189743041993
2022-03-02,11.130417333330428
2022-03-03,11.183304568699429
2022-03-04,11.227475193568639
2022-03-07,11.24197017124721
2022-03-08,11.251862035478865
2022-03-09,11.26224365234375
2022-03-10,11.282419177464076
2022-03-11,11.292213112967355
2022-03-14,11.293682207380023
2022-03-15,11.28712021963937
2022-03-16,11.276150948660714
2022-03-17,11.246964945111955
2022-03-18,11.215036719185965
2022-03-21,11.194273567199707
2022-03-22,11.185263143266951
2022-03-23,11.182324954441615
2022-03-24,11.176644406999861
2022-03-25,11.174489838736397
2022-03-28,11.169886643545968
2022-03-29,11.166654750279017
2022-03-30,11.174881717136929
2022-03-31,11.190747914995466
2022-04-01,11.201129531860351
2022-04-04,11.203675951276507
2022-04-05,11.19025821685791
2022-04-06,11.183990097045898
2022-04-07,11.199268586294991
2022-04-08,11.211804825919016
2022-04-11,11.22306785583496
2022-04-12,11.231392778669084
2022-04-13,11.238444328308105
2022-04-14,11.24304016658238
2022-04-18,11.237041991097586
2022-04-19,11.249137251717704
2022-04-20,11.256865310668946
2022-04-22,11.24474549974714
2022-04-25,11.232015555245535
2022-04-26,11.218847792489187
2022-04-27,11.22947929927281
2022-04-28,11.23578976222447
2022-04-29,11.241335024152484
2022-05-02,11.232500866481237
2022-05-03,11.238410323006766
2022-05-04,11.269892420087542
2022-05-05,11.308272961207798
2022-05-06,11.360548291887556
2022-05-09,11.411211449759348
2022-05-10,11.45899829864502
2022-05-11,11.507629530770439
2022-05-12,11.56041772024972
2022-05-13,11.61370895930699
2022-05-16,11.667019462585449
2022-05-17,11.716683469499861
2022-05-18,11.767203167506628
2022-05-19,11.81697439466204
2022-05-20,11.867059326171875
2022-05-23,11.92731797354562
2022-05-24,11.981324877057757
2022-05-25,12.043740980965751
2022-05-26,12.110148457118443
2022-05-27,12.1585814339774
2022-05-30,12.183277239118304
2022-05-31,12.207143756321498
2022-06-01,12.233079092843193
2022-06-02,12.25688945225307
2022-06-03,12.27985703604562
2022-06-06,12.306596429007394
2022-06-07,12.343527385166713
2022-06-08,12.36870275224958
2022-06-09,12.387017359052386
2022-06-10,12.413603155953544
2022-06-13,12.440473256792341
2022-06-14,12.471819305419922
2022-06-15,12.49695658002581
2022-06-17,12.498817035130092
2022-06-20,12.504164722987584
2022-06-21,12.506159700666155
2022-06-22,12.50430657523019
2022-06-23,12.476982988630022
2022-06-24,12.447914341517857
2022-06-27,12.427773938860213
2022-06-28,12.42145562853132
2022-06-29,12.409152276175362
2022-06-30,12.382950455801828
2022-07-01,12.361126899719238
2022-07-04,12.34187229701451
2022-07-05,12.305721419198173
2022-07-06,12.27009369986398
2022-07-07,12.2501375743321
2022-07-08,12.227894864763533
2022-07-11,12.196908978053502
2022-07-12,12.146110016959055
2022-07-13,12.106110899788993
2022-07-14,12.051664352416992
2022-07-15,12.001874460492814
2022-07-18,11.977994428362166
2022-07-19,11.968322944641113
2022-07-20,11.957696287972587
2022-07-21,11.945756231035505
2022-07-22,11.940621975490025
2022-07-25,11.94563685825893
2022-07-26,11.954114314488002
2022-07-27,11.962352916172572
2022-07-28,11.983606202261788
2022-07-29,12.032321548461914
2022-08-01,12.080439840044294
2022-08-02,12.13488644191197
2022-08-03,12.185631561279298
2022-08-04,12.24688388279506
2022-08-05,12.33715043749128
2022-08-08,12.444729995727538
2022-08-09,12.566040665762765
2022-08-10,12.686873653956821
2022-08-11,12.803408377511161
2022-08-12,12.954472623552595
2022-08-15,13.085504913330078
2022-08-16,13.21661044529506
2022-08-17,13.36169831412179
2022-08-18,13.518254906790597
2022-08-19,13.642866706848144
2022-08-22,13.770166070120675
2022-08-23,13.925821822030203
2022-08-24,14.088708659580776
2022-08-25,14.236645344325474
2022-08-26,14.386039951869419
2022-08-29,14.549423163277762
2022-08-30,14.6878812789917
2022-08-31,14.837831088474818
2022-09-01,15.005946459089007
2022-09-02,15.162144715445383
2022-09-05,15.30952845982143
2022-09-06,15.431804629734584
2022-09-08,15.549801308768137
2022-09-09,15.669442340305872
2022-09-12,15.780836377825056
2022-09-13,15.863702092851911
2022-09-14,15.949758202689035
2022-09-15,16.030874960763114
2022-09-16,16.096662412370954
2022-09-19,16.147426223754884
2022-09-20,16.201162610735214
2022-09-21,16.254280853271485
2022-09-22,16.318451145717077
2022-09-23,16.348996571132115
2022-09-26,16.362130655561174
2022-09-27,16.359822354997906
2022-09-28,16.344484683445522
2022-09-29,16.331166321890695
2022-09-30,16.335301317487446
2022-10-03,16.342193004063198
2022-10-04,16.337060819353376
2022-10-05,16.344978986467634
2022-10-06,16.358175768171037
2022-10-07,16.3612551007952
2022-10-10,16.383543069022043
2022-10-11,16.392194311959404
2022-10-13,16.399525778634207
2022-10-14,16.396299852643693
2022-10-17,16.397912870134626
2022-10-18,16.40627087184361
2022-10-19,16.420054190499442
2022-10-20,16.47929322378976
2022-10-21,16.54513053894043
2022-10-24,16.550995690482004
2022-10-25,16.55260865347726
2022-10-26,16.543370710100447
2022-10-27,16.555981063842772
2022-10-28,16.56727169581822
2022-10-31,16.53823882511684
2022-11-01,16.51448462350028
2022-11-03,16.504220499311174
2022-11-04,16.462870516095844
2022-11-07,16.40553763253348
2022-11-08,16.355243110656737
2022-11-09,16.291165242876325
2022-11-10,16.218289538792202
2022-11-11,16.156997762407574
2022-11-14,16.09482604435512
2022-11-16,16.053916031973703
2022-11-17,16.022683552333287
2022-11-18,15.979134041922434
2022-11-21,15.942622920445034
2022-11-22,15.878836277553013
2022-11-23,15.809590285164969
2022-11-24,15.718152890886579
2022-11-25,15.63247457231794
2022-11-28,15.537337466648646
2022-11-29,15.441925539289201
2022-11-30,15.367033522469656
2022-12-01,15.280927848815917
2022-12-02,15.203508050101144
2022-12-05,15.107755579267229
2022-12-06,15.019941711425782
2022-12-07,14.9280182157244
2022-12-08,14.815129143851143
2022-12-09,14.683399663652693
2022-12-12,14.52372373853411
2022-12-13,14.33646343776158
2022-12-14,14.171062115260533
2022-12-15,14.025160244532994
2022-12-16,13.891439165387835
2022-12-19,13.759228924342564
2022-12-20,13.64356163569859
2022-12-21,13.576208278111048
2022-12-22,13.514710562569755
2022-12-23,13.469620186941965
2022-12-26,13.445900099618095
2022-12-27,13.441709436689104
2022-12-28,13.429723058428083
2022-12-29,13.419628933497838
2023-01-02,13.396185629708427
2023-01-03,13.350886726379395
2023-01-04,13.30631514957973
2023-01-05,13.28282893044608
2023-01-06,13.256999942234584
2023-01-09,13.239955302647182
2023-01-10,13.225188854762486
2023-01-11,13.240092032296317
2023-01-12,13.25876020703997
2023-01-13,13.263780185154506
2023-01-16,13.266603987557547
2023-01-17,13.284801510402135
2023-01-18,13.279938507080079
2023-01-19,13.267859159197126
2023-01-20,13.280095427376883
2023-01-23,13.293900380815778
2023-01-24,13.309274101257325
2023-01-25,13.329667799813407
2023-01-26,13.3437865121024
2023-01-27,13.3569639478411
2023-01-30,13.3732789175851
2023-01-31,13.40716391972133
2023-02-01,13.444657053266253
2023-02-02,13.492504010881696
2023-02-03,13.535644640241351
2023-02-06,13.594158908299038
2023-02-07,13.644986425127302
2023-02-08,13.69173526763916
2023-02-09,13.728757776532854
2023-02-10,13.771584701538085
2023-02-13,13.797939600263323
2023-02-14,13.825549588884627
2023-02-15,13.851120240347726
2023-02-16,13.883279473440988
2023-02-17,13.913713264465333
2023-02-22,13.958265795026506
2023-02-23,14.024310084751674
2023-02-24,14.069019481113978
2023-02-27,14.104630088806152
2023-02-28,14.128161239624024
2023-03-01,14.150594302586146
2023-03-02,14.1592223576137
2023-03-03,14.181498609270369
2023-03-06,14.202362877982003
2023-03-07,14.21067728315081
2023-03-08,14.232326017107283
2023-03-09,14.229031644548689
2023-03-10,14.227619743347168
2023-03-13,14.200950949532645
2023-03-14,14.160006659371513
2023-03-15,14.105884851728167
2023-03-16,14.053488649640764
2023-03-17,13.999680491856166
2023-03-20,13.947597939627512
2023-03-21,13.912771660940988
2023-03-22,13.874807902744838
2023-03-23,13.82350970676967
2023-03-24,13.777702168055944
2023-03-27,13.756680951799666
2023-03-28,13.737855911254883
2023-03-29,13.70836339678083
2023-03-30,13.682479013715472
2023-03-31,13.641691480364118
2023-04-03,13.619101442609514
2023-04-04,13.580667087009974
2023-04-05,13.542232704162597
2023-04-06,13.499876512799943
2023-04-10,13.464893341064453
2023-04-11,13.446225329807826
2023-04-12,13.436969648088727
2023-04-13,13.44120535169329
2023-04-14,13.437283488682338
2023-04-17,13.449990327017648
2023-04-18,13.469442803519113
2023-04-19,13.489365986415319
2023-04-20,13.511171613420759
2023-04-24,13.551331574576242
2023-04-25,13.573137201581682
2023-04-26,13.585530362810408
2023-04-27,13.60121784210205
2023-04-28,13.621253967285156
2023-05-02,13.62605116707938
2023-05-03,13.634611620221818
2023-05-04,13.661926868983677
2023-05-05,13.713305718558175
2023-05-08,13.780285699026924
2023-05-09,13.849934550694057
2023-05-10,13.914601244245256
2023-05-11,14.004270880562919
2023-05-12,14.101058060782297
2023-05-15,14.188517107282365
2023-05-16,14.29560020991734
2023-05-17,14.39153050013951
2023-05-18,14.483993394034249
2023-05-19,14.569317517961775
2023-05-22,14.647127859933036
2023-05-23,14.73497314453125
2023-05-24,14.838044384547642
2023-05-25,14.921266419546944
2023-05-26,15.014124625069755
2023-05-29,15.10378407069615
2023-05-30,15.193632670811244
2023-05-31,15.270709337506975
2023-06-01,15.344589342389789
2023-06-02,15.419376482282367
2023-06-05,15.496464511326382
2023-06-06,15.579566383361817
2023-06-07,15.670726994105747
2023-06-09,15.776136752537319
2023-06-12,15.904717336382184
2023-06-13,16.02941175188337
2023-06-14,16.16945310320173
2023-06-15,16.297851616995676
2023-06-16,16.436291095188686
2023-06-19,16.599613761901857
2023-06-20,16.756392070225306
2023-06-21,16.954235594613213
2023-06-22,17.145961216517858
2023-06-23,17.30703626360212
2023-06-26,17.46359680720738
2023-06-27,17.60662626538958
2023-06-28,17.753702081952778
2023-06-29,17.9044741494315
2023-06-30,18.011099134172714
2023-07-03,18.113589205060688
2023-07-04,18.227823529924667
2023-07-05,18.32999507359096
2023-07-06,18.434815107073103
2023-07-07,18.534160096304756
2023-07-10,18.635153416224888
2023-07-11,18.731266021728516
2023-07-12,18.816621943882534
2023-07-13,18.9035706111363
2023-07-14,18.983132934570314
2023-07-17,19.05538068498884
2023-07-18,19.126559611729213
2023-07-19,19.20812361580985
2023-07-20,19.295023999895367
2023-07-21,19.377436065673827
2023-07-24,19.467633983067103
2023-07-25,19.56588728768485
2023-07-26,19.653891263689314
2023-07-27,19.69709047589983
2023-07-28,19.72233968462263
2023-07-31,19.763641684395925
2023-08-01,19.796403612409318
2023-08-02,19.804499871390206
2023-08-03,19.833307647705077
2023-08-04,19.84008592878069
2023-08-07,19.835755266462055
2023-08-08,19.82916521344866
2023-08-09,19.802993338448662
2023-08-10,19.78755384172712
2023-08-11,19.79508536202567
2023-08-14,19.79131965637207
2023-08-15,19.79621500287737
2023-08-16,19.808453587123324
2023-08-17,19.816173335484095
2023-08-18,19.853642327444895
2023-08-21,19.87661328996931
2023-08-22,19.90724378313337
2023-08-23,19.970488030569893
2023-08-24,20.04141605922154
2023-08-25,20.11086823599679
2023-08-28,20.186415699550082
2023-08-29,20.27086296081543
2023-08-30,20.35923374720982
2023-08-31,20.42565187726702
2023-09-01,20.516477639334543
2023-09-04,20.601787240164622
2023-09-05,20.71121940612793
2023-09-06,20.818499973842076
2023-09-08,20.922869982038225
2023-09-11,21.016297803606307
2023-09-12,21.10117950439453
2023-09-13,21.163107899257113
2023-09-14,21.241455241612027
2023-09-15,21.350507627214704
2023-09-18,21.457284491402763
2023-09-19,21.540206473214287
2023-09-20,21.634294509887695
2023-09-21,21.719341223580496
2023-09-22,21.80232227870396
2023-09-25,21.906925909859794
2023-09-26,21.992510495867048
2023-09-27,22.098249271937778
2023-09-28,22.198100989205496
2023-09-29,22.298465510777064
2023-10-02,22.389984021868024
2023-10-03,22.477064296177456
2023-10-04,22.533614567347936
2023-10-05,22.579511642456055
2023-10-06,22.642537689208986
2023-10-09,22.73220416477748
2023-10-10,22.83109495980399
2023-10-11,22.919248962402342
2023-10-13,22.998216138567244
2023-10-16,23.08597924368722
2023-10-17,23.197393362862723
2023-10-18,23.318385096958707
2023-10-19,23.434490149361746
2023-10-20,23.53671760559082
2023-10-23,23.603370666503906
2023-10-24,23.666896275111608
2023-10-25,23.740781348092217
2023-10-26,23.78632436479841
2023-10-27,23.823853193010603
2023-10-30,23.856691033499583
2023-10-31,23.88346960885184
2023-11-01,23.914548219953264
2023-11-03,23.96360958644322
2023-11-06,23.99566557747977
2023-11-07,24.01579807826451
2023-11-08,24.016579982212612
2023-11-09,24.029675892421178
2023-11-10,24.038080869402204
2023-11-13,24.075805282592775
2023-11-14,24.117829949515208
2023-11-16,24.143240138462613
2023-11-17,24.20676580156599
2023-11-20,24.250158636910573
2023-11-21,24.287492098127093
2023-11-22,24.32459041050502
2023-11-23,24.37205581665039
2023-11-24,24.424484416416714
2023-11-27,24.499238095964703
2023-11-28,24.582607051304407
2023-11-29,24.643214416503906
2023-11-30,24.689487511771066
2023-12-01,24.725803593226843
2023-12-04,24.74844147818429
2023-12-05,24.74515555245536
2023-12-06,24.708660561697823
2023-12-07,24.651189749581473
2023-12-08,24.59883896963937
2023-12-11,24.54736578805106
2023-12-12,24.49978278023856
2023-12-13,24.511018698556082
2023-12-14,24.52712925502232
2023-12-15,24.541151210239956
2023-12-18,24.571342631748745
2023-12-19,24.61494434901646
2023-12-20,24.668223190307618
2023-12-21,24.728350939069475
2023-12-22,24.78816043308803
2023-12-26,24.85174478803362
2023-12-27,24.91652488708496
2023-12-28,24.990400096348353
2024-01-02,25.089903313773018
2024-01-03,25.199497440883093
2024-01-04,25.305515834263392
2024-01-05,25.394402422223774
2024-01-08,25.46782079424177
2024-01-09,25.546850204467773
2024-01-10,25.59609647478376
2024-01-11,25.65125639779227
2024-01-12,25.715875244140626
2024-01-15,25.785343606131416
2024-01-16,25.844858877999442
2024-01-17,25.897874123709542
2024-01-18,25.95190511431013
2024-01-19,25.99110815865653
2024-01-22,26.04127976553781
2024-01-23,26.087185777936664
2024-01-24,26.132076099940708
2024-01-25,26.22084116254534
2024-01-26,26.32666860307966
2024-01-29,26.470277186802456
2024-01-30,26.61043259756906
2024-01-31,26.73779100690569
2024-02-01,26.884243283952987
2024-02-02,27.025414330618723
2024-02-05,27.16028834751674
2024-02-06,27.28764702933175
2024-02-07,27.425771168300084
2024-02-08,27.548051725115094
2024-02-09,27.650629261561804
2024-02-14,27.74426939828055
2024-02-15,27.86431541442871
2024-02-16,27.985174070085797
2024-02-19,28.098314012799943
2024-02-20,28.20170418875558
2024-02-21,28.30875026157924
2024-02-22,28.398328018188476
2024-02-23,28.458046449933732
2024-02-26,28.54051470075335
2024-02-27,28.619936098371234
2024-02-28,28.66056082589286
2024-02-29,28.70199797494071
2024-03-01,28.75135705130441
2024-03-04,28.792185047694616
2024-03-05,28.828544071742467
2024-03-06,28.87444997514997
2024-03-07,28.920965249197824
2024-03-08,28.89699657985142
2024-03-11,28.854746845790316
2024-03-12,28.840325001307896
2024-03-13,28.813512638636997
2024-03-14,28.773903383527482
2024-03-15,28.742215946742466
2024-03-18,28.68249751499721
2024-03-19,28.60348243713379
2024-03-20,28.52487346104213
2024-03-21,28.431030327933176
2024-03-22,28.335359137398857
2024-03-25,28.234406552995953
2024-03-26,28.137516512189592
2024-03-27,28.042861066545758
2024-03-28,27.9569397517613
2024-04-01,27.864518465314593
2024-04-02,27.79870638166155
2024-04-03,27.74020674569266
2024-04-04,27.679066358293806
2024-04-05,27.593754523141044
2024-04-08,27.511286272321428
2024-04-09,27.426583698817662
2024-04-10,27.36849011012486
2024-04-11,27.30328734261649
2024-04-12,27.237271935599193
2024-04-15,27.184662791660855
2024-04-16,27.11966323852539
2024-04-17,27.06177302769252
2024-04-18,27.04999155317034
2024-04-19,27.057913425990513
2024-04-22,27.08472567967006
2024-04-23,27.1119441986084
2024-04-24,27.137740979875836
2024-04-25,27.16577219281878
2024-04-26,27.21505562918527
2024-04-29,27.349732208251954
2024-04-30,27.50302211216518
2024-05-02,27.63588752746582
2024-05-03,27.766486249651226
2024-05-06,27.906220735822405
2024-05-07,28.05460559300014
2024-05-08,28.216099548339844
2024-05-09,28.391797256469726
2024-05-10,28.552736391339984
2024-05-13,28.734859793526784
2024-05-14,28.893524442400253
2024-05-15,28.987174006870816
2024-05-16,29.063314655848913
2024-05-17,29.120703288487025
2024-05-20,29.162946919032507
2024-05-21,29.19777390616281
2024-05-22,29.22379744393485
2024-05-23,29.245817838396345
2024-05-24,29.272415978567942
2024-05-27,29.305295998709543
2024-05-28,29.344631794520787
2024-05-29,29.38084635053362
2024-05-31,29.42226333618164
2024-06-03,29.46499334062849
2024-06-04,29.505662209647042
2024-06-05,29.539905384608677
2024-06-06,29.574416078839985
2024-06-07,29.571645409720286
2024-06-10,29.57966068812779
2024-06-11,29.577351106916154
2024-06-12,29.537475204467775
2024-06-13,29.491152954101562
2024-06-14,29.43120253426688
2024-06-17,29.35405742100307
2024-06-18,29.28923852103097
2024-06-19,29.214651707240513
2024-06-20,29.155558940342495
2024-06-21,29.09738507952009
2024-06-24,29.058710752214704
2024-06-25,29.013478142874582
2024-06-26,28.958909279959542
2024-06-27,28.90472526550293
2024-06-28,28.84944474356515
2024-07-01,28.80912971496582
2024-07-02,28.765252249581472
2024-07-03,28.722702734810966
2024-07-04,28.72233815874372
2024-07-05,28.750872639247348
2024-07-08,28.812894930158343
2024-07-09,28.87338523864746
2024-07-10,28.92733018057687
2024-07-11,28.97620484488351
2024-07-12,29.029109464372908
2024-07-15,29.094220842633927
2024-07-16,29.148370960780554
2024-07-17,29.18978364127023
2024-07-18,29.230716814313617
2024-07-19,29.252566255841938
2024-07-22,29.26172981262207
2024-07-23,29.269281223842075
2024-07-24,29.282468686785016
2024-07-25,29.29061132158552
2024-07-26,29.329247774396624
2024-07-29,29.33863754272461
2024-07-30,29.339382880074638
2024-07-31,29.375030953543526
2024-08-01,29.40597081865583
2024-08-02,29.429511969430106
2024-08-05,29.449465778895785
2024-08-06,29.45888203212193
2024-08-07,29.46650494166783
2024-08-08,29.474352046421597
2024-08-09,29.47031636919294
2024-08-12,29.476593998500277
2024-08-13,29.4783876146589
2024-08-14,29.49340891156878
2024-08-15,29.507533645629884
2024-08-16,29.517622538975306
2024-08-19,29.513362612043107
2024-08-20,29.50843004499163
2024-08-21,29.513362557547435
2024-08-22,29.532563618251256
2024-08-23,29.541977201189315
2024-08-26,29.592560359409877
2024-08-27,29.631146730695452
2024-08-28,29.6907169342041
2024-08-29,29.73823231288365
2024-08-30,29.79070543561663
2024-09-02,29.826800264631
2024-09-03,29.85429949079241
2024-09-04,29.877545438494
2024-09-05,29.89682666233608
2024-09-06,29.89522726876395
2024-09-09,29.920345142909458
2024-09-10,29.941922269548687
2024-09-11,29.955850982666014
2024-09-12,29.961216190883093
2024-09-13,29.963558415004186
2024-09-16,29.99469953264509
2024-09-17,30.027077538626536
2024-09-18,30.021894345964704
2024-09-19,30.032257625034877
2024-09-20,30.067276545933314
2024-09-23,30.111499677385602
2024-09-24,30.145281164986745
2024-09-25,30.18640932355608
2024-09-26,30.196087265014647
2024-09-27,30.21015990121024
2024-09-30,30.203318078177315
2024-10-01,30.223768615722655
2024-10-02,30.241405814034596
2024-10-03,30.256645965576173
2024-10-04,30.265993227277484
2024-10-07,30.288906478881835
2024-10-08,30.297428022112165
2024-10-09,30.302344022478376
2024-10-10,30.314564841134207
2024-10-11,30.331397356305803
2024-10-14,30.288509041922435
2024-10-15,30.250693566458565
2024-10-16,30.19558459690639
2024-10-17,30.140244947160994
2024-10-18,30.081677300589426
2024-10-21,30.018267386300224
2024-10-22,29.962466648646764
2024-10-23,29.89605909075056
2024-10-24,29.840719713483537
2024-10-25,29.808438219342914
2024-10-28,29.765319606236048
2024-10-29,29.73488279070173
2024-10-30,29.70167895725795
2024-10-31,29.67954319545201
2024-11-01,29.650028719220842
2024-11-04,29.610599245343888
2024-11-05,29.57255325317383
2024-11-06,29.555259650094168
2024-11-07,29.537735366821288
2024-11-08,29.53589074271066
2024-11-11,29.52712871006557
2024-11-12,29.53058749607631
2024-11-13,29.52666745867048
2024-11-14,29.55018664768764
2024-11-18,29.59837826320103
2024-11-19,29.63965219770159
2024-11-21,29.66132698059082
2024-11-22,29.706059864589147
2024-11-25,29.734652165004185
2024-11-26,29.76439721243722
2024-11-27,29.77869349888393
2024-11-28,29.801521246773856
2024-11-29,29.84025889805385
2024-12-02,29.874846267700196
2024-12-03,29.918195615495954
2024-12-04,29.953705433436802
2024-12-05,30.005355616978235
2024-12-06,30.047321319580078
2024-12-09,30.119032124110632
2024-12-10,30.196507372174946
2024-12-11,30.296579905918666
2024-12-12,30.38313991001674
2024-12-13,30.47432223728725
2024-12-16,30.556134469168526
2024-12-17,30.64081301007952
2024-12-18,30.703140258789062
2024-12-19,30.76371590750558
2024-12-20,30.820548793247767
2024-12-23,30.876237869262695
2024-12-26,30.94986871991839
2024-12-27,31.018916920253208
2024-12-30,31.103693662370954
2025-01-02,31.202676609584262
2025-01-03,31.289415740966795
2025-01-06,31.356474249703542
2025-01-07,31.441084725516184
2025-01-08,31.502548490251815
2025-01-09,31.569147763933454
2025-01-10,31.629243414742607
2025-01-13,31.671130807059154
2025-01-14,31.716018894740515
2025-01-15,31.770069013323102
2025-01-16,31.783327484130858
2025-01-17,31.805853598458427
2025-01-20,31.83177294049944
2025-01-21,31.861169161115374
2025-01-22,31.89456171308245
2025-01-23,31.914334542410714
2025-01-24,31.923613357543946
2025-01-27,31.938263211931503
2025-01-28,31.95743304661342
2025-01-29,31.961885343279157
2025-01-30,31.992599759783065
2025-01-31,32.007492664882115
2025-02-03,32.01419770377023
2025-02-04,32.00246958051409
2025-02-05,32.000761359078545
2025-02-06,32.003064727783205
2025-02-07,32.003977039882116
2025-02-10,32.00248124258859
2025-02-11,32.02472016470773
2025-02-12,32.03686534336635
2025-02-13,32.05743838718959
2025-02-14,32.105649621146064
2025-02-17,32.15294254847935
2025-02-18,32.22014814104352
2025-02-19,32.276152801513675
2025-02-20,32.31921419416155
2025-02-21,32.36924520220075
2025-02-24,32.41678706577846
2025-02-25,32.4409313746861
2025-02-26,32.472542898995535
2025-02-27,32.466818019321984
2025-02-28,32.441678292410714
2025-03-05,32.380695288521906
2025-03-06,32.31697425842285
2025-03-07,32.25076424734933
2025-03-10,32.19027922494071
2025-03-11,32.11311710902623
2025-03-12,32.03371478489467
2025-03-13,31.962526430402484
2025-03-14,31.92294954572405
2025-03-17,31.906272615705216
2025-03-18,31.895071738106864
2025-03-19,31.869682911464146
2025-03-20,31.847529765537807
2025-03-21,31.84504062107631
2025-03-24,31.829110554286412
2025-03-25,31.81293144226074
2025-03-26,31.810193361554827
2025-03-27,31.82363428388323
2025-03-28,31.837822232927596
2025-03-31,31.847031893048968
2025-04-01,31.86495339529855
2025-04-02,31.87416305541992
2025-04-03,31.853503690447127
2025-04-04,31.810442243303573
2025-04-07,31.732284491402762
2025-04-08,31.596877452305385
2025-04-09,31.48810386657715
2025-04-10,31.310631125313893
2025-04-11,31.146599578857423
2025-04-14,30.97808756147112
2025-04-15,30.794142968314034
2025-04-16,30.616919108799525
2025-04-17,30.45918290274484
2025-04-22,30.303232192993164
2025-04-23,30.171708079746793
2025-04-24,30.053538840157646
2025-04-25,29.97027244567871
2025-04-28,29.892906134469168
2025-04-29,29.81041112627302
2025-04-30,29.713626316615514
2025-05-02,29.650700214930943
2025-05-05,29.55844165257045
2025-05-06,29.470218385968888
2025-05-07,29.359181649344308
2025-05-08,29.242429351806642
2025-05-09,29.130031640189035
2025-05-12,29.03725553240095
2025-05-13,28.954731314522878
2025-05-14,28.85265666416713
2025-05-15,28.750806209019252
2025-05-16,28.64556339808873
2025-05-19,28.530588585989815
2025-05-20,28.41196016584124
2025-05-21,28.29012314932687
2025-05-22,28.164294052124024
2025-05-23,28.036765561785018
2025-05-26,27.909175654820032
2025-05-27,27.817321232387
2025-05-28,27.759008298601422
2025-05-29,27.729949733189173
2025-05-30,27.72159026009696
2025-06-02,27.68546366010393
2025-06-03,27.70110228402274
2025-06-04,27.679500089372908
2025-06-05,27.661147580827986
2025-06-06,27.669110815865654
2025-06-09,27.663936505998883
2025-06-10,27.666628101893835
2025-06-11,27.693809400285993
2025-06-12,27.748310579572404
2025-06-13,27.82687726702009
2025-06-16,27.894740404401507
2025-06-17,27.984845079694477
2025-06-18,28.070080511910575
2025-06-20,28.16748995099749
2025-06-23,28.222438430786134
2025-06-24,28.29016603742327
2025-06-25,28.341191373552594
2025-06-26,28.395214516775948
2025-06-27,28.431956263950894
2025-06-30,28.46806346348354
2025-07-01,28.48818610055106
2025-07-02,28.510779571533202
2025-07-03,28.541874858311246
2025-07-04,28.572939246041432
2025-07-07,28.598601313999723
2025-07-08,28.637370191301617
2025-07-09,28.667568043300083
2025-07-10,28.70484640938895
2025-07-11,28.76308479309082
2025-07-14,28.808239473615373
2025-07-15,28.849375915527343
2025-07-16,28.880441883632116
2025-07-17,28.90565038408552
2025-07-18,28.92309308733259
2025-07-21,28.950784519740512
2025-07-22,28.98176727294922
2025-07-23,29.029325321742466
2025-07-24,29.09737799508231
2025-07-25,29.16621889386858
2025-07-28,29.22796560014997
2025-07-29,29.313885389055525
2025-07-30,29.38535396030971
2025-07-31,29.42713143484933
2025-08-01,29.439217976161412
2025-08-04,29.429496220179967
2025-08-05,29.432123838152204
2025-08-06,29.41662150791713
2025-08-07,29.406636919294083
2025-08-08,29.34646682739258
2025-08-11,29.31283460344587
2025-08-12,29.2978577205113
2025-08-13,29.281041663033623
2025-08-14,29.247409439086915
2025-08-15,29.220083236694336
2025-08-18,29.19328259059361
2025-08-19,29.155183574131556
2025-08-20,29.10710002354213
2025-08-21,29.057965523856026
2025-08-22,29.032774298531667
2025-08-25,29.013996287754605
2025-08-26,28.97721999032157
2025-08-27,28.951879228864396
2025-08-28,28.935895647321427
2025-08-29,28.914232853480748
2025-09-01,28.905749348231723
2025-09-02,28.908134024483818
2025-09-03,28.90746748788016
2025-09-04,28.915209034511022
2025-09-05,28.922933197021486
2025-09-08,28.932305363246375
2025-09-09,28.940244184221545
2025-09-10,28.946414784022743
2025-09-11,28.950674547467916
2025-09-12,28.948240443638397
2025-09-15,28.95201045445034
2025-09-16,28.946894618443082
2025-09-17,28.938213457380026
2025-09-18,28.924618094308038
2025-09-19,28.912916074480332
2025-09-22,28.910857936314176
2025-09-23,28.91910013471331
2025-09-24,28.945638765607566
2025-09-25,28.96046137128558
2025-09-26,29.024878365652906
2025-09-29,29.072479738507955
2025-09-30,29.108574186052596
2025-10-01,29.148562186104915
2025-10-02,29.19073617117746
2025-10-03,29.2310232434954
2025-10-06,29.258794021606445
2025-10-07,29.297928728376117
2025-10-08,29.32749710083008
2025-10-09,29.343402753557477
2025-10-10,29.329160962785995
2025-10-13,29.317875017438617
2025-10-14,29.306857790265763
2025-10-15,29.28240498134068
2025-10-16,29.242635508946012
2025-10-17,29.205821936471125
2025-10-20,29.167664773123608
2025-10-21,29.118759155273438
2025-10-22,29.086245019095283
2025-10-23,29.062867082868305
2025-10-24,29.04271365574428
2025-10-27,29.023635155814034
2025-10-28,28.997838701520646
2025-10-29,28.95780051095145
2025-10-30,28.917493602207728
2025-10-31,28.87906766619001
2025-11-03,28.842791421072825
2025-11-04,28.80839614868164
2025-11-05,28.785018157958984
2025-11-06,28.774269648960658
2025-11-07,28.804365485055104
2025-11-10,28.83096798488072
2025-11-11,28.865900693620954
2025-11-12,28.858645411900113
2025-11-13,28.862138748168945
2025-11-14,28.8742308480399
2025-11-17,28.902983093261717
2025-11-18,28.944096102033342
2025-11-19,28.98279070172991
2025-11-21,29.022828892299106
2025-11-24,29.064210619245255
2025-11-25,29.10612972804478
2025-11-26,29.14374945504325
2025-11-27,29.190774100167406
2025-11-28,29.233230754307336
2025-12-01,29.284554835728237
2025-12-02,29.333997944423132
2025-12-03,29.39553315298898
2025-12-04,29.469966561453685
2025-12-05,29.521559415544782
2025-12-08,29.573420878819057
2025-12-09,29.630119214739118
2025-12-10,29.6954163142613
2025-12-11,29.737335423060827
2025-12-12,29.77495515005929
2025-12-15,29.824935695103235
2025-12-16,29.844820349557057
2025-12-17,29.87411003112793
2025-12-18,29.897756740025113
2025-12-19,29.92785257611956
2025-12-22,29.964128766741073
2025-12-23,29.995494188581194
2025-12-26,30.025600923810686
2025-12-29,30.04845521109445
2025-12-30,30.069504928588866
