Data,Open,High,Low,Close,Volume
2021.07.05 00:00,8.18,8.23,8.00,8.14,55757300
2021.07.06 00:00,8.10,8.12,7.81,7.81,97035400
2021.07.07 00:00,7.94,7.94,7.73,7.91,73364500
2021.07.08 00:00,7.73,7.81,7.69,7.76,80200100
2021.07.12 00:00,7.78,7.84,7.70,7.82,52411700
2021.07.13 00:00,7.78,7.89,7.72,7.87,41201300
2021.07.14 00:00,7.93,7.96,7.77,7.81,51396600
2021.07.15 00:00,7.76,7.79,7.59,7.64,67607200
2021.07.16 00:00,7.68,7.72,7.50,7.53,67461300
2021.07.19 00:00,7.33,7.46,7.30,7.40,82255300
2021.07.20 00:00,7.39,7.60,7.31,7.50,63094600
2021.07.21 00:00,7.56,7.68,7.50,7.61,50123800
2021.07.22 00:00,7.62,7.68,7.54,7.59,37427800
2021.07.23 00:00,7.65,7.67,7.53,7.54,33771100
2021.07.26 00:00,7.54,7.75,7.54,7.75,46397400
2021.07.27 00:00,7.72,7.73,7.59,7.66,51657100
2021.07.28 00:00,7.74,7.87,7.67,7.82,46578000
2021.07.29 00:00,7.84,7.88,7.76,7.85,43599300
2021.07.30 00:00,7.79,7.85,7.57,7.59,73599300
2021.08.02 00:00,7.67,7.73,7.44,7.45,70038500
2021.08.03 00:00,7.44,7.58,7.28,7.57,71526700
2021.08.04 00:00,7.49,7.55,7.32,7.41,87584700
2021.08.05 00:00,8.11,8.18,7.92,8.00,222989400
2021.08.06 00:00,8.04,8.05,7.90,8.01,50795800
2021.08.09 00:00,7.89,7.96,7.81,7.95,75027900
2021.08.10 00:00,7.98,8.12,7.97,7.98,84020600
2021.08.11 00:00,7.94,8.18,7.89,8.09,97606100
2021.08.12 00:00,8.09,8.23,8.04,8.21,94924000
2021.08.13 00:00,8.20,8.35,8.19,8.28,84744500
2021.08.16 00:00,8.24,8.25,7.97,8.08,100685200
2021.08.17 00:00,8.02,8.26,7.91,8.08,92955200
2021.08.18 00:00,8.08,8.16,7.97,8.01,85278600
2021.08.19 00:00,7.85,8.03,7.81,7.96,80252000
2021.08.20 00:00,7.89,7.96,7.82,7.95,84938300
2021.08.23 00:00,8.05,8.16,8.00,8.08,70404500
2021.08.24 00:00,8.16,8.26,8.14,8.24,49604200
2021.08.25 00:00,8.26,8.32,8.18,8.29,45925300
2021.08.26 00:00,8.24,8.33,8.21,8.22,40644500
2021.08.27 00:00,8.28,8.52,8.27,8.52,76095600
2021.08.30 00:00,8.49,8.58,8.45,8.46,60857400
2021.08.31 00:00,8.43,8.44,8.07,8.13,109914400
2021.09.01 00:00,8.17,8.17,7.87,8.08,69059900
2021.09.02 00:00,8.07,8.18,7.91,7.95,55501400
2021.09.03 00:00,7.97,8.00,7.80,7.87,57371100
2021.09.06 00:00,7.83,7.98,7.82,7.91,26295400
2021.09.08 00:00,7.86,7.88,7.41,7.46,79424600
2021.09.09 00:00,7.50,7.74,7.22,7.62,154708100
2021.09.10 00:00,7.78,7.81,7.57,7.57,78023700
2021.09.13 00:00,7.71,7.89,7.66,7.84,63014100
2021.09.14 00:00,7.76,7.85,7.69,7.74,65213000
2021.09.15 00:00,7.77,7.91,7.73,7.87,66928000
2021.09.16 00:00,7.80,7.84,7.63,7.80,65185800
2021.09.17 00:00,7.76,7.78,7.40,7.45,128315300
2021.09.20 00:00,7.20,7.37,7.11,7.37,79827200
2021.09.21 00:00,7.50,7.56,7.33,7.54,64349300
2021.09.22 00:00,7.63,7.84,7.63,7.73,69951500
2021.09.23 00:00,7.76,8.06,7.74,8.02,83860700
2021.09.24 00:00,7.94,8.09,7.91,8.04,44585500
2021.09.27 00:00,8.11,8.21,7.92,8.11,88965800
2021.09.28 00:00,8.13,8.34,7.99,8.06,117496300
2021.09.29 00:00,8.13,8.23,8.02,8.19,58554100
2021.09.30 00:00,8.23,8.24,8.12,8.14,65448700
2021.10.01 00:00,8.11,8.37,8.09,8.37,60610000
2021.10.04 00:00,8.30,8.61,8.29,8.61,106564500
2021.10.05 00:00,8.67,8.81,8.64,8.79,99460000
2021.10.06 00:00,8.65,8.72,8.51,8.56,84203000
2021.10.07 00:00,8.58,8.66,8.44,8.55,60190700
2021.10.08 00:00,8.67,8.85,8.58,8.70,85338600
2021.10.11 00:00,8.82,8.92,8.71,8.76,79031100
2021.10.13 00:00,8.72,8.88,8.69,8.86,55430900
2021.10.14 00:00,8.93,9.03,8.82,8.87,75908400
2021.10.15 00:00,8.91,8.92,8.82,8.85,71603100
2021.10.18 00:00,8.79,8.86,8.67,8.80,68745900
2021.10.19 00:00,8.74,8.76,8.33,8.37,111002700
2021.10.20 00:00,8.45,8.61,8.35,8.49,55255700
2021.10.21 00:00,8.33,8.42,8.05,8.21,100964100
2021.10.22 00:00,8.10,8.30,7.70,8.12,138155100
2021.10.25 00:00,8.30,8.76,8.26,8.68,135256700
2021.10.26 00:00,8.61,8.74,8.55,8.60,57540500
2021.10.27 00:00,8.62,8.69,8.51,8.58,57270700
2021.10.28 00:00,8.53,8.74,8.44,8.66,87347900
2021.10.29 00:00,8.71,8.73,8.06,8.15,155326400
2021.11.01 00:00,8.28,8.47,8.18,8.37,101814500
2021.11.03 00:00,8.28,8.32,8.01,8.03,82355400
2021.11.04 00:00,8.08,8.14,7.73,7.77,91973600
2021.11.05 00:00,7.86,7.93,7.71,7.73,85791600
2021.11.08 00:00,7.71,7.97,7.69,7.81,59704100
2021.11.09 00:00,7.83,8.06,7.83,7.96,73021700
2021.11.10 00:00,7.95,8.05,7.82,7.90,68176300
2021.11.11 00:00,8.03,8.03,7.84,7.91,60848900
2021.11.12 00:00,7.86,8.12,7.77,8.07,85962500
2021.11.16 00:00,8.15,8.24,7.96,8.15,60978200
2021.11.17 00:00,8.19,8.20,7.92,7.95,82106800
2021.11.18 00:00,7.98,8.00,7.79,7.93,63993000
2021.11.19 00:00,7.80,7.86,7.71,7.80,84860400
2021.11.22 00:00,7.86,8.11,7.86,7.88,59195200
2021.11.23 00:00,7.95,8.38,7.92,8.31,108382300
2021.11.24 00:00,8.30,8.50,8.22,8.48,64263300
2021.11.25 00:00,8.68,8.90,8.54,8.85,104052200
2021.11.26 00:00,8.49,8.72,8.39,8.51,108868000
2021.11.29 00:00,8.78,8.91,8.61,8.81,84672200
2021.11.30 00:00,8.76,8.86,8.63,8.80,129384600
2021.12.01 00:00,8.92,9.17,8.81,8.85,135798600
2021.12.02 00:00,9.01,9.51,8.75,9.47,191410300
2021.12.03 00:00,9.51,9.66,9.42,9.60,105133000
2021.12.06 00:00,9.61,9.77,9.57,9.64,66142300
2021.12.07 00:00,9.77,9.87,9.61,9.80,100114300
2021.12.08 00:00,9.80,10.04,9.75,9.80,71167700
2021.12.09 00:00,9.71,9.84,9.61,9.78,67668200
2021.12.10 00:00,9.85,10.05,9.84,9.90,38517500
2021.12.13 00:00,9.90,10.03,9.78,9.84,45448700
2021.12.14 00:00,9.88,9.96,9.68,9.72,56833800
2021.12.15 00:00,9.71,9.78,9.54,9.78,55085100
2021.12.16 00:00,9.89,10.01,9.85,9.91,56545700
2021.12.17 00:00,9.79,9.89,9.61,9.68,93230800
2021.12.20 00:00,9.49,9.53,9.24,9.40,106282500
2021.12.21 00:00,9.53,9.59,9.39,9.41,40454500
2021.12.22 00:00,9.48,9.48,9.34,9.40,33734500
2021.12.23 00:00,9.46,9.49,9.40,9.46,28713600
2021.12.27 00:00,9.45,9.61,9.40,9.60,44227900
2021.12.28 00:00,9.68,9.77,9.58,9.61,30688100
2021.12.29 00:00,9.58,9.65,9.49,9.53,35508400
2021.12.30 00:00,9.53,9.58,9.48,9.50,43229100
2022.01.03 00:00,9.53,9.75,9.52,9.71,52704700
2022.01.04 00:00,9.73,9.81,9.65,9.75,51739200
2022.01.05 00:00,9.74,9.77,9.33,9.37,78459800
2022.01.06 00:00,9.44,9.56,9.29,9.36,61163100
2022.01.07 00:00,9.38,9.44,9.29,9.41,47507600
2022.01.10 00:00,9.34,9.43,9.25,9.35,37455200
2022.01.11 00:00,9.38,9.70,9.30,9.63,73623800
2022.01.12 00:00,9.66,9.98,9.66,9.92,81378200
2022.01.13 00:00,9.86,10.22,9.85,10.12,76717500
2022.01.14 00:00,10.11,10.55,10.09,10.50,96458800
2022.01.17 00:00,10.48,10.62,10.43,10.51,35675900
2022.01.18 00:00,10.53,10.67,10.34,10.56,78198800
2022.01.19 00:00,10.65,10.75,10.49,10.51,78460200
2022.01.20 00:00,10.51,10.68,10.38,10.59,85353100
2022.01.21 00:00,10.54,10.64,10.52,10.60,60384100
2022.01.24 00:00,10.58,10.76,10.36,10.66,79117100
2022.01.25 00:00,10.58,11.09,10.54,11.01,98358500
2022.01.26 00:00,11.12,11.44,11.12,11.31,102679900
2022.01.27 00:00,11.43,11.56,11.07,11.31,90631000
2022.01.28 00:00,11.28,11.47,10.75,10.86,119400500
2022.01.31 00:00,10.85,11.02,10.70,10.80,62450300
2022.02.01 00:00,10.80,11.12,10.66,11.02,57315200
2022.02.02 00:00,11.15,11.18,10.80,10.85,36271700
2022.02.03 00:00,10.80,10.99,10.55,10.70,51087800
2022.02.04 00:00,10.82,11.09,10.64,10.89,59346800
2022.02.07 00:00,10.86,10.94,10.72,10.73,48868100
2022.02.08 00:00,10.65,10.66,10.43,10.62,62590000
2022.02.09 00:00,10.59,10.91,10.56,10.66,50960500
2022.02.10 00:00,10.78,10.98,10.66,10.83,49534600
2022.02.11 00:00,10.94,11.32,10.89,11.27,88013400
2022.02.14 00:00,11.30,11.33,10.96,11.02,55687000
2022.02.15 00:00,10.90,10.91,10.64,10.84,65689000
2022.02.16 00:00,10.96,11.25,10.94,10.99,65811600
2022.02.17 00:00,10.97,11.11,10.86,10.95,43255200
2022.02.18 00:00,10.87,11.05,10.77,11.02,58653300
2022.02.21 00:00,11.03,11.35,11.02,11.30,51263800
2022.02.22 00:00,11.42,11.58,11.09,11.26,80206700
2022.02.23 00:00,11.41,11.55,11.28,11.42,86530100
2022.02.24 00:00,11.62,11.78,10.91,11.15,139674100
2022.02.25 00:00,11.17,11.35,10.98,11.35,86459100
2022.03.02 00:00,11.77,11.78,11.48,11.57,58071800
2022.03.03 00:00,11.62,11.66,11.40,11.43,69237400
2022.03.04 00:00,11.38,11.58,11.29,11.43,55418000
2022.03.07 00:00,11.52,11.55,10.56,10.61,110954100
2022.03.08 00:00,10.68,11.01,10.52,10.83,111633500
2022.03.09 00:00,10.88,10.96,10.59,10.87,87779300
2022.03.10 00:00,10.88,11.55,10.85,11.25,136437700
2022.03.11 00:00,11.32,11.48,10.70,10.84,92153700
2022.03.14 00:00,10.82,10.98,10.52,10.64,52126100
2022.03.15 00:00,10.39,10.53,10.17,10.38,66027700
2022.03.16 00:00,10.51,10.53,10.14,10.29,71597800
2022.03.17 00:00,10.43,10.48,9.85,10.02,177812100
2022.03.18 00:00,10.04,10.29,9.97,10.22,92538600
2022.03.21 00:00,10.32,10.71,10.23,10.60,67445700
2022.03.22 00:00,10.68,10.71,10.46,10.55,55950200
2022.03.23 00:00,10.66,10.84,10.58,10.70,52770900
2022.03.24 00:00,10.70,10.88,10.57,10.82,48854400
2022.03.25 00:00,10.73,10.86,10.65,10.78,51631700
2022.03.28 00:00,10.70,10.71,10.34,10.55,67710300
2022.03.29 00:00,10.72,10.94,10.65,10.78,93643600
2022.03.30 00:00,10.85,11.01,10.81,11.01,69293000
2022.03.31 00:00,10.87,11.21,10.85,11.17,94024100
2022.04.01 00:00,11.20,11.28,10.99,11.02,72283700
2022.04.04 00:00,10.98,10.98,10.76,10.92,55976200
2022.04.05 00:00,10.90,11.04,10.81,10.81,45378200
2022.04.06 00:00,10.88,10.94,10.69,10.80,56799800
2022.04.07 00:00,10.89,11.37,10.85,11.36,118124700
2022.04.08 00:00,11.37,11.49,11.30,11.42,60907000
2022.04.11 00:00,11.32,11.38,11.28,11.33,47994900
2022.04.12 00:00,11.48,11.58,11.28,11.30,67824000
2022.04.13 00:00,11.47,11.62,11.38,11.54,100793800
2022.04.14 00:00,11.52,11.69,11.36,11.40,118439600
2022.04.18 00:00,11.36,11.45,11.11,11.20,76057100
2022.04.19 00:00,11.36,11.67,11.35,11.54,88289000
2022.04.20 00:00,11.54,11.65,11.42,11.60,34549100
2022.04.22 00:00,11.32,11.41,11.06,11.14,74296700
2022.04.25 00:00,10.93,11.10,10.77,10.98,66219200
2022.04.26 00:00,10.98,11.15,10.90,10.96,48601500
2022.04.27 00:00,11.07,11.14,10.92,10.96,41582300
2022.04.28 00:00,11.10,11.17,11.03,11.03,43123200
2022.04.29 00:00,11.21,11.52,11.04,11.04,75905900
2022.05.02 00:00,11.00,11.06,10.69,10.93,72243800
2022.05.03 00:00,10.98,11.08,10.87,11.03,52277700
2022.05.04 00:00,11.16,11.73,11.09,11.69,108923000
2022.05.05 00:00,11.60,11.85,11.31,11.67,98722000
2022.05.06 00:00,11.92,12.08,11.63,12.06,129319100
2022.05.09 00:00,11.92,12.05,11.69,11.73,91489600
2022.05.10 00:00,11.80,11.98,11.74,11.83,60233600
2022.05.11 00:00,11.95,12.36,11.92,12.24,108539800
2022.05.12 00:00,12.13,12.43,12.13,12.34,114034500
2022.05.13 00:00,12.43,12.56,12.36,12.50,66840400
2022.05.16 00:00,12.49,12.72,12.40,12.62,91889700
2022.05.17 00:00,12.76,12.81,12.45,12.46,90432500
2022.05.18 00:00,12.46,12.60,12.19,12.25,80789700
2022.05.19 00:00,12.22,12.50,12.15,12.46,63719600
2022.05.20 00:00,12.61,12.70,12.49,12.70,77941500
2022.05.23 00:00,12.83,13.24,12.82,13.20,92718200
2022.05.24 00:00,12.65,13.01,12.45,12.82,153497100
2022.05.25 00:00,12.86,13.09,12.68,13.00,69817000
2022.05.26 00:00,12.99,13.21,12.96,13.03,78084400
2022.05.27 00:00,13.04,13.04,12.40,12.41,117499600
2022.05.30 00:00,12.51,12.52,11.81,12.16,97715000
2022.05.31 00:00,12.33,12.42,12.09,12.19,83280400
2022.06.01 00:00,12.13,12.30,12.11,12.17,46022100
2022.06.02 00:00,12.15,12.19,11.98,12.07,50251300
2022.06.03 00:00,12.05,12.35,11.98,12.28,60200400
2022.06.06 00:00,12.37,12.38,12.13,12.29,38952200
2022.06.07 00:00,12.24,12.69,12.23,12.43,79944300
2022.06.08 00:00,12.34,12.63,12.30,12.37,65723800
2022.06.09 00:00,12.37,12.43,12.16,12.20,53700900
2022.06.10 00:00,12.17,12.17,11.79,12.02,62632100
2022.06.13 00:00,11.77,12.00,11.63,11.87,64360500
2022.06.14 00:00,12.03,12.27,11.86,12.00,68566500
2022.06.15 00:00,12.17,12.17,11.70,11.79,72192000
2022.06.17 00:00,11.42,11.54,10.60,11.08,183265500
2022.06.20 00:00,10.55,11.46,10.51,11.20,92328100
2022.06.21 00:00,11.27,11.42,10.82,10.98,84684300
2022.06.22 00:00,10.78,11.17,10.70,10.95,57649700
2022.06.23 00:00,10.94,11.10,10.59,10.74,68918000
2022.06.24 00:00,10.85,10.99,10.62,10.66,53087400
2022.06.27 00:00,10.88,11.38,10.81,11.35,90057300
2022.06.28 00:00,11.59,11.69,11.36,11.49,51991400
2022.06.29 00:00,11.55,11.69,11.29,11.39,51269100
2022.06.30 00:00,11.21,11.38,11.11,11.33,49620500
2022.07.01 00:00,11.39,11.70,11.16,11.57,64804500
2022.07.04 00:00,11.57,11.87,11.57,11.82,37136300
2022.07.05 00:00,11.72,11.74,11.17,11.37,78211900
2022.07.06 00:00,11.42,11.55,10.91,11.22,57181300
2022.07.07 00:00,11.36,11.73,11.36,11.55,52037300
2022.07.08 00:00,11.57,11.75,11.51,11.68,42801300
2022.07.11 00:00,11.49,11.68,11.46,11.62,39392200
2022.07.12 00:00,11.48,11.53,11.34,11.45,46309700
2022.07.13 00:00,11.41,11.55,11.35,11.46,35313200
2022.07.14 00:00,11.36,11.36,11.05,11.15,46879200
2022.07.15 00:00,11.23,11.38,11.15,11.34,37779100
2022.07.18 00:00,11.51,11.64,11.48,11.60,46613800
2022.07.19 00:00,11.58,11.86,11.52,11.83,48223700
2022.07.20 00:00,11.79,11.85,11.69,11.83,43384300
2022.07.21 00:00,11.75,11.81,11.44,11.77,58683600
2022.07.22 00:00,11.78,11.95,11.70,11.90,55554500
2022.07.25 00:00,12.01,12.47,12.01,12.45,78678100
2022.07.26 00:00,12.65,12.82,12.41,12.58,78129900
2022.07.27 00:00,12.69,12.76,12.42,12.71,55889500
2022.07.28 00:00,12.81,13.23,12.75,13.10,113619900
2022.07.29 00:00,13.63,14.06,13.31,13.85,181431200
2022.08.01 00:00,13.79,13.85,13.47,13.66,81093900
2022.08.02 00:00,13.70,13.99,13.58,13.72,68730600
2022.08.03 00:00,13.79,13.85,13.61,13.74,65546700
2022.08.04 00:00,13.82,13.95,13.62,13.87,53950400
2022.08.05 00:00,13.85,14.22,13.84,14.14,77557900
2022.08.08 00:00,14.25,14.91,14.25,14.86,109005600
2022.08.09 00:00,15.01,15.19,14.94,15.10,78064000
2022.08.10 00:00,15.27,15.27,14.85,15.05,77379500
2022.08.11 00:00,15.19,15.35,14.70,14.70,127296200
2022.08.12 00:00,14.46,15.82,14.45,15.76,170711400
2022.08.15 00:00,15.35,16.02,15.18,15.76,96722800
2022.08.16 00:00,15.76,15.94,15.65,15.91,64015000
2022.08.17 00:00,15.73,16.31,15.70,16.28,72587900
2022.08.18 00:00,16.45,16.73,16.33,16.61,84063000
2022.08.19 00:00,16.36,16.47,15.57,15.77,124266100
2022.08.22 00:00,15.77,16.19,15.15,16.11,92049700
2022.08.23 00:00,16.22,16.65,16.21,16.62,72903200
2022.08.24 00:00,16.67,16.96,16.52,16.72,60670300
2022.08.25 00:00,16.95,17.08,16.24,16.54,99214200
2022.08.26 00:00,16.54,16.73,16.19,16.72,63335100
2022.08.29 00:00,16.67,17.43,16.62,17.13,72914500
2022.08.30 00:00,16.90,17.01,16.04,16.12,98286300
2022.08.31 00:00,15.94,16.62,15.81,16.51,113976000
2022.09.01 00:00,16.58,16.87,16.28,16.82,68756700
2022.09.02 00:00,17.12,17.18,16.53,16.61,81579000
2022.09.05 00:00,16.82,16.95,16.47,16.56,77699100
2022.09.06 00:00,16.04,16.20,15.66,15.95,111163800
2022.09.08 00:00,16.06,16.29,15.60,15.80,62878700
2022.09.09 00:00,16.15,16.24,15.75,15.80,49488400
2022.09.12 00:00,15.98,16.27,15.63,15.69,71029800
2022.09.13 00:00,15.38,15.62,15.17,15.23,87983400
2022.09.14 00:00,15.28,15.62,15.22,15.47,48807000
2022.09.15 00:00,15.37,15.52,15.31,15.44,45273400
2022.09.16 00:00,15.34,15.38,15.08,15.30,106177600
2022.09.19 00:00,15.16,15.59,14.85,15.54,65077000
2022.09.20 00:00,15.61,15.70,15.33,15.45,67062600
2022.09.21 00:00,15.58,15.64,15.35,15.49,58249000
2022.09.22 00:00,15.64,15.94,15.42,15.87,69488700
2022.09.23 00:00,15.56,15.60,14.79,14.88,138438500
2022.09.26 00:00,14.77,14.95,14.52,14.64,79420700
2022.09.27 00:00,14.86,15.01,14.67,14.74,70821700
2022.09.28 00:00,14.74,14.82,14.20,14.55,104270600
2022.09.29 00:00,14.41,14.61,14.21,14.57,87316600
2022.09.30 00:00,14.52,15.15,14.41,14.81,121098300
2022.10.03 00:00,15.86,16.22,15.73,15.99,177579000
2022.10.04 00:00,16.35,16.39,15.44,15.59,115437200
2022.10.05 00:00,15.61,16.31,15.50,16.18,91971800
2022.10.06 00:00,16.40,16.79,16.12,16.73,82058800
2022.10.07 00:00,16.69,17.06,16.51,16.71,72701500
2022.10.10 00:00,16.72,16.84,16.40,16.52,51814400
2022.10.11 00:00,16.34,16.56,16.21,16.40,58031100
2022.10.13 00:00,16.15,17.14,16.11,16.87,90841000
2022.10.14 00:00,16.88,16.97,16.55,16.61,61926100
2022.10.17 00:00,16.52,16.97,16.32,16.59,100617400
2022.10.18 00:00,16.85,17.01,16.48,17.00,81207100
2022.10.19 00:00,16.96,17.67,16.91,17.60,114010900
2022.10.20 00:00,17.94,18.16,17.78,18.12,113783300
2022.10.21 00:00,18.11,19.08,18.08,18.74,138716100
2022.10.24 00:00,18.14,18.30,17.01,17.02,141545900
2022.10.25 00:00,16.92,17.14,16.50,16.66,112285100
2022.10.26 00:00,16.20,16.66,15.85,16.26,121644600
2022.10.27 00:00,16.30,16.67,16.24,16.38,110143700
2022.10.28 00:00,16.25,16.46,15.83,16.19,128499800
2022.10.31 00:00,15.21,15.70,14.49,14.81,263088400
2022.11.01 00:00,15.19,15.24,14.69,14.84,114888300
2022.11.03 00:00,14.81,15.10,14.63,14.88,137787400
2022.11.04 00:00,15.31,15.36,14.00,14.06,194337100
2022.11.07 00:00,13.89,14.06,13.45,13.49,117206600
2022.11.08 00:00,13.45,13.68,13.29,13.59,94745400
2022.11.09 00:00,13.49,13.89,13.24,13.37,103303500
2022.11.10 00:00,12.96,13.36,12.73,12.98,145470100
2022.11.11 00:00,12.82,13.60,12.77,13.41,146365800
2022.11.14 00:00,13.55,14.00,13.46,13.77,66639500
2022.11.16 00:00,13.82,13.97,13.38,13.49,85549900
2022.11.17 00:00,13.42,13.57,13.19,13.50,103925800
2022.11.18 00:00,13.62,13.72,13.03,13.27,127175600
2022.11.21 00:00,13.48,13.70,12.95,13.31,164898100
2022.11.22 00:00,13.01,13.26,12.62,13.20,164261300
2022.11.23 00:00,13.01,13.38,12.90,13.26,77317300
2022.11.24 00:00,13.31,13.94,13.16,13.72,94233800
2022.11.25 00:00,13.73,13.77,13.35,13.50,58635900
2022.11.28 00:00,13.38,13.89,13.32,13.78,56067400
2022.11.29 00:00,13.92,14.64,13.85,14.36,96151500
2022.11.30 00:00,14.48,15.08,14.43,15.08,120774700
2022.12.01 00:00,15.04,15.16,14.46,14.48,71259400
2022.12.02 00:00,14.54,14.97,14.32,14.66,66301000
2022.12.05 00:00,14.71,15.04,14.46,14.50,56065400
2022.12.06 00:00,14.61,14.93,14.38,14.51,74991200
2022.12.07 00:00,14.34,14.75,14.30,14.34,57008400
2022.12.08 00:00,14.46,14.59,13.94,14.02,55567700
2022.12.09 00:00,14.14,14.17,13.86,13.98,61586200
2022.12.12 00:00,13.91,13.95,13.09,13.53,111293100
2022.12.13 00:00,13.64,13.69,13.19,13.19,102533100
2022.12.14 00:00,12.73,12.79,11.75,12.15,323501600
2022.12.15 00:00,11.88,12.66,11.79,12.47,132385600
2022.12.16 00:00,12.43,12.51,12.17,12.48,89835200
2022.12.19 00:00,12.50,12.74,12.24,12.66,63074100
2022.12.20 00:00,12.67,13.15,12.57,13.05,71875500
2022.12.21 00:00,13.30,13.42,12.93,13.34,74252800
2022.12.22 00:00,13.52,13.90,13.41,13.57,81894800
2022.12.23 00:00,13.65,14.27,13.65,14.21,68387900
2022.12.26 00:00,14.21,14.32,14.04,14.11,28765200
2022.12.27 00:00,14.29,14.32,13.89,14.21,50803200
2022.12.28 00:00,14.20,14.33,14.00,14.03,57293500
2022.12.29 00:00,14.14,14.17,13.82,13.86,57901800
2023.01.02 00:00,13.32,13.47,12.90,12.97,78424700
2023.01.03 00:00,12.98,13.07,12.52,12.64,96750300
2023.01.04 00:00,12.43,13.35,12.35,13.04,129504000
2023.01.05 00:00,13.21,13.60,13.10,13.51,73886000
2023.01.06 00:00,13.55,13.76,13.32,13.43,51851500
2023.01.09 00:00,13.30,13.58,13.16,13.51,46385200
2023.01.10 00:00,13.55,13.64,13.22,13.63,53156600
2023.01.11 00:00,13.66,13.93,13.61,13.74,53536500
2023.01.12 00:00,13.74,13.95,13.64,13.94,58130000
2023.01.13 00:00,13.83,13.95,13.72,13.90,40002700
2023.01.16 00:00,13.81,13.86,13.48,13.60,31973700
2023.01.17 00:00,13.64,14.50,13.64,14.44,91797500
2023.01.18 00:00,14.62,14.73,14.15,14.18,69692900
2023.01.19 00:00,14.15,14.68,14.03,14.61,78478300
2023.01.20 00:00,14.65,15.05,14.38,14.92,113606800
2023.01.23 00:00,14.86,15.62,14.78,15.16,87678100
2023.01.24 00:00,15.54,15.58,14.92,15.05,65794000
2023.01.25 00:00,15.02,15.32,14.72,15.24,51832900
2023.01.26 00:00,15.33,15.39,14.60,14.82,74344800
2023.01.27 00:00,14.81,14.84,14.39,14.50,47681900
2023.01.30 00:00,14.63,14.75,14.43,14.57,40683200
2023.01.31 00:00,14.50,14.83,14.44,14.75,54048900
2023.02.01 00:00,14.75,14.98,14.40,14.55,56349200
2023.02.02 00:00,14.43,14.60,13.82,13.87,83823000
2023.02.03 00:00,13.88,14.36,13.82,14.03,71170700
2023.02.06 00:00,14.07,14.64,14.00,14.59,82794500
2023.02.07 00:00,14.66,14.79,14.41,14.50,55311800
2023.02.08 00:00,14.60,14.80,14.46,14.74,48713100
2023.02.09 00:00,14.74,14.89,14.59,14.67,38198300
2023.02.10 00:00,14.70,15.16,14.67,15.12,54683100
2023.02.13 00:00,15.10,15.21,14.92,15.16,36726900
2023.02.14 00:00,15.19,15.31,15.05,15.11,35839000
2023.02.15 00:00,15.04,15.16,14.88,15.13,72554100
2023.02.16 00:00,15.05,15.25,14.99,15.19,44115700
2023.02.17 00:00,15.09,15.09,14.92,14.96,60410000
2023.02.22 00:00,14.71,14.77,14.54,14.58,38608500
2023.02.23 00:00,14.58,15.16,14.58,15.02,73913400
2023.02.24 00:00,15.09,15.11,14.64,14.69,65480200
2023.02.27 00:00,14.62,15.13,14.60,14.80,76250600
2023.02.28 00:00,14.83,15.23,14.28,14.28,130248100
2023.03.01 00:00,14.32,14.39,13.69,14.32,109257700
2023.03.02 00:00,14.38,14.52,13.79,13.94,124516200
2023.03.03 00:00,14.05,14.56,13.83,14.54,87591800
2023.03.06 00:00,14.54,14.78,14.35,14.69,50243200
2023.03.07 00:00,14.55,14.59,14.11,14.20,59052500
2023.03.08 00:00,14.23,14.67,14.22,14.38,66220400
2023.03.09 00:00,14.34,14.84,14.30,14.32,68042300
2023.03.10 00:00,14.24,14.47,14.11,14.13,48118600
2023.03.13 00:00,13.89,14.07,13.64,13.69,58323200
2023.03.14 00:00,13.74,13.99,13.35,13.44,58543000
2023.03.15 00:00,13.20,13.29,12.90,13.21,93208300
2023.03.16 00:00,13.24,13.31,13.00,13.16,67104800
2023.03.17 00:00,13.07,13.30,12.93,13.30,91793300
2023.03.20 00:00,13.30,13.38,12.95,12.97,57210500
2023.03.21 00:00,13.13,13.35,13.06,13.24,43298700
2023.03.22 00:00,13.23,13.36,13.04,13.20,46384300
2023.03.23 00:00,13.22,13.39,12.78,12.90,74319100
2023.03.24 00:00,12.85,13.09,12.72,12.89,51892700
2023.03.27 00:00,13.08,13.22,12.92,13.12,39018600
2023.03.28 00:00,13.14,13.38,13.10,13.35,28872900
2023.03.29 00:00,13.42,13.60,13.28,13.52,48955700
2023.03.30 00:00,13.72,13.74,13.40,13.56,55943100
2023.03.31 00:00,13.58,13.70,13.13,13.27,59636300
2023.04.03 00:00,13.63,13.86,13.47,13.86,73531900
2023.04.04 00:00,13.94,14.01,13.64,13.73,57318200
2023.04.05 00:00,13.69,13.88,13.17,13.78,93476800
2023.04.06 00:00,13.77,13.82,13.55,13.58,29352000
2023.04.10 00:00,13.60,13.95,13.60,13.87,41395800
2023.04.11 00:00,13.98,14.54,13.94,14.52,80224100
2023.04.12 00:00,14.70,14.80,14.25,14.63,71451500
2023.04.13 00:00,14.63,14.76,14.60,14.73,38751300
2023.04.14 00:00,14.60,14.94,14.55,14.88,38187200
2023.04.17 00:00,14.85,15.16,14.83,15.11,49274600
2023.04.18 00:00,15.11,15.63,15.01,15.50,99279800
2023.04.19 00:00,15.37,15.45,14.97,15.00,72888000
2023.04.20 00:00,15.01,15.27,14.88,15.10,54299300
2023.04.24 00:00,15.05,15.42,14.99,15.39,43700900
2023.04.25 00:00,15.37,15.56,15.12,15.33,53637900
2023.04.26 00:00,15.34,15.40,15.14,15.14,39876900
2023.04.27 00:00,15.19,15.38,14.66,14.77,115096700
2023.04.28 00:00,14.98,15.27,14.69,15.04,80808800
2023.05.02 00:00,15.04,15.07,14.37,14.43,67556900
2023.05.03 00:00,14.35,14.59,14.23,14.38,50965500
2023.05.04 00:00,14.53,14.84,14.35,14.61,57772200
2023.05.05 00:00,14.79,15.34,14.71,15.23,83124700
2023.05.08 00:00,15.52,15.63,15.37,15.56,59179200
2023.05.09 00:00,15.49,15.74,15.39,15.61,33712700
2023.05.10 00:00,15.61,15.75,15.44,15.57,42361300
2023.05.11 00:00,15.32,16.17,15.19,16.14,136305900
2023.05.12 00:00,16.24,16.97,16.17,16.66,117050200
2023.05.15 00:00,16.54,16.60,16.12,16.29,81864400
2023.05.16 00:00,16.57,17.16,16.55,16.69,117199600
2023.05.17 00:00,16.88,16.99,16.19,16.29,106826400
2023.05.18 00:00,16.24,16.41,16.09,16.38,62821200
2023.05.19 00:00,16.55,16.62,16.27,16.45,68080900
2023.05.22 00:00,16.43,16.51,16.19,16.26,37756200
2023.05.23 00:00,16.28,16.78,16.20,16.66,57844100
2023.05.24 00:00,16.66,17.07,16.54,16.92,54639300
2023.05.25 00:00,17.01,17.04,16.62,16.79,49026400
2023.05.26 00:00,17.02,17.08,16.84,17.01,39809900
2023.05.29 00:00,16.98,17.02,16.86,16.94,17917700
2023.05.30 00:00,16.96,17.01,16.67,16.75,45649600
2023.05.31 00:00,16.67,16.73,16.42,16.58,48878300
2023.06.01 00:00,16.69,17.14,16.60,17.11,62971000
2023.06.02 00:00,17.41,17.52,17.21,17.25,39684100
2023.06.05 00:00,17.48,17.49,17.28,17.44,39007800
2023.06.06 00:00,17.42,17.93,17.27,17.80,75238300
2023.06.07 00:00,18.19,18.45,18.05,18.33,82728400
2023.06.09 00:00,18.47,19.29,18.42,19.22,79437600
2023.06.12 00:00,19.18,19.67,19.07,19.56,118828100
2023.06.13 00:00,19.71,19.71,19.27,19.45,78942800
2023.06.14 00:00,19.50,20.29,19.46,20.29,97889200
2023.06.15 00:00,20.35,20.79,19.73,19.81,120304000
2023.06.16 00:00,19.70,20.17,19.57,19.98,94337700
2023.06.19 00:00,19.97,20.53,19.92,20.50,34453100
2023.06.20 00:00,20.42,20.72,20.15,20.60,55465600
2023.06.21 00:00,20.85,21.57,20.79,21.47,89088500
2023.06.22 00:00,21.20,21.36,20.95,21.20,42910400
2023.06.23 00:00,21.03,21.08,20.14,20.33,75657400
2023.06.26 00:00,20.30,20.93,20.30,20.79,53460400
2023.06.27 00:00,20.85,21.03,20.45,20.62,48276600
2023.06.28 00:00,20.61,21.01,20.59,20.82,36675600
2023.06.29 00:00,20.89,20.97,20.73,20.91,31767000
2023.06.30 00:00,20.89,20.95,19.76,19.90,103741800
2023.07.03 00:00,20.03,20.34,20.03,20.27,31181800
2023.07.04 00:00,20.19,20.48,20.19,20.32,18203000
2023.07.05 00:00,20.33,20.59,19.99,20.29,53460300
2023.07.06 00:00,20.12,20.22,19.65,19.98,47555900
2023.07.07 00:00,20.06,20.35,19.79,19.88,55194300
2023.07.10 00:00,19.62,20.00,19.55,19.92,25386300
2023.07.11 00:00,19.90,19.90,19.55,19.65,40587800
2023.07.12 00:00,19.68,20.06,19.64,19.66,39971100
2023.07.13 00:00,19.59,20.03,19.57,19.97,35741200
2023.07.14 00:00,19.88,19.94,19.45,19.58,34183200
2023.07.17 00:00,19.15,19.61,18.84,19.54,52040500
2023.07.18 00:00,19.55,19.68,19.35,19.43,37000300
2023.07.19 00:00,19.42,19.63,19.26,19.61,46397000
2023.07.20 00:00,19.59,19.78,19.46,19.63,33598400
2023.07.21 00:00,19.65,20.12,19.63,20.00,51458500
2023.07.24 00:00,20.08,20.50,20.06,20.42,45095800
2023.07.25 00:00,20.56,20.93,20.35,20.89,56186000
2023.07.26 00:00,20.86,21.04,20.64,20.89,45656400
2023.07.27 00:00,20.79,20.82,19.80,19.81,85962700
2023.07.28 00:00,19.83,20.19,19.76,20.06,43454200
2023.07.31 00:00,20.42,20.99,20.42,20.97,90927200
2023.08.01 00:00,20.95,20.95,20.19,20.62,75634100
2023.08.02 00:00,20.56,20.61,20.08,20.58,61557600
2023.08.03 00:00,20.85,20.98,20.64,20.84,57042600
2023.08.04 00:00,20.69,20.99,20.04,20.22,120374300
2023.08.07 00:00,20.12,20.56,20.12,20.35,44776600
2023.08.08 00:00,20.16,20.48,20.03,20.37,34691500
2023.08.09 00:00,20.36,20.70,20.33,20.53,48449600
2023.08.10 00:00,20.42,20.80,20.30,20.64,53207900
2023.08.11 00:00,20.63,20.92,20.33,20.60,39290400
2023.08.14 00:00,20.54,20.72,20.40,20.65,27845100
2023.08.15 00:00,21.60,21.67,20.79,20.80,87100800
2023.08.16 00:00,20.89,21.55,20.81,21.26,74208800
2023.08.17 00:00,21.40,21.70,21.10,21.19,57375400
2023.08.18 00:00,21.17,21.35,21.01,21.24,45156300
2023.08.21 00:00,21.36,21.59,20.87,21.10,41889800
2023.08.22 00:00,21.30,21.38,21.12,21.38,31149000
2023.08.23 00:00,21.79,22.52,21.71,22.52,94939900
2023.08.24 00:00,22.54,22.85,22.24,22.48,49235600
2023.08.25 00:00,22.61,22.68,22.21,22.33,33989200
2023.08.28 00:00,22.42,22.59,22.25,22.58,24891700
2023.08.29 00:00,22.63,22.70,22.34,22.63,40464800
2023.08.30 00:00,22.64,22.84,22.56,22.78,34565700
2023.08.31 00:00,22.85,22.90,22.27,22.31,48815600
2023.09.01 00:00,22.50,22.83,22.32,22.79,49981500
2023.09.04 00:00,22.82,22.85,22.50,22.55,21565400
2023.09.05 00:00,22.54,23.39,22.50,23.31,74911400
2023.09.06 00:00,23.29,23.61,23.20,23.41,57660500
2023.09.08 00:00,23.38,23.52,23.23,23.33,38825400
2023.09.11 00:00,23.38,23.53,23.28,23.31,30205700
2023.09.12 00:00,23.43,23.59,23.39,23.42,31864400
2023.09.13 00:00,23.50,23.54,23.07,23.07,47454100
2023.09.14 00:00,23.12,23.75,23.12,23.66,46426600
2023.09.15 00:00,23.66,23.74,23.47,23.67,54122400
2023.09.18 00:00,23.75,24.24,23.64,23.84,52272200
2023.09.19 00:00,23.89,24.18,23.79,23.89,43114100
2023.09.20 00:00,23.85,24.17,23.75,23.95,38954700
2023.09.21 00:00,23.75,23.95,23.49,23.58,59995900
2023.09.22 00:00,23.76,23.88,23.61,23.77,30938700
2023.09.25 00:00,23.71,23.98,23.70,23.92,26652000
2023.09.26 00:00,23.75,23.81,23.37,23.37,60540200
2023.09.27 00:00,23.65,24.11,23.59,24.11,53540300
2023.09.28 00:00,24.06,24.12,23.89,24.06,30677100
2023.09.29 00:00,24.10,24.23,23.92,24.19,40062400
2023.10.02 00:00,24.13,24.28,23.70,23.83,34261700
2023.10.03 00:00,23.73,23.91,23.49,23.73,37636800
2023.10.04 00:00,23.47,23.54,22.62,22.78,88012200
2023.10.05 00:00,22.71,23.01,22.55,22.86,35239300
2023.10.06 00:00,22.77,23.62,22.58,23.40,47913000
2023.10.09 00:00,23.85,24.50,23.82,24.41,77277700
2023.10.10 00:00,24.37,24.68,24.26,24.59,48142800
2023.10.11 00:00,24.54,24.62,24.09,24.53,41302800
2023.10.13 00:00,25.00,25.39,24.99,25.34,66759400
2023.10.16 00:00,25.42,25.70,25.11,25.62,49442000
2023.10.17 00:00,25.63,26.31,25.58,26.31,68353500
2023.10.18 00:00,26.53,26.97,26.48,26.90,85736900
2023.10.19 00:00,26.79,26.87,26.48,26.78,55886400
2023.10.20 00:00,27.02,27.14,26.11,26.43,65992700
2023.10.23 00:00,25.55,25.70,24.63,24.69,103829000
2023.10.24 00:00,24.90,25.28,24.56,25.06,78505600
2023.10.25 00:00,25.20,25.34,24.97,25.19,32741100
2023.10.26 00:00,25.04,25.09,24.55,24.93,47626000
2023.10.27 00:00,25.29,25.46,24.56,24.75,45723300
2023.10.30 00:00,24.85,24.95,24.35,24.50,31224800
2023.10.31 00:00,24.45,24.57,24.09,24.26,36755800
2023.11.01 00:00,24.46,24.82,24.37,24.53,45902900
2023.11.03 00:00,25.00,25.07,24.48,24.82,30847300
2023.11.06 00:00,24.96,25.23,24.80,24.80,33583600
2023.11.07 00:00,24.49,24.74,24.21,24.39,48919900
2023.11.08 00:00,24.17,24.30,23.68,23.86,59742900
2023.11.09 00:00,24.10,24.55,24.00,24.36,56231100
2023.11.10 00:00,24.21,24.49,24.10,24.25,40004800
2023.11.13 00:00,24.22,24.97,24.21,24.93,44120000
2023.11.14 00:00,24.93,25.31,24.79,25.27,50888600
2023.11.16 00:00,25.13,25.49,24.79,24.83,72361200
2023.11.17 00:00,25.02,25.79,25.02,25.64,85895400
2023.11.20 00:00,25.68,25.99,25.33,25.66,67796900
2023.11.21 00:00,25.52,25.52,25.08,25.49,49721100
2023.11.22 00:00,25.26,25.45,24.79,25.45,58578300
2023.11.23 00:00,25.43,25.51,25.20,25.46,24068100
2023.11.24 00:00,25.32,25.93,25.12,25.53,53456200
2023.11.27 00:00,25.33,25.62,25.15,25.38,36996000
2023.11.28 00:00,25.46,25.78,25.44,25.77,36875900
2023.11.29 00:00,25.99,26.08,25.29,25.50,37528600
2023.11.30 00:00,25.67,26.00,25.51,25.99,58808800
2023.12.01 00:00,25.85,26.06,25.72,25.82,36811700
2023.12.04 00:00,25.65,25.73,25.23,25.27,35601900
2023.12.05 00:00,25.28,25.46,25.10,25.15,43234200
2023.12.06 00:00,25.01,25.19,24.25,24.25,64179200
2023.12.07 00:00,24.36,24.74,23.91,24.19,64723900
2023.12.08 00:00,24.40,25.00,24.23,24.96,53290700
2023.12.11 00:00,24.94,25.11,24.78,24.87,30613300
2023.12.12 00:00,25.01,25.04,24.47,24.67,30371500
2023.12.13 00:00,24.76,25.06,24.71,25.02,38992900
2023.12.14 00:00,25.33,25.87,25.22,25.57,58320000
2023.12.15 00:00,25.54,25.91,25.33,25.62,56299400
2023.12.18 00:00,25.88,26.27,25.75,25.94,44474300
2023.12.19 00:00,26.03,26.24,25.92,26.24,32183000
2023.12.20 00:00,26.33,26.59,26.27,26.33,38947900
2023.12.21 00:00,26.54,26.55,26.11,26.34,30511900
2023.12.22 00:00,26.42,26.64,26.33,26.59,31234700
2023.12.26 00:00,26.68,27.05,26.66,27.02,23466800
2023.12.27 00:00,27.01,27.09,26.88,27.04,19588500
2023.12.28 00:00,26.95,27.04,26.81,26.95,21421900
2024.01.02 00:00,27.10,27.43,27.07,27.35,24043800
2024.01.03 00:00,27.36,28.32,27.27,28.20,52300200
2024.01.04 00:00,28.32,28.48,27.87,27.96,45344900
2024.01.05 00:00,28.13,28.33,27.80,28.03,35783700
2024.01.08 00:00,27.78,27.82,27.22,27.82,35158100
2024.01.09 00:00,27.99,28.05,27.53,27.58,27279000
2024.01.10 00:00,27.58,27.70,27.15,27.32,27382000
2024.01.11 00:00,27.49,27.61,27.29,27.56,26564400
2024.01.12 00:00,27.87,28.03,27.63,27.63,24479500
2024.01.15 00:00,27.50,27.95,27.40,27.92,13818300
2024.01.16 00:00,27.95,28.08,27.56,27.58,31277700
2024.01.17 00:00,27.48,27.61,27.37,27.42,27577300
2024.01.18 00:00,27.61,27.61,27.19,27.31,22987200
2024.01.19 00:00,27.37,27.43,26.95,27.16,30971400
2024.01.22 00:00,27.14,27.37,26.95,27.29,22753700
2024.01.23 00:00,27.39,27.77,27.09,27.63,32498500
2024.01.24 00:00,27.71,27.90,27.34,27.42,25415300
2024.01.25 00:00,27.69,28.43,27.60,28.43,48655300
2024.01.26 00:00,28.30,29.02,28.16,28.92,41378200
2024.01.29 00:00,28.95,29.38,28.83,29.37,30547500
2024.01.30 00:00,29.08,29.49,28.99,29.18,34829000
2024.01.31 00:00,29.12,29.85,29.08,29.28,58548900
2024.02.01 00:00,29.52,30.31,29.44,30.09,61629200
2024.02.02 00:00,30.10,30.24,29.69,29.70,36485600
2024.02.05 00:00,29.68,30.17,29.63,29.83,27703000
2024.02.06 00:00,30.00,30.65,29.87,30.10,35474600
2024.02.07 00:00,30.05,30.55,29.98,30.55,30648100
2024.02.08 00:00,30.62,30.73,30.30,30.30,25589100
2024.02.09 00:00,30.50,30.64,29.89,29.89,30351400
2024.02.14 00:00,29.75,29.97,29.58,29.67,18315300
2024.02.15 00:00,29.68,30.62,29.57,30.62,33246400
2024.02.16 00:00,30.47,31.04,30.44,30.90,37186100
2024.02.19 00:00,30.95,31.08,30.81,31.05,12826700
2024.02.20 00:00,30.96,30.99,30.47,30.73,42375400
2024.02.21 00:00,30.73,30.92,30.49,30.77,20873800
2024.02.22 00:00,30.89,30.89,30.26,30.54,32162800
2024.02.23 00:00,30.50,30.57,30.12,30.33,46239800
2024.02.26 00:00,30.33,30.93,30.28,30.90,25885700
2024.02.27 00:00,30.91,30.99,30.68,30.86,27678100
2024.02.28 00:00,30.78,31.08,28.83,29.26,112322000
2024.02.29 00:00,29.38,29.85,28.84,29.05,61899800
2024.03.01 00:00,29.21,29.57,29.05,29.08,31239900
2024.03.04 00:00,29.15,29.50,28.97,29.01,21988000
2024.03.05 00:00,29.03,29.22,28.67,28.92,30293300
2024.03.06 00:00,29.10,29.56,29.03,29.56,45481000
2024.03.07 00:00,29.42,29.63,29.16,29.24,50199800
2024.03.08 00:00,25.99,26.82,25.41,26.14,230808300
2024.03.11 00:00,25.82,27.32,25.55,25.80,127579800
2024.03.12 00:00,26.31,26.95,26.17,26.65,76518200
2024.03.13 00:00,26.71,27.02,26.28,26.33,44738400
2024.03.14 00:00,26.59,26.72,26.17,26.22,39702700
2024.03.15 00:00,26.27,26.38,26.01,26.29,58763400
2024.03.18 00:00,26.35,26.58,25.70,26.30,35148600
2024.03.19 00:00,26.34,26.67,25.74,26.11,48345400
2024.03.20 00:00,26.22,26.59,25.92,26.56,38796600
2024.03.21 00:00,26.67,26.82,25.83,25.84,46900700
2024.03.22 00:00,25.99,26.22,25.64,26.09,34332500
2024.03.25 00:00,26.19,26.66,26.17,26.49,26800000
2024.03.26 00:00,26.54,26.54,26.18,26.25,24732100
2024.03.27 00:00,26.26,26.54,26.14,26.46,19247100
2024.03.28 00:00,26.42,27.16,26.40,27.04,31839700
2024.04.01 00:00,27.14,27.30,26.93,27.25,23517700
2024.04.02 00:00,27.37,27.98,27.34,27.95,45764000
2024.04.03 00:00,28.01,28.24,27.66,27.81,31375500
2024.04.04 00:00,27.85,28.58,27.09,27.42,164394400
2024.04.05 00:00,27.43,27.92,26.90,27.58,65409300
2024.04.08 00:00,27.53,28.27,27.31,27.96,36218200
2024.04.09 00:00,28.16,28.33,27.55,28.03,36721700
2024.04.10 00:00,28.03,28.76,27.98,28.66,55683800
2024.04.11 00:00,28.66,28.78,28.37,28.45,33002500
2024.04.12 00:00,28.75,28.99,28.01,28.19,39567400
2024.04.15 00:00,28.19,28.55,27.96,28.45,28560200
2024.04.16 00:00,28.24,28.74,28.19,28.58,37099300
2024.04.17 00:00,28.58,28.92,28.48,28.79,39033200
2024.04.18 00:00,28.95,29.38,28.70,28.84,45005400
2024.04.19 00:00,28.99,29.73,28.84,29.34,80354200
2024.04.22 00:00,29.50,30.10,29.33,30.04,51623700
2024.04.23 00:00,29.97,30.13,29.65,29.98,35369700
2024.04.24 00:00,30.07,30.39,29.83,29.84,45112500
2024.04.25 00:00,29.97,30.75,29.73,30.56,66394300
2024.04.26 00:00,30.71,31.07,30.54,30.97,31863400
2024.04.29 00:00,31.03,31.53,30.91,31.53,27739700
2024.04.30 00:00,31.42,31.57,31.13,31.43,36521300
2024.05.02 00:00,31.60,31.70,31.30,31.55,33114400
2024.05.03 00:00,31.75,31.75,30.78,31.13,45003900
2024.05.06 00:00,31.11,31.49,30.99,31.34,22867400
2024.05.07 00:00,31.33,31.72,31.21,31.72,23609100
2024.05.08 00:00,31.49,32.25,31.45,32.20,25153000
2024.05.09 00:00,32.04,32.65,31.95,32.52,27101000
2024.05.10 00:00,32.65,32.84,32.38,32.45,27895000
2024.05.13 00:00,32.57,32.75,32.39,32.48,18289200
2024.05.14 00:00,31.81,32.23,31.34,31.89,53514500
2024.05.15 00:00,29.34,30.28,29.26,29.96,131340500
2024.05.16 00:00,29.89,30.16,29.06,29.11,82640700
2024.05.17 00:00,29.14,29.20,28.49,28.63,66952700
2024.05.20 00:00,28.66,29.06,28.58,28.68,40159700
2024.05.21 00:00,28.71,28.94,28.54,28.62,27834500
2024.05.22 00:00,28.48,29.23,28.41,29.01,36384500
2024.05.23 00:00,29.22,29.43,28.54,28.72,47670900
2024.05.24 00:00,28.93,29.02,28.54,28.57,23536100
2024.05.27 00:00,28.65,28.93,28.63,28.88,13476500
2024.05.28 00:00,29.22,29.88,29.19,29.50,46213200
2024.05.29 00:00,29.43,29.59,29.22,29.46,30185500
2024.05.31 00:00,29.60,30.35,29.57,30.27,53871000
2024.06.03 00:00,30.30,30.38,30.00,30.10,43292200
2024.06.04 00:00,29.96,29.99,29.42,29.77,33787800
2024.06.05 00:00,29.85,29.99,29.71,29.81,18568000
2024.06.06 00:00,29.87,30.21,29.86,29.95,25891300
2024.06.07 00:00,29.82,30.02,28.76,28.82,45750800
2024.06.10 00:00,29.02,29.70,28.97,29.26,32484900
2024.06.11 00:00,29.50,29.65,29.26,29.39,30872600
2024.06.12 00:00,29.58,29.66,28.51,28.68,51984900
2024.06.13 00:00,28.74,28.97,27.90,28.39,46080900
2024.06.14 00:00,28.41,28.42,27.34,27.76,53457900
2024.06.17 00:00,27.55,28.12,27.44,27.87,40832700
2024.06.18 00:00,27.93,28.93,27.88,28.74,36007700
2024.06.19 00:00,28.74,28.92,28.48,28.76,20678300
2024.06.20 00:00,29.00,29.53,28.98,29.22,39323600
2024.06.21 00:00,29.26,29.59,29.12,29.40,44995400
2024.06.24 00:00,29.49,29.67,29.20,29.67,24404500
2024.06.25 00:00,29.66,29.72,29.43,29.65,18480700
2024.06.26 00:00,29.46,29.72,29.39,29.69,25476800
2024.06.27 00:00,30.03,30.39,29.88,30.19,37638400
2024.06.28 00:00,30.26,30.56,30.19,30.46,21987300
2024.07.01 00:00,30.67,31.03,30.57,30.93,24911900
2024.07.02 00:00,31.09,31.30,30.77,30.83,33200900
2024.07.03 00:00,30.98,31.05,30.23,30.29,38283300
2024.07.04 00:00,30.34,30.39,29.72,29.88,32413900
2024.07.05 00:00,29.98,30.14,29.71,30.04,32659000
2024.07.08 00:00,30.01,30.84,29.85,30.77,48741900
2024.07.09 00:00,30.78,30.98,30.64,30.77,34694500
2024.07.10 00:00,30.81,30.87,30.41,30.48,32797500
2024.07.11 00:00,30.55,30.78,30.51,30.69,17134200
2024.07.12 00:00,30.77,30.83,30.53,30.54,15751200
2024.07.15 00:00,30.66,31.01,30.58,30.82,22910700
2024.07.16 00:00,30.70,30.82,30.51,30.74,19423500
2024.07.17 00:00,30.77,30.97,30.69,30.90,24264100
2024.07.18 00:00,30.82,30.95,30.70,30.85,20963800
2024.07.19 00:00,30.82,31.04,30.73,30.97,30009900
2024.07.22 00:00,30.89,30.89,30.33,30.36,25666200
2024.07.23 00:00,30.36,30.42,29.97,29.97,25130400
2024.07.24 00:00,30.15,30.42,30.02,30.21,23725300
2024.07.25 00:00,30.07,30.22,29.84,30.17,19503200
2024.07.26 00:00,30.16,30.53,29.96,30.13,31863800
2024.07.29 00:00,30.03,30.20,29.16,29.53,39581200
2024.07.30 00:00,29.23,29.44,29.13,29.34,15911100
2024.07.31 00:00,29.66,29.95,29.59,29.95,28360300
2024.08.01 00:00,30.22,30.29,29.45,29.49,29634800
2024.08.02 00:00,29.40,29.46,28.60,28.60,36402400
2024.08.05 00:00,27.86,28.58,27.70,28.58,44474500
2024.08.06 00:00,28.50,29.35,28.29,29.08,35872800
2024.08.07 00:00,29.38,29.42,28.82,29.04,24923300
2024.08.08 00:00,29.10,29.58,28.95,29.50,29744500
2024.08.09 00:00,28.92,29.58,28.48,29.23,65987300
2024.08.12 00:00,29.46,30.27,29.46,29.89,39372000
2024.08.13 00:00,30.05,30.13,29.60,29.71,28465500
2024.08.14 00:00,29.77,30.42,29.75,30.23,37139900
2024.08.15 00:00,30.46,30.87,30.42,30.69,33096800
2024.08.16 00:00,30.56,31.04,30.45,30.82,35558500
2024.08.19 00:00,30.90,31.05,30.74,30.77,28009000
2024.08.20 00:00,30.82,30.97,30.33,30.65,27240700
2024.08.21 00:00,30.97,31.05,30.37,30.47,38172400
2024.08.22 00:00,30.64,30.66,30.30,30.51,26212700
2024.08.23 00:00,30.72,30.85,30.32,30.32,28832400
2024.08.26 00:00,31.12,32.56,31.00,32.52,101868400
2024.08.27 00:00,32.26,32.36,32.01,32.09,34781300
2024.08.28 00:00,32.01,32.76,31.87,32.55,43227700
2024.08.29 00:00,32.59,32.74,32.29,32.33,25305200
2024.08.30 00:00,32.24,32.59,31.96,32.36,84400900
2024.09.02 00:00,32.33,32.38,31.97,32.06,15178600
2024.09.03 00:00,31.88,31.91,31.55,31.67,35765400
2024.09.04 00:00,31.84,31.99,31.66,31.68,28778000
2024.09.05 00:00,31.77,31.97,31.48,31.48,26057100
2024.09.06 00:00,31.54,31.60,30.80,30.86,32869000
2024.09.09 00:00,31.10,31.44,30.91,31.20,30370300
2024.09.10 00:00,31.17,31.17,30.41,30.68,37167100
2024.09.11 00:00,31.04,31.09,30.31,30.65,32670900
2024.09.12 00:00,30.65,30.67,30.21,30.31,22002300
2024.09.13 00:00,30.50,30.86,30.07,30.17,34677600
2024.09.16 00:00,30.61,31.00,30.54,30.58,22490400
2024.09.17 00:00,30.55,30.57,30.17,30.44,23365300
2024.09.18 00:00,30.34,30.35,29.71,29.71,38529800
2024.09.19 00:00,30.06,30.23,29.75,29.81,24947300
2024.09.20 00:00,29.81,29.92,29.65,29.80,48136000
2024.09.23 00:00,29.91,30.38,29.77,30.11,28126300
2024.09.24 00:00,30.60,30.67,30.18,30.23,34830400
2024.09.25 00:00,30.49,30.77,30.38,30.45,38597600
2024.09.26 00:00,30.35,30.35,29.57,29.80,57818000
2024.09.27 00:00,29.90,29.90,29.53,29.68,34443500
2024.09.30 00:00,29.72,29.82,29.52,29.60,21055900
2024.10.01 00:00,29.60,30.84,29.45,30.39,49630200
2024.10.02 00:00,31.03,31.18,30.70,30.81,31968600
2024.10.03 00:00,30.77,31.27,30.58,31.18,30930200
2024.10.04 00:00,31.36,31.40,30.96,31.10,22472900
2024.10.07 00:00,31.27,31.55,31.15,31.54,36300100
2024.10.08 00:00,31.07,31.13,30.67,30.91,33969300
2024.10.09 00:00,30.72,30.84,30.42,30.59,30625800
2024.10.10 00:00,30.74,31.02,30.67,30.95,20501400
2024.10.11 00:00,30.91,30.95,30.67,30.92,16314300
2024.10.14 00:00,30.80,31.15,30.70,31.00,21893700
2024.10.15 00:00,30.58,30.75,30.46,30.74,28089100
2024.10.16 00:00,30.86,30.89,30.57,30.58,22910700
2024.10.17 00:00,30.58,30.58,30.16,30.35,22007500
2024.10.18 00:00,30.40,30.47,29.93,30.27,31813000
2024.10.21 00:00,30.41,30.45,29.75,29.80,28153300
2024.10.22 00:00,29.75,29.84,29.58,29.68,29042000
2024.10.23 00:00,29.52,29.54,29.24,29.31,30693000
2024.10.24 00:00,29.47,29.61,29.23,29.51,22986800
2024.10.25 00:00,29.56,29.99,29.47,29.71,32206900
2024.10.28 00:00,29.17,29.70,29.05,29.66,27444800
2024.10.29 00:00,29.86,29.94,29.43,29.60,25988500
2024.10.30 00:00,29.69,29.89,29.47,29.47,25930300
2024.10.31 00:00,29.48,29.63,29.29,29.52,25500400
2024.11.01 00:00,29.75,29.89,29.01,29.11,30416500
2024.11.04 00:00,29.51,29.55,29.08,29.18,24003600
2024.11.05 00:00,29.18,29.26,28.79,29.09,23990600
2024.11.06 00:00,28.81,29.15,28.80,29.10,28440800
2024.11.07 00:00,29.17,29.50,28.99,29.19,34081200
2024.11.08 00:00,29.47,29.85,29.21,29.74,49792700
2024.11.11 00:00,29.58,29.94,29.51,29.80,21446300
2024.11.12 00:00,29.89,30.50,29.87,30.35,39412300
2024.11.13 00:00,30.37,30.47,30.03,30.31,34090000
2024.11.14 00:00,30.35,30.68,30.30,30.63,30060900
2024.11.18 00:00,30.58,31.48,30.58,31.40,39004100
2024.11.19 00:00,31.32,31.48,30.95,31.07,26002700
2024.11.21 00:00,31.21,31.34,30.86,31.16,36048400
2024.11.22 00:00,31.82,32.74,31.62,32.40,85203800
2024.11.25 00:00,32.37,32.76,32.18,32.20,41119500
2024.11.26 00:00,32.35,32.47,32.11,32.16,35188200
2024.11.27 00:00,32.22,32.35,31.85,32.05,30600700
2024.11.28 00:00,31.90,32.30,31.55,31.72,33113500
2024.11.29 00:00,31.64,32.24,31.57,31.97,43990100
2024.12.02 00:00,31.97,32.38,31.87,32.18,31711800
2024.12.03 00:00,32.38,32.47,32.12,32.47,22536200
2024.12.04 00:00,32.47,32.76,32.04,32.26,31584400
2024.12.05 00:00,32.38,32.72,32.23,32.58,25214200
2024.12.06 00:00,32.58,32.63,32.02,32.08,31004900
2024.12.09 00:00,32.37,33.02,32.35,32.91,28548700
2024.12.10 00:00,33.12,33.23,32.97,33.03,21837600
2024.12.11 00:00,33.17,33.50,32.84,33.36,46900900
2024.12.12 00:00,33.09,33.23,32.58,32.76,38310600
2024.12.13 00:00,32.99,33.10,32.41,32.56,23151200
2024.12.16 00:00,32.64,32.70,32.33,32.42,21349400
2024.12.17 00:00,32.42,32.89,32.33,32.73,39617200
2024.12.18 00:00,32.71,32.82,31.88,31.88,58126400
2024.12.19 00:00,32.18,32.41,31.60,31.76,43268400
2024.12.20 00:00,31.76,31.92,31.37,31.49,59155000
2024.12.23 00:00,31.62,31.66,31.38,31.50,43785600
2024.12.26 00:00,31.50,31.82,31.47,31.62,22920700
2024.12.27 00:00,31.82,31.82,31.48,31.52,24155900
2024.12.30 00:00,31.63,32.15,31.62,31.99,22355600
2025.01.02 00:00,32.20,32.79,31.99,32.51,30046800
2025.01.03 00:00,32.60,32.74,32.11,32.16,23274100
2025.01.06 00:00,32.36,32.43,31.88,32.01,23760200
2025.01.07 00:00,32.31,32.93,32.09,32.69,37753300
2025.01.08 00:00,32.70,32.82,32.21,32.43,24483500
2025.01.09 00:00,32.44,32.68,32.44,32.57,11526600
2025.01.10 00:00,32.93,33.17,32.62,32.66,40311200
2025.01.13 00:00,32.97,33.18,32.68,32.77,22897100
2025.01.14 00:00,32.81,32.82,32.34,32.55,29173100
2025.01.15 00:00,32.65,32.99,32.53,32.97,32512700
2025.01.16 00:00,32.89,32.92,32.51,32.75,26733200
2025.01.17 00:00,32.72,33.06,32.58,32.89,39781800
2025.01.20 00:00,32.90,33.09,32.81,32.97,13912800
2025.01.21 00:00,32.80,33.02,32.46,32.97,23612200
2025.01.22 00:00,33.03,33.27,32.74,32.79,21832200
2025.01.23 00:00,32.82,33.07,32.44,32.56,26725700
2025.01.24 00:00,32.60,32.62,32.18,32.39,16203700
2025.01.27 00:00,32.33,32.97,32.24,32.87,29809700
2025.01.28 00:00,33.06,33.14,32.60,32.82,27621700
2025.01.29 00:00,32.89,33.00,32.50,32.62,18204400
2025.01.30 00:00,32.74,33.16,32.53,33.05,30916000
2025.01.31 00:00,33.05,33.92,32.93,33.32,37023300
2025.02.03 00:00,33.38,33.43,33.04,33.15,24877600
2025.02.04 00:00,32.97,33.02,32.55,32.82,34290300
2025.02.05 00:00,32.75,32.77,32.49,32.59,20539800
2025.02.06 00:00,32.57,32.82,32.44,32.52,17512400
2025.02.07 00:00,32.59,32.74,32.15,32.34,21429000
2025.02.10 00:00,32.54,32.74,32.46,32.56,17483300
2025.02.11 00:00,32.72,32.79,32.43,32.56,16624300
2025.02.12 00:00,32.40,32.49,31.92,32.07,37364500
2025.02.13 00:00,32.00,32.12,31.84,32.11,15351300
2025.02.14 00:00,32.21,33.22,32.18,33.10,40203500
2025.02.17 00:00,33.27,33.52,33.12,33.30,22615200
2025.02.18 00:00,33.35,33.98,33.34,33.91,44062600
2025.02.19 00:00,33.69,34.18,33.48,33.98,32648200
2025.02.20 00:00,33.96,34.10,33.87,34.03,26641200
2025.02.21 00:00,34.06,34.06,33.74,33.94,30061500
2025.02.24 00:00,34.03,34.04,33.42,33.70,27830300
2025.02.25 00:00,33.70,33.98,33.44,33.55,31960900
2025.02.26 00:00,33.81,33.81,33.37,33.55,27420200
2025.02.27 00:00,32.14,32.48,31.37,32.36,129693500
2025.02.28 00:00,32.26,32.31,31.66,31.76,55379900
2025.03.05 00:00,30.96,31.04,30.54,30.60,48552000
2025.03.06 00:00,30.77,31.05,30.08,30.29,47749600
2025.03.07 00:00,30.31,30.88,30.26,30.61,28055500
2025.03.10 00:00,30.57,30.60,30.06,30.60,34890800
2025.03.11 00:00,30.72,30.85,29.98,30.15,28613300
2025.03.12 00:00,30.20,30.41,30.02,30.15,20107200
2025.03.13 00:00,30.22,30.53,30.09,30.45,19171800
2025.03.14 00:00,30.59,31.61,30.38,31.38,41407500
2025.03.17 00:00,31.48,32.19,31.47,31.97,31107500
2025.03.18 00:00,31.99,32.19,31.75,31.99,14945300
2025.03.19 00:00,32.06,32.12,31.85,31.97,21096200
2025.03.20 00:00,31.97,32.25,31.61,32.04,46664900
2025.03.21 00:00,32.02,32.74,31.98,32.53,60953700
2025.03.24 00:00,32.44,32.66,32.27,32.49,20094300
2025.03.25 00:00,32.58,33.17,32.38,32.74,27976600
2025.03.26 00:00,32.84,33.27,32.84,33.05,26846300
2025.03.27 00:00,33.09,33.57,33.05,33.30,28378300
2025.03.28 00:00,33.28,33.49,32.79,33.09,22028300
2025.03.31 00:00,33.02,33.27,32.78,32.85,25991000
2025.04.01 00:00,32.97,33.57,32.89,32.97,19007900
2025.04.02 00:00,32.95,32.97,32.56,32.89,16549900
2025.04.03 00:00,31.96,32.09,31.48,31.82,65534800
2025.04.04 00:00,30.71,30.95,29.89,30.54,87150300
2025.04.07 00:00,29.99,30.55,29.27,29.33,85491400
2025.04.08 00:00,29.79,30.00,28.18,28.29,61781300
2025.04.09 00:00,27.68,29.69,27.44,29.44,106239400
2025.04.10 00:00,29.17,29.19,27.58,27.61,72290900
2025.04.11 00:00,27.85,28.55,27.21,28.16,65168300
2025.04.14 00:00,28.82,29.07,27.79,28.05,55466900
2025.04.15 00:00,28.05,28.17,27.39,27.40,57998500
2025.04.16 00:00,27.66,27.82,27.27,27.40,72887100
2025.04.17 00:00,27.77,28.23,27.58,27.93,65550100
2025.04.22 00:00,27.88,28.29,27.46,27.99,41446300
2025.04.23 00:00,28.38,28.77,27.61,27.68,71305100
2025.04.24 00:00,27.89,27.92,27.21,27.55,61483100
2025.04.25 00:00,27.47,27.82,27.34,27.63,35526900
2025.04.28 00:00,27.67,27.87,27.39,27.52,27248800
2025.04.29 00:00,27.43,27.89,27.29,27.67,32926200
2025.04.30 00:00,27.53,27.68,27.12,27.15,52412900
2025.05.02 00:00,27.34,27.89,27.13,27.89,32881800
2025.05.05 00:00,27.68,27.72,26.85,26.85,58788600
2025.05.06 00:00,27.26,27.51,27.12,27.29,52661500
2025.05.07 00:00,27.43,27.43,27.07,27.42,34964700
2025.05.08 00:00,27.69,28.09,27.57,27.80,44573000
2025.05.09 00:00,28.15,28.23,27.74,27.98,24979200
2025.05.12 00:00,28.88,29.12,28.65,28.65,53260200
2025.05.13 00:00,28.76,29.20,28.38,29.09,56020300
2025.05.14 00:00,28.97,29.08,28.70,28.89,27985800
2025.05.15 00:00,28.70,29.05,28.60,28.85,32259700
2025.05.16 00:00,28.82,29.11,28.66,28.99,47289000
2025.05.19 00:00,28.82,29.09,28.70,28.95,30121400
2025.05.20 00:00,29.01,29.34,28.92,29.07,33374600
2025.05.21 00:00,29.16,29.32,28.69,28.74,28622800
2025.05.22 00:00,28.64,28.65,28.25,28.36,42032400
2025.05.23 00:00,28.15,28.43,27.95,28.43,25709100
2025.05.26 00:00,28.48,28.54,28.19,28.34,21192400
2025.05.27 00:00,28.54,28.67,28.39,28.54,34315000
2025.05.28 00:00,28.67,28.72,28.45,28.45,30410000
2025.05.29 00:00,28.50,28.52,28.11,28.28,20708500
2025.05.30 00:00,28.20,28.31,27.97,27.97,44938900
2025.06.02 00:00,28.64,28.65,28.07,28.14,34934700
2025.06.03 00:00,27.78,28.17,27.33,28.06,59765500
2025.06.04 00:00,28.12,28.31,27.22,27.29,41700500
2025.06.05 00:00,27.43,27.56,27.16,27.30,23708600
2025.06.06 00:00,27.38,27.74,27.30,27.55,28283700
2025.06.09 00:00,27.17,27.40,26.84,27.12,44716700
2025.06.10 00:00,27.35,28.10,27.29,27.94,46151300
2025.06.11 00:00,28.17,28.97,28.17,28.87,52357300
2025.06.12 00:00,28.64,29.67,28.57,29.52,51551700
2025.06.13 00:00,30.79,30.84,29.91,30.25,74819900
2025.06.16 00:00,30.25,30.62,29.82,29.95,45382300
2025.06.17 00:00,30.11,30.77,30.10,30.63,57537500
2025.06.18 00:00,30.65,30.88,30.21,30.60,49520800
2025.06.20 00:00,30.43,30.83,30.34,30.52,84911200
2025.06.23 00:00,30.95,31.00,29.58,29.76,54007000
2025.06.24 00:00,29.09,29.61,28.96,29.17,48667700
2025.06.25 00:00,29.12,29.33,29.02,29.02,22999500
2025.06.26 00:00,29.15,29.38,29.11,29.25,17175700
2025.06.27 00:00,29.19,29.24,28.96,29.02,16394700
2025.06.30 00:00,29.02,29.28,28.92,29.18,23046300
2025.07.01 00:00,29.24,29.36,29.07,29.28,16963500
2025.07.02 00:00,29.36,29.98,29.27,29.80,28248100
2025.07.03 00:00,29.76,30.12,29.70,29.90,14287700
2025.07.04 00:00,29.76,30.04,29.73,29.87,9226000
2025.07.07 00:00,29.87,30.00,29.66,29.81,17896700
2025.07.08 00:00,29.82,30.30,29.78,30.24,28746500
2025.07.09 00:00,30.29,30.34,29.81,30.05,21959900
2025.07.10 00:00,29.76,30.15,29.49,29.98,23029900
2025.07.11 00:00,29.94,30.41,29.89,30.34,23910800
2025.07.14 00:00,30.34,30.47,29.87,29.94,24025500
2025.07.15 00:00,29.98,30.11,29.58,29.71,18619300
2025.07.16 00:00,29.66,29.71,29.26,29.56,27537100
2025.07.17 00:00,29.54,29.54,29.20,29.26,27432000
2025.07.18 00:00,29.20,29.38,28.45,28.82,57203100
2025.07.21 00:00,28.72,29.09,28.61,28.87,16365200
2025.07.22 00:00,28.87,29.36,28.82,29.15,24463300
2025.07.23 00:00,29.15,29.78,29.10,29.75,27285400
2025.07.24 00:00,29.69,29.77,29.43,29.70,17811600
2025.07.25 00:00,29.75,29.92,29.67,29.74,13317300
2025.07.28 00:00,29.90,30.15,29.46,29.77,27931100
2025.07.29 00:00,29.93,30.31,29.75,30.16,33191600
2025.07.30 00:00,30.03,30.53,30.01,30.47,26958900
2025.07.31 00:00,30.17,30.45,30.15,30.35,23423100
2025.08.01 00:00,30.50,30.60,29.79,29.95,24021300
2025.08.04 00:00,29.95,30.01,29.72,29.90,15143300
2025.08.05 00:00,29.88,30.14,29.78,30.04,20612900
2025.08.06 00:00,30.31,30.63,29.93,30.08,33414500
2025.08.07 00:00,30.35,30.55,30.15,30.25,20993000
2025.08.08 00:00,29.29,29.80,28.39,28.39,107069900
2025.08.11 00:00,28.56,28.85,28.43,28.56,27940000
2025.08.12 00:00,28.63,29.08,28.50,28.64,37864900
2025.08.13 00:00,28.64,28.70,28.28,28.43,38189700
2025.08.14 00:00,28.57,28.57,27.91,28.06,42995100
2025.08.15 00:00,27.99,28.10,27.65,28.05,54888600
2025.08.18 00:00,28.13,28.41,27.91,28.23,31462500
2025.08.19 00:00,28.08,28.11,27.76,27.93,39175600
2025.08.20 00:00,28.01,28.23,27.99,28.10,23653400
2025.08.21 00:00,28.10,28.30,27.90,28.17,23266000
2025.08.22 00:00,28.36,28.91,28.27,28.91,49754200
2025.08.25 00:00,28.91,29.20,28.86,29.08,21036700
2025.08.26 00:00,28.92,29.01,28.68,28.87,21742300
2025.08.27 00:00,28.89,29.11,28.80,29.09,16288000
2025.08.28 00:00,29.20,29.53,29.14,29.34,25744400
2025.08.29 00:00,29.34,29.74,29.27,29.51,28353200
2025.09.01 00:00,29.60,29.76,29.46,29.57,9804600
2025.09.02 00:00,29.41,29.83,29.41,29.72,19691600
2025.09.03 00:00,29.52,29.74,29.33,29.47,29769400
2025.09.04 00:00,29.41,29.71,29.34,29.47,24770500
2025.09.05 00:00,29.49,29.50,28.64,29.02,46075600
2025.09.08 00:00,29.25,29.38,28.95,29.14,18062100
2025.09.09 00:00,29.28,29.55,29.23,29.36,31240500
2025.09.10 00:00,29.37,29.92,29.33,29.89,35964500
2025.09.11 00:00,29.70,29.87,29.67,29.78,17496300
2025.09.12 00:00,29.84,30.07,29.56,29.58,19223000
2025.09.15 00:00,29.70,29.93,29.47,29.84,21905400
2025.09.16 00:00,29.98,30.06,29.73,29.91,19063600
2025.09.17 00:00,29.92,30.16,29.85,30.09,29053600
2025.09.18 00:00,30.14,30.19,29.59,29.80,25584300
2025.09.19 00:00,29.82,29.84,29.33,29.47,48745200
2025.09.22 00:00,29.41,29.86,29.26,29.76,21339500
2025.09.23 00:00,29.88,30.44,29.85,30.26,39776300
2025.09.24 00:00,30.51,30.96,30.42,30.95,36194300
2025.09.25 00:00,31.02,31.12,30.59,30.70,29502400
2025.09.26 00:00,30.82,31.06,30.50,30.60,27784600
2025.09.29 00:00,30.61,30.87,30.10,30.18,35620300
2025.09.30 00:00,30.07,30.26,29.56,29.85,48485400
2025.10.01 00:00,29.84,29.93,29.70,29.77,24783800
2025.10.02 00:00,29.77,29.80,29.43,29.49,25386400
2025.10.03 00:00,29.56,29.72,29.41,29.41,19669500
2025.10.06 00:00,29.60,29.63,29.13,29.14,21123600
2025.10.07 00:00,29.14,29.28,28.79,29.25,28964900
2025.10.08 00:00,29.49,29.49,28.94,29.08,17607500
2025.10.09 00:00,29.09,29.26,28.64,28.66,22774500
2025.10.10 00:00,28.56,28.61,28.34,28.40,50052200
2025.10.13 00:00,28.60,28.72,28.43,28.68,13843300
2025.10.14 00:00,28.41,28.90,28.35,28.48,28061200
2025.10.15 00:00,28.51,28.62,28.15,28.22,40123300
2025.10.16 00:00,28.22,28.28,27.90,27.94,28515200
2025.10.17 00:00,27.99,28.41,27.81,28.21,35674800
2025.10.20 00:00,28.18,28.37,27.97,28.22,31309000
2025.10.21 00:00,28.42,28.45,27.96,28.00,25397000
2025.10.22 00:00,28.23,28.49,28.10,28.32,27043800
2025.10.23 00:00,28.96,29.14,28.57,28.64,39948900
2025.10.24 00:00,28.75,28.89,28.28,28.31,24268800
2025.10.27 00:00,28.61,28.61,28.17,28.46,24738300
2025.10.28 00:00,28.37,28.79,28.23,28.45,24999000
2025.10.29 00:00,28.55,28.61,28.27,28.48,24833800
2025.10.30 00:00,28.39,28.61,28.23,28.36,22524600
2025.10.31 00:00,28.46,28.55,28.03,28.22,29421700
2025.11.03 00:00,28.35,28.91,28.27,28.56,54977300
2025.11.04 00:00,28.46,28.71,28.38,28.70,35035200
2025.11.05 00:00,28.75,29.36,28.66,29.27,40375500
2025.11.06 00:00,29.39,29.68,29.32,29.42,43435700
2025.11.07 00:00,29.62,30.53,29.27,30.53,97151600
2025.11.10 00:00,30.64,30.88,30.29,30.70,41064200
2025.11.11 00:00,30.87,31.73,30.79,31.50,68221300
2025.11.12 00:00,31.55,31.55,30.44,30.69,67646400
2025.11.13 00:00,30.70,31.25,30.66,30.82,38517200
2025.11.14 00:00,30.93,31.47,30.91,31.02,27343600
2025.11.17 00:00,31.08,31.38,31.05,31.19,63708200
2025.11.18 00:00,31.02,31.47,30.99,31.30,26520500
2025.11.19 00:00,31.12,31.29,30.87,31.14,48719300
2025.11.21 00:00,30.89,31.06,30.70,30.90,40821500
2025.11.24 00:00,30.89,31.07,30.70,30.87,38665600
2025.11.25 00:00,30.69,30.78,30.44,30.62,28431100
2025.11.26 00:00,30.72,30.75,30.45,30.58,25042100
2025.11.27 00:00,30.62,30.74,30.55,30.74,16087400
2025.11.28 00:00,30.62,30.65,29.69,30.16,60395900
2025.12.01 00:00,30.31,30.52,29.95,30.22,29489100
2025.12.02 00:00,30.29,30.43,29.83,30.43,25524100
2025.12.03 00:00,30.50,30.83,30.50,30.65,36630000
2025.12.04 00:00,30.82,31.07,30.79,30.85,33009700
2025.12.05 00:00,30.83,31.22,29.76,29.76,74405500
2025.12.08 00:00,29.95,30.35,29.88,30.04,30271600
2025.12.09 00:00,29.99,30.26,29.72,30.23,23863000
2025.12.10 00:00,30.25,30.35,29.92,30.30,22123700
2025.12.11 00:00,30.25,30.26,29.65,29.66,65231900
2025.12.12 00:00,29.80,30.09,29.73,29.97,39642000
2025.12.15 00:00,30.06,30.26,29.97,30.07,31898900
2025.12.16 00:00,29.91,29.91,29.04,29.16,52661900
2025.12.17 00:00,29.28,29.49,29.24,29.49,39337100
2025.12.18 00:00,29.60,29.68,29.25,29.32,34311000
2025.12.19 00:00,29.48,29.64,29.38,29.42,45683500
2025.12.22 00:00,29.65,29.91,29.51,29.51,35896900
2025.12.23 00:00,29.79,29.81,29.45,29.56,35703900
2025.12.26 00:00,29.56,29.68,29.37,29.66,20168200
2025.12.29 00:00,29.80,30.05,29.76,29.97,20588100
2025.12.30 00:00,30.04,30.19,29.89,30.06,16880600
2026.01.02 00:00,30.19,30.19,29.61,29.95,21602200
2026.01.05 00:00,29.94,30.01,28.99,29.45,48211400
2026.01.06 00:00,29.62,29.68,28.89,28.91,38095000
2026.01.07 00:00,28.94,29.09,28.80,29.09,28132900
2026.01.08 00:00,29.17,29.59,29.05,29.45,34125800
2026.01.09 00:00,29.42,29.98,29.39,29.55,27959000
2026.01.12 00:00,29.55,29.81,29.46,29.61,18947400
2026.01.13 00:00,29.61,30.54,29.61,30.37,54097100
2026.01.14 00:00,30.57,31.73,30.43,31.20,82309300
2026.01.15 00:00,30.72,31.14,30.66,31.00,26456600
2026.01.16 00:00,31.16,31.40,31.09,31.25,70884000
2026.01.19 00:00,31.17,31.41,31.12,31.37,12852900
2026.01.20 00:00,31.37,31.72,31.15,31.49,26300000
2026.01.21 00:00,31.70,32.72,31.63,32.60,93270900
2026.01.22 00:00,32.55,33.29,32.44,32.75,71516300
2026.01.23 00:00,33.11,34.60,33.04,34.17,68581700
2026.01.26 00:00,34.49,34.82,34.17,34.49,39869600
2026.01.27 00:00,34.63,35.55,34.49,35.24,47265800
2026.01.28 00:00,35.65,36.51,35.60,36.42,46054700
2026.01.29 00:00,37.06,37.63,36.63,36.77,58722800
2026.01.30 00:00,36.31,37.04,36.10,36.83,45761300
2026.02.02 00:00,35.94,36.32,35.71,36.32,38477700
2026.02.03 00:00,36.58,37.37,36.22,36.65,59587800
2026.02.04 00:00,36.52,36.79,36.06,36.59,37955800
2026.02.05 00:00,36.47,36.68,35.99,36.08,35933100
2026.02.06 00:00,36.29,36.35,35.55,35.74,27658400
2026.02.09 00:00,35.75,36.52,35.65,36.40,27089800
2026.02.10 00:00,36.40,36.65,36.00,36.43,24585300
2026.02.11 00:00,36.80,37.51,36.76,37.14,55860700
2026.02.12 00:00,37.11,37.11,35.89,36.19,39856000
2026.02.13 00:00,36.24,36.24,35.63,35.98,27479800
2026.02.18 00:00,36.15,36.46,35.94,36.27,32276700
2026.02.19 00:00,36.57,37.29,36.51,36.87,48355000
2026.02.20 00:00,36.74,37.03,36.52,37.03,51703600
2026.02.23 00:00,37.03,38.28,36.91,37.64,55061500
2026.02.24 00:00,37.90,38.68,37.90,38.59,43263600
2026.02.25 00:00,38.95,38.98,38.06,38.59,25812300
2026.02.26 00:00,38.33,38.82,38.01,38.63,29919100
2026.02.27 00:00,38.93,39.27,38.36,38.36,38721000
2026.03.02 00:00,40.28,40.50,39.52,40.11,83817000
2026.03.03 00:00,40.67,40.96,39.74,39.94,93893800
2026.03.04 00:00,39.94,40.15,38.94,39.50,50915600
2026.03.05 00:00,39.53,39.76,38.99,39.68,53079000
2026.03.06 00:00,40.86,42.05,40.40,41.07,87405500
2026.03.09 00:00,42.18,43.17,41.61,42.09,106586400
2026.03.10 00:00,41.26,42.03,40.99,41.87,56594900
2026.03.11 00:00,42.18,43.77,42.16,43.69,72699400
2026.03.12 00:00,44.27,44.95,43.11,43.89,85944400
2026.03.13 00:00,43.51,44.22,43.19,43.56,42477900
2026.03.16 00:00,43.77,44.85,43.69,44.45,40608700
2026.03.17 00:00,44.72,46.09,44.67,45.23,50857500
2026.03.18 00:00,45.54,45.98,45.40,45.84,54838600
2026.03.19 00:00,46.03,46.94,45.53,45.62,84608200
2026.03.20 00:00,45.63,46.08,43.81,44.54,77726600
2026.03.23 00:00,43.32,45.04,43.22,44.89,65053200
2026.03.24 00:00,45.25,46.76,45.22,46.10,56791300
2026.03.25 00:00,45.35,46.37,45.15,46.32,40470500
2026.03.26 00:00,46.42,47.27,46.34,46.83,59825200
2026.03.27 00:00,47.30,48.22,46.94,48.19,54057300
2026.03.30 00:00,48.52,49.44,48.27,48.44,51326100
2026.03.31 00:00,48.83,49.30,46.47,47.47,78788100
2026.04.01 00:00,46.52,46.88,45.61,46.20,66235700
2026.04.02 00:00,48.08,48.24,46.75,46.96,38483400
2026.04.06 00:00,46.80,47.79,46.70,47.73,27672700
2026.04.07 00:00,47.88,48.33,47.20,47.31,33214600
2026.04.08 00:00,43.59,45.49,43.43,45.46,87472100
2026.04.09 00:00,46.36,47.35,45.87,46.71,58119400
2026.04.10 00:00,46.35,47.82,46.35,47.82,42728400
2026.04.13 00:00,48.52,49.00,48.03,48.55,60872400
2026.04.14 00:00,48.38,48.42,46.49,46.70,58343300
2026.04.15 00:00,46.76,46.91,45.57,45.73,61776000
2026.04.16 00:00,46.12,47.48,45.60,47.38,54396100
2026.04.17 00:00,45.35,45.40,43.76,45.08,104967800
2026.04.20 00:00,46.07,46.31,45.36,45.86,41779500
2026.04.22 00:00,46.46,46.79,46.08,46.49,50923400
2026.04.23 00:00,46.72,47.43,46.26,47.12,38595500
2026.04.24 00:00,46.85,46.87,45.82,46.52,34837100
2026.04.27 00:00,46.58,47.51,46.53,46.73,31491100
2026.04.28 00:00,47.00,47.39,46.81,46.87,29331200
2026.04.29 00:00,47.45,48.63,47.35,48.29,47512000
2026.04.30 00:00,48.15,48.71,47.63,48.41,36529700
2026.05.04 00:00,48.61,49.17,48.25,48.67,41219300
2026.05.05 00:00,48.22,48.36,47.67,48.00,28048400
2026.05.06 00:00,46.07,46.84,45.96,46.63,61943400
2026.05.07 00:00,45.77,46.02,44.59,45.59,71146500
2026.05.08 00:00,45.76,45.92,45.05,45.05,32815100
2026.05.11 00:00,45.58,45.88,45.03,45.80,50565100
2026.05.12 00:00,45.62,45.62,44.78,45.06,80998900
2026.05.13 00:00,45.15,45.21,43.76,43.96,57168700
2026.05.14 00:00,43.86,44.75,43.78,44.39,47745500
2026.05.15 00:00,44.77,44.92,44.37,44.85,59218800
2026.05.18 00:00,44.49,45.83,43.87,45.81,57307600
2026.05.19 00:00,45.36,45.67,44.97,45.46,40918700
2026.05.20 00:00,45.15,45.78,43.93,43.99,52680000
2026.05.21 00:00,44.49,45.03,43.89,44.34,57598500
2026.05.22 00:00,44.13,44.14,43.27,43.88,39610500
2026.05.25 00:00,42.90,43.22,42.39,42.81,26420000
2026.05.26 00:00,42.77,43.20,42.57,42.85,36001300
2026.05.27 00:00,41.68,42.60,41.58,42.24,53706300
2026.05.28 00:00,42.51,42.59,41.67,41.93,37455200
2026.05.29 00:00,41.63,41.77,41.25,41.43,73196700
2026.06.01 00:00,41.82,42.43,41.39,41.79,73869800
2026.06.02 00:00,41.90,41.98,41.44,41.57,27273100
2026.06.03 00:00,41.65,41.87,41.25,41.25,42591300
2026.06.05 00:00,41.03,41.43,40.65,40.89,34530500
2026.06.08 00:00,41.20,41.32,40.83,41.22,33980800
2026.06.09 00:00,40.88,41.37,40.70,41.17,56663400
2026.06.10 00:00,41.21,42.04,41.01,41.65,44784200
2026.06.11 00:00,41.65,42.15,41.16,41.76,52275100
2026.06.12 00:00,41.06,41.53,40.82,41.18,34024700
2026.06.15 00:00,39.84,39.92,39.06,39.06,53871900
2026.06.16 00:00,38.45,38.78,38.20,38.54,36137000
2026.06.17 00:00,38.71,38.86,38.27,38.57,66848900
2026.06.18 00:00,38.30,39.09,37.41,38.85,53243700
2026.06.19 00:00,38.86,39.11,38.62,38.80,44595800
2026.06.22 00:00,38.75,39.21,38.48,39.17,35437700
2026.06.23 00:00,38.96,39.57,38.84,39.33,27309200
2026.06.24 00:00,38.90,38.98,38.13,38.29,59107400
2026.06.25 00:00,38.12,38.67,37.92,38.45,25132000
2026.06.26 00:00,38.07,38.25,37.93,38.06,23287800
2026.06.29 00:00,38.20,38.37,37.92,38.14,14899700
2026.06.30 00:00,38.17,38.18,37.74,37.80,31940600
2026.07.01 00:00,37.50,37.84,37.40,37.83,21053100
2026.07.02 00:00,37.89,38.46,37.65,37.96,21863900
2026.07.03 00:00,38.07,38.28,37.86,38.28,10369500
